CONSIDERAR?,TIPO,SITE,CHECK DOC,CÓD,DESCRIÇÃO,MÉTODO DOCNIX,Jan/2026,Fev/2026,Mar/2026,Abr/2026,Mai/2026,Jun/2026,Jul/2026,Ago/2026,Set/2026,Out/2026,Nov/2026,Dez/2026,Soma,Média,TC levantados?,OBS,Local de Análise,complexidade,N° Campanha Setembro,Qtde Campanha,Descrição MPR,campanha
SIM,LINHA,Sólidos P19,Não,10841-0,LIPANON RETARD CT 5 CAP AG,MPR00665,0.0,0.0,0.0,0.0,0.0,0.0,0.0,0.0,0.0,0.0,0.0,0.0,0.0,0.0,SIM,,CQ P30,3.0,0.0,5.666666666666667,LIPANON 250 MG CÁPSULA DURA DE LIBERAÇÃO RETARDADA,5.666666666666667
SIM,LINHA,Sólidos P01,Não,10850-0,MAXSULID 400MG 2 COMP AG,MPR00196,0.0,1.0,1.0,1.0,0.0,0.0,0.0,0.0,0.6815846756639093,0.26841532433609055,0.0,0.0,3.9499999999999997,0.32916666666666666,SIM,,CQ P30,2.0,1.0,5.333333333333333,MAXSULID 400 MG COMPRIMIDO,5.333333333333333
SIM,LINHA,Líquidos P24,Não,11287-0,"RINOSORO INF 0,9% SIC CT 24X1 FR PL 50ML",MPR00008,0.0,0.0,0.0,0.0,1.0,0.0,0.0,0.0,0.0,0.34509060261272656,0.47500000000000003,0.14892512077294687,1.9690157233856735,0.16408464361547279,SIM,,CQ P30,2.0,0.0,,"RINOSORO SIC 0,9 % SOLUÇÃO INFANTIL",
SIM,LINHA,Sólidos P01,Não,11290-0,MAXSULID 400MG CT 24X1X10 COMP,MPR00196,2.0,7.0,7.0,4.0,2.0,2.0,4.0,0.0,7.407923378319547,8.243888673934984,2.59818794774547,2.070543615676359,48.32054361567636,4.026711967973029,SIM,,CQ P30,2.0,2.0,5.333333333333333,MAXSULID 400 MG COMPRIMIDO,5.333333333333333
SIM,LINHA,Líquidos P24,Não,11301-0,RINOSORO 0.9% SIC CT 24X1 FR PL 50ML,MPR00008,0.0,2.0,0.0,0.0,1.0,0.0,2.0,0.0,1.0,0.6901812052254531,0.6049093973872735,0.49401572338567346,7.7891063259984,0.6490921938332,SIM,,CQ P30,2.0,0.0,,"RINOSORO SIC 0,9 % SOLUÇÃO INFANTIL",
SIM,LINHA,Líquidos P24,Não,11302-1,RINOSORO SIC 3% SOL SPR CT FR PL 50ML,MPR01284,0.0,0.0,0.0,0.0,0.0,0.0,1.0,1.0,0.0,0.0,0.0,0.0,2.0,0.16666666666666666,SIM,,CQ P30,2.0,0.0,,RINOSORO 3% SIC SOLUÇÃO SPRAY,
SIM,LINHA,Sólidos P01,Não,11311-0,LISADOR DISP 4X25X4 COMP,MPR00785,2.0,0.0,0.0,1.0,0.0,0.0,0.0,0.0,0.0,0.6901812052254531,0.9500000000000001,0.29785024154589373,4.938031446771347,0.4115026205642789,SIM,,CQ P30,3.0,0.0,5.285714285714286,LISADOR COMPRIMIDO,5.285714285714286
SIM,LINHA,Líquidos P24,Não,11313-0,RINOSORO GTS 30ML CT 48X1 FR PLAST,MPR00897,1.0,0.0,0.0,0.0,1.0,0.0,0.0,0.0,0.0,0.0,0.0,0.0,2.0,0.16666666666666666,SIM,,CQ P30,3.0,0.0,,"NEOSORO FLUID INFANTIL 9,0 MG/ML SOLUÇÃO NASAL",
SIM,LINHA,Sólidos P01,Não,11319-0,CAFILISADOR CT 12X2X8 COMP,MPR00461,0.0,0.0,0.0,0.0,0.0,0.0,0.0,0.0,0.0,0.0,0.0,0.0,0.0,0.0,SIM,,CQ P30,3.0,0.0,4.166666666666667,CAFILISADOR COMPRIMIDO / DORONA CAFI COMPRIMIDO / DIPIRONA 500 MG + CAFEÍNA 65 MG COMPRIMIDO,4.166666666666667
SIM,LINHA,Líquidos P24,Não,12016-0,MAGNOPYROL GTS CT 24X1 FR PL 10ML,MPR00996,0.0,0.0,0.0,0.0,0.0,0.0,0.0,0.0,0.0,0.0,0.0,0.0,0.0,0.0,SIM,,CQ P30,2.0,0.0,,MAGNOPYROL 500 MG/ML SOLUÇÃO GOTAS,
SIM,LINHA,Líquidos P24,Não,12017-0,MAGNOPYROL GTS CT 24X1 FR PL 20ML,MPR00996,0.0,0.0,0.0,0.0,0.0,0.0,0.0,0.0,0.0,0.6901812052254531,0.25981879477454695,0.0,0.9500000000000001,0.07916666666666668,SIM,,CQ P30,2.0,0.0,,MAGNOPYROL 500 MG/ML SOLUÇÃO GOTAS,
SIM,LINHA,Líquidos P24,Não,12303-0,"NEOCOFLAN 11,6MG/G GEL BG ALUM 1X60G",MPR01068,0.0,2.0,0.0,5.0,0.0,2.0,1.0,1.0,0.0,0.6901812052254531,0.9500000000000001,0.9880314467713469,13.6282126519968,1.1356843876664,SIM,,CQ P30,3.0,0.0,,"NEOCOFLAN 11,6MG/G GEL / CALMINEX DICLO 11,6MG/G GEL (NF)",
SIM,LINHA,Semissólidos P01,Não,12304-0,MASSAGEOL POM BG ALUM 1X15G,MPR00893,0.0,0.0,0.0,2.0,0.0,3.0,0.0,4.0,1.3631693513278187,1.2270118538976342,1.6401812052254532,1.9760628935426938,15.206425303993601,1.2672021086661334,SIM,,CQ P30,2.0,1.0,4.75,"MASSAGEOL 44,4MG/G + 20,0MG/G + 52,5MG/G POMADA",4.75
SIM,LINHA,Semissólidos P01,Não,12307-0,MASSAGEOL POM BG ALUM 1X30G,MPR00893,0.0,6.0,0.0,8.0,0.0,7.0,8.0,9.0,3.407923378319547,3.412620237356812,2.8500000000000005,3.6542755455394937,51.32481916121585,4.277068263434654,SIM,,CQ P30,2.0,1.0,4.75,"MASSAGEOL 44,4MG/G + 20,0MG/G + 52,5MG/G POMADA",4.75
SIM,LINHA,Líquidos P24,Não,12309-0,NEOSSOLVAN 6MG/ML XPE AD FR VD 1X120ML,MPR00030,0.0,0.0,0.0,0.0,0.0,0.0,0.0,0.0,0.6815846756639093,0.26841532433609055,0.0,0.0,0.95,0.07916666666666666,SIM,,CQ P30,2.0,0.0,,NEOSSOLVAN 6MG/ML XAROPE ADULTO,
SIM,LINHA,Líquidos P24,Não,12310-0,NEOSSOLVAN 3MG/ML XPE INF VD 1X120ML,MPR00095,0.0,0.0,0.0,0.0,0.0,0.0,0.0,0.0,0.0,0.0,0.0,0.0,0.0,0.0,SIM,,CQ P30,2.0,0.0,,NEOSSOLVAN 3MG/ML XAROPE INFANTIL,
SIM,LINHA,Líquidos P24,Não,12321-0,NEOPIRIDIN SPRAY FR VD 1X50ML,MPR00895,3.0,0.0,6.0,0.0,0.0,3.0,5.0,5.0,0.6815846756639093,1.6487777347869967,1.209818794774547,3.0585750624477064,28.598756267673156,2.383229688972763,SIM,,CQ P30,2.0,1.0,2.8,NEOPIRIDIN SOLUÇÃO SPRAY,2.8
SIM,LINHA,Terceiro,Não,12334-0,NEOPIRIDIN PAST CT ENV ALUM 3X4,MPR00973,10.0,7.0,6.0,8.0,11.0,14.0,13.0,10.0,14.306590955133823,14.495429069877527,14.365436543654367,9.722237787457084,131.88969435612282,10.990807863010234,SIM,,CQ P30,3.0,6.0,2.8333333333333335,NEOPIRIDIN PASTILHA,2.8333333333333335
SIM,LINHA,Aerossóis P45,Não,12339-0,MASSAGEOL AEROSSOL TUB ALUM 1X120ML,MPR00707,0.0,8.0,1.0,0.0,5.0,5.0,9.0,5.0,6.407923378319547,5.4831638530331706,5.009818794774548,3.5597948234058276,53.46070084953309,4.455058404127757,SIM,,CQ P30,2.0,2.0,3.9166666666666665,MASSAGEOL SOLUÇÃO AEROSSOL,3.9166666666666665
SIM,LINHA,Sólidos P19,Não,12349-0,PLESONAX 5MG COMP REV CT BL 1X20,MPR00992,0.0,3.0,3.0,0.0,6.0,0.0,3.0,0.0,4.098075472355246,2.5585275519700996,2.3844011697935295,2.228484034838819,26.269488228957698,2.189124019079808,SIM,,CQ P30,4.0,1.0,4.8,"PLESONAX 5,0 MG COMPRIMIDO REVESTIDO",4.8
SIM,LINHA,Líquidos P24,Não,12361-0,"NEOTOSS 7,5MG/5ML XPE INF FR 1X60ML",MPR00293,0.0,0.0,0.0,0.0,0.0,1.0,2.0,0.0,0.6815846756639093,0.9585965295615437,1.6401812052254532,0.5957004830917875,6.876062893542693,0.5730052411285578,SIM,,CQ P30,2.0,1.0,2.0,"DROPROPIZINA 1,5 MG/ML XAROPE PEDIÁTRICO GENÉRICO",2.0
SIM,LINHA,Líquidos P24,Não,12362-0,NEOTOSS 15MG/5ML XPE AD FR 1X100ML,MPR00294,0.0,3.0,2.0,6.0,0.0,0.0,5.0,0.0,3.3631693513278185,1.9171930591230875,2.590181205225453,0.893550724637681,24.76409434031404,2.063674528359503,SIM,,CQ P30,2.0,2.0,2.5,"DROPROPIZINA 3,0MG/ML XAROPE ADULTO GENÉRICO",2.5
SIM,LINHA,Líquidos P01,Não,12364-0,HISTAMIN 2MG/5ML XPE FR VD AMB 1X100ML,MPR00496,0.0,4.0,7.0,18.0,15.0,0.0,22.0,8.0,19.676447540269912,28.949532232170036,26.51873156342183,19.47718676902594,168.62189810488772,14.051824842073977,SIM,,CQ P30,2.0,3.0,9.25,HISTAMIN 2MG/5ML XAROPE,9.25
SIM,LINHA,Sólidos P19,Não,12378-0,PLESONAX 5MG COMP REV CT BL 25X4,MPR00992,0.0,0.0,0.0,2.0,0.0,0.0,1.0,1.0,0.17999575097953852,0.30820971608044184,0.8013176007866274,1.019232439827284,6.308755507673892,0.525729625639491,SIM,,CQ P30,4.0,1.0,4.8,"PLESONAX 5,0 MG COMPRIMIDO REVESTIDO",4.8
SIM,LINHA,Líquidos P24,Não,12384-0,NEOSORO FLUID INF SOL NASAL FR 1X30ML,MPR00897,1.0,1.0,0.0,0.0,0.0,0.0,1.0,0.0,0.6815846756639095,0.26841532433609055,0.0,0.0,3.95,0.32916666666666666,SIM,,CQ P30,3.0,0.0,,"NEOSORO FLUID INFANTIL 9,0 MG/ML SOLUÇÃO NASAL",
SIM,LINHA,Líquidos P24,Não,12386-0,ASSEPTCARE 10MG/ML SOL SPRAY FR 1X50ML,MPR00919,0.0,0.0,0.0,0.0,1.0,0.0,1.0,1.0,1.3631693513278187,1.2270118538976342,0.9500000000000001,0.29785024154589373,6.838031446771347,0.5698359538976122,SIM,,CQ P30,3.0,1.0,2.25,MERTHIOLATE 10MG/ML SOLUÇÃO AQUOSA,2.25
SIM,LINHA,Estéreis P23 CO,Não,12392-0,CLANISTIL SOL OFT CT FR 1X15ML,MPR00255,0.0,3.0,8.0,2.0,6.0,2.0,7.0,3.0,1.9371353939921636,2.7244322419117557,0.7384323640960809,0.0,36.400000000000006,3.0333333333333337,SIM,,CQ P30,2.0,1.0,2.888888888888889,CLANISTIL SOLUÇÃO GOTAS,2.888888888888889
SIM,LINHA,Líquidos P24,Não,12407-0,CLOR DE AMBROXOL 6MG/ML XPE AD 1X120ML,MPR00027,0.0,0.0,0.0,0.0,0.0,0.0,1.0,0.0,0.0,0.0,0.0,0.0,1.0,0.08333333333333333,SIM,,CQ P30,2.0,0.0,,CLORIDRATO DE AMBROXOL 6MG/ML XAROPE ADULTO GENÉRICO,
SIM,LINHA,Líquidos P24,Não,12409-0,CLOR DE AMBROXOL 3MG/ML XPE INF 1X120ML,MPR00094,0.0,0.0,0.0,0.0,0.0,0.0,0.0,0.0,0.0,0.0,0.0,0.0,0.0,0.0,SIM,,CQ P30,2.0,0.0,,CLORIDRATO DE AMBROXOL 3MG/ML XAROPE INFANTIL GENÉRICO,
SIM,LINHA,Líquidos P01,Não,12410-0,MAL DEXCLORFENIRAM 2MG/5ML SOL 1X120ML,MPR00368,0.0,0.0,1.0,2.0,0.0,3.0,2.0,0.0,3.6815846756639092,1.6487777347869967,2.5901812052254534,1.5837319298631343,17.504275545539492,1.4586896287949578,SIM,,CQ P30,2.0,2.0,3.0,MALEATO DE DEXCLORFENIRAMINA 2MG/5ML SOLUÇÃO ORAL GENÉRICO,3.0
SIM,LINHA,Líquidos P24,Não,12417-0,"DICLO DIETILAMONIO 11,6MG/G GEL 1X60G",MPR00078,5.0,7.0,9.0,0.0,0.0,0.0,0.0,0.0,0.0,0.0,0.0,0.0,21.0,1.75,SIM,,CQ P30,2.0,0.0,5.142857142857143,"DICLOFENACO DIETILAMÔNIO  11,6MG/G GEL",5.142857142857143
SIM,LINHA,Penicilínicos,Não,12419-0,AMOXICILINA 500MG CAP CT BL 3X7,MPR00104,0.0,0.0,0.0,9.0,0.0,0.0,8.0,8.0,16.58693948628646,16.296141002546243,14.769637589549095,9.989203264992032,82.64192134337382,6.886826778614485,SIM,,CQ P30,2.0,2.0,9.933333333333334,AMOXICILINA 500 MG CÁPSULA DURA,9.933333333333334
SIM,LINHA,Sólidos P19,Não,12421-0,CAPTOPRIL 25MG COMP CT BL 2X15,MPR00351,0.0,0.0,0.0,0.0,0.0,0.0,0.0,0.0,0.8809413485350555,1.2389763878279723,1.2278654596996499,1.0969448472403625,4.44472804330304,0.37039400360858665,SIM,,CQ P30,2.0,1.0,5.0,CAPTOPRIL 25 MG COMPRIMIDO,5.0
SIM,LINHA,Sólidos P19,Não,12423-0,CLOR DE PROPRANOLOL 40MG COMP CT BL 2X15,MPR00042,3.0,0.0,2.0,0.0,1.0,4.0,6.0,5.0,2.784057919676071,1.0963917414258315,1.4239528023598822,0.614512077294686,26.918914540756475,2.243242878396373,SIM,,CQ P30,2.0,1.0,5.0,CLORIDRATO DE PROPRANOLOL 40MG COMPRIMIDO GENÉRICO,5.0
SIM,LINHA,Semissólidos P01,Não,12426-0,VAL BETAMETASONA 1MG/G CR BG ALUM 1X30G,MPR00072,0.0,5.0,10.0,0.0,0.0,17.0,0.0,0.0,0.0,0.0,0.0,0.0,32.0,2.6666666666666665,SIM,,CQ P30,3.0,0.0,7.666666666666667,"VALERATO DE BETAMETASONA 1,0MG/G  CREME",7.666666666666667
SIM,LINHA,Sólidos P19,Não,12432-0,METRONIDAZOL 250MG COMP CT BL 2X10,MPR00389,0.0,0.0,5.0,6.0,4.0,0.0,6.0,0.0,1.4062168045276446,1.9777359978322373,2.2163371381385932,1.4371117147112944,28.03740165520977,2.3364501379341474,SIM,,CQ P30,3.0,1.0,4.0,NEO METRODAZOL 250 MG COMPRIMIDO,4.0
SIM,LINHA,Líquidos P24,Não,12433-1,NIMESULIDA 50MG/ML SUSP GTS FR PL 1X15ML,MPR00699,0.0,0.0,0.0,0.0,0.0,0.0,0.0,0.0,0.0,0.0,0.6901812052254531,0.29785024154589373,0.9880314467713469,0.08233595389761224,SIM,,CQ P30,3.0,0.0,,NIMESULIDA 50 MG/ML SUSPENSÃO GOTAS,
SIM,LINHA,Sólidos P19,Não,12435-0,CLOR CIPROFLOXACINO 500MG CPRV CT BL 1X6,MPR00270,0.0,0.0,0.0,1.0,0.0,0.0,0.0,0.0,1.0468738934842547,0.06592453326107457,0.06533333333333333,0.020483735909822866,2.1986154959884856,0.18321795799904048,SIM,,CQ P30,2.0,1.0,8.666666666666666,CLORIDRATO DE CIPROFLOXACINO  500 MG COMPRIMIDO REVESTIDO,8.666666666666666
SIM,LINHA,Semissólidos P01,Não,12440-0,"PROP DE CLOBETASOL 0,5MG/G CR BG 1X30G",MPR00676,5.0,5.0,10.0,5.0,15.0,5.0,10.0,9.0,14.179016107966913,5.9817087129349,7.941087231352719,7.119589646811656,99.2214016990662,8.26845014158885,SIM,,CQ P30,3.0,3.0,5.5,"PROPIONATO DE CLOBETASOL 0,5 MG/G CREME",5.5
SIM,LINHA,Semissólidos P01,Não,12441-0,"PROP DE CLOBETASOL 0,5MG/G POM BG 1X30G",MPR00704,0.0,5.0,7.0,10.0,11.0,3.0,4.0,11.0,4.089508053983456,5.0613979721438085,6.82054361567636,5.833707958494415,72.80515760029805,6.0670964666915035,SIM,,CQ P30,2.0,1.0,5.333333333333333,"PROPIOSOL 0,5 MG/G POMADA",5.333333333333333
SIM,LINHA,Sólidos P19,Não,12454-0,PIROXICAM 20MG CAP CT BL 1X15,MPR00672,0.0,0.0,2.0,0.0,1.0,0.0,0.0,0.0,0.2343694674212741,0.3296226663053729,0.32666666666666666,0.17870213783074473,4.069360938224058,0.3391134115186715,SIM,,CQ P30,2.0,1.0,2.4,PIROXICAM 20 MG CÁPSULA DURA / FLOXICAM 20 MG CÁPSULA DURA,2.4
SIM,LINHA,Sólidos P19,Não,12456-0,BESILATO ANLODIPINO 5MG COMP CT BL 2X15,MPR00441,7.0,1.0,4.0,10.0,17.0,8.0,6.0,2.0,11.899036632388743,12.232161780686681,9.703704694842637,16.381483537944238,105.2163866458623,8.768032220488525,SIM,,CQ P30,4.0,3.0,4.538461538461538,BESILATO DE ANLODIPINO 5 MG COMPRIMIDO / TENSALIV 5 MG COMPRIMIDO,4.538461538461538
SIM,LINHA,Líquidos P24,Não,12465-0,ACEBROFILINA 5MG/ML XPE INF VD 1X120ML,MPR00687,0.0,0.0,0.0,0.0,0.0,0.0,2.0,0.0,0.6815846756639093,0.9585965295615437,0.25981879477454695,0.0,3.8999999999999995,0.32499999999999996,SIM,,CQ P30,2.0,0.0,,ACEBROFILINA 5 MG/ML XAROPE PEDIÁTRICO,
SIM,LINHA,Líquidos P24,Não,12466-0,ACEBROFILINA 10MG/ML XPE AD FR 1X120ML,MPR00686,0.0,0.0,0.0,0.0,0.0,0.0,0.0,0.0,0.0,0.6901812052254531,0.25981879477454695,0.0,0.9500000000000001,0.07916666666666668,SIM,,CQ P30,2.0,0.0,,ACEBROFILINA 10 MG/ML XAROPE ADULTO,
SIM,LINHA,Líquidos P24,Não,12467-0,"BROM IPRATROPIO 0,25MG/ML SOL FR 1X20ML",MPR00064,0.0,0.0,0.0,0.0,0.0,0.0,0.0,0.0,1.6815846756639092,0.26841532433609055,0.0,0.0,1.9499999999999997,0.16249999999999998,SIM,,CQ P30,3.0,0.0,,"BROMETO DE IPRATRÓPIO 0,25MG/ML SOLUÇÃO GOTAS",
SIM,LINHA,Sólidos P19,Não,12468-0,NAPROXENO SOD 550MG COMP REV CT BL 2X10,MPR00053,5.0,0.0,0.0,4.0,0.0,5.0,1.0,5.0,1.8749557393701928,2.636981330442983,2.6133333333333333,2.243302238752797,29.368572641899306,2.447381053491609,SIM,,CQ P30,3.0,1.0,11.3,NAPROXENO SÓDICO 550 MG COMPRIMIDO REVESTIDO /  NAPRONAX 550 MG COMPRIMIDO REVESTIDO / DORII PRO 550 MG COMPRIMIDO REVESTIDO,11.3
SIM,LINHA,Sólidos P19,Não,12469-0,NAPROXENO SOD 550MG COMP REV CT BL 1X10,MPR00053,14.0,11.0,2.0,0.0,7.0,18.0,11.0,15.0,10.761863299956463,13.924890457593753,13.333333333333332,4.180354267310788,120.20044135819433,10.016703446516194,SIM,,CQ P30,3.0,1.0,11.3,NAPROXENO SÓDICO 550 MG COMPRIMIDO REVESTIDO /  NAPRONAX 550 MG COMPRIMIDO REVESTIDO / DORII PRO 550 MG COMPRIMIDO REVESTIDO,11.3
SIM,LINHA,Sólidos P19,Não,12472-0,PIROXICAM 20MG CAP CT BL 1X10,MPR00672,0.0,0.0,3.0,0.0,0.0,0.0,0.0,1.0,0.23436946742127407,0.4694743260890504,0.37931384021632253,0.2804127798440996,5.363570413570748,0.44696420113089563,SIM,,CQ P30,2.0,1.0,2.4,PIROXICAM 20 MG CÁPSULA DURA / FLOXICAM 20 MG CÁPSULA DURA,2.4
SIM,LINHA,Sólidos P19,Não,12485-0,CLOR CIPROFLOXACINO 500MG CPRV CT 2X7,MPR00270,0.0,0.0,0.0,4.0,5.0,0.0,5.0,0.0,5.9814915593773925,1.3803925413913694,1.368013417408902,0.428908554540279,23.158806072717944,1.9299005060598287,SIM,,CQ P30,2.0,1.0,8.666666666666666,CLORIDRATO DE CIPROFLOXACINO  500 MG COMPRIMIDO REVESTIDO,8.666666666666666
SIM,LINHA,Sólidos P19,Não,12490-0,TENOXICAM 20MG COMP REV CT BL 1X10,MPR00362,1.0,0.0,1.0,0.0,0.0,1.0,0.0,0.0,0.7470526774053112,0.7688482567146495,0.6533333333333333,0.20483735909822867,5.374071626551523,0.44783930221262697,SIM,,CQ P30,3.0,1.0,2.0,TILOXINEO 20 MG COMPRIMIDO REVESTIDO,2.0
SIM,LINHA,Semissólidos P01,Não,12493-0,VAL BETAMETASONA 1MG/G SOL CAPIL 1X50ML,MPR01116,0.0,1.0,4.0,0.0,0.0,0.0,4.0,2.0,3.363169351327819,1.9171930591230875,3.280362410450907,1.8815821714090282,21.44230699231084,1.7868589160259034,SIM,,CQ P30,2.0,2.0,3.3333333333333335,VALERATO DE BETAMETASONA 1 MG/G SOLUÇÃO,3.3333333333333335
SIM,LINHA,Líquidos P24,Não,12494-0,NISTATINA + OXIDO DE ZINCO POM BG 1X60G,MPR00041,24.0,30.0,45.0,28.0,31.0,42.0,34.0,40.0,28.523726599912926,27.36544322731,25.273493468183737,25.274321014798126,380.4369843102048,31.703082025850403,SIM,,CQ P30,2.0,6.0,5.529411764705882,NISTATINA 100.000 UI/G + ÓXIDO DE ZINCO 200 MG/G POMADA GENÉRICO,5.529411764705882
SIM,LINHA,Líquidos P01,Não,12496-0,MAL DEXCLOR+BETAMETASONA XPE FR 1X120ML,MPR00696,0.0,5.0,2.0,0.0,4.0,0.0,4.0,7.0,0.6815846756639093,0.9585965295615437,2.330362410450906,2.2739131350885877,28.244456750764947,2.353704729230412,SIM,,CQ P30,2.0,1.0,3.6666666666666665,"MALEATO DE DEXCLORFENIRAMINA 0,4 MG/ML + BETAMETASONA 0,05 MG/ML XAROPE",3.6666666666666665
SIM,LINHA,Líquidos P24,Não,12499-0,CLOR TRAMADOL 100MG/ML A-2 FR 1X10ML,MPR00464,1.0,1.0,0.0,3.0,2.0,0.0,4.0,4.0,2.3631693513278185,2.6073742643485405,2.159818794774547,1.2858816883172406,23.416244098768146,1.9513536748973455,SIM,,CQ P30,3.0,1.0,3.0,CLORIDRATO DE TRAMADOL 100 MG/ML SOLUÇÃO GOTAS / NOVOTRAM 100 MG/ML SOLUÇÃO GOTAS,3.0
SIM,LINHA,Sólidos P01,Não,125-0,DORIL COMP BL 12X25X6,MPR00209,0.0,3.0,2.0,1.0,0.0,2.0,1.0,2.0,0.0,0.6901812052254531,1.6401812052254532,1.2858816883172406,14.616244098768147,1.2180203415640123,SIM,,CQ P30,3.0,0.0,3.0,DORIL COMPRIMIDO,3.0
SIM,LINHA,Sólidos P19,Não,12500-0,SIMETICONA 40MG COMP CT BL 2X10,MPR00781,0.0,0.0,0.0,2.0,0.0,1.0,0.0,2.0,0.4933323305115443,0.6938340558907548,0.6876118708646951,0.9275609925766498,7.802339249843644,0.6501949374869703,SIM,,CQ P30,2.0,1.0,2.0,"NEO DIMETICON 40,0 MG COMPRIMIDO",2.0
SIM,LINHA,Líquidos P24,Não,12502-0,"GUAIFENESINA CEREJ 13,3MG/ML XPE 1X120ML",MPR01106,0.0,0.0,0.0,1.0,0.0,0.0,0.0,0.0,0.6815846756639093,0.26841532433609055,0.0,0.0,1.9499999999999997,0.16249999999999998,SIM,,CQ P30,2.0,0.0,,"GUAIFENESINA 13,3MG/MLXAROPE CEREJA",
SIM,LINHA,Sólidos P19,Não,12503-0,MELOXICAM 15MG COMP CT BL 1X10,MPR00982,0.0,0.0,0.0,0.0,0.0,5.0,0.0,5.0,1.3304955166545989,1.871239818618219,1.854458860288601,1.2933985269419228,16.349592722503342,1.3624660602086118,SIM,,CQ P30,3.0,1.0,6.0,MELOXICAM 15 MG COMPRIMIDO,6.0
SIM,LINHA,Semissólidos P01,Não,12508-0,NIMESULIDA 20MG/G GEL BG 1X40G,MPR00705,7.0,0.0,0.0,0.0,10.0,0.0,8.0,0.0,0.0,0.6901812052254532,1.6401812052254534,2.666244098768147,29.996606509219053,2.4997172091015876,SIM,,CQ P30,2.0,0.0,4.666666666666667,NIMESULIDA 20 MG/G GEL,4.666666666666667
SIM,LINHA,Estéreis P55 CO,Não,12509-0,TART BRIMONIDINA 2MG/ML SOL GTS FR 1X5ML,MPR00253,0.0,1.0,0.0,2.0,0.0,0.0,1.0,0.0,0.0,0.5812797657014939,0.8001026009336687,0.2508534241574642,5.632235790792627,0.46935298256605223,SIM,,CQ P30,2.0,0.0,2.0,"TARTARATO DE BRIMONIDINA 2,0 MG/ML SOLUÇÃO GOTAS",2.0
SIM,LINHA,Sólidos P19,Não,12512-0,LOSARTANA POTAS 50MG COMP REV CT BL 2X15,MPR00130,42.0,46.0,58.0,44.0,49.0,24.0,30.0,40.0,30.626556377884192,44.48217716003761,44.134748085350786,28.145279570185807,480.38876119345844,40.032396766121536,SIM,,CQ P30,3.0,2.0,17.789473684210527,LOSARTANA POTÁSSICA 50 MG COMPRIMIDO REVESTIDO,17.789473684210527
SIM,LINHA,Sólidos P19,Não,12516-0,DIAZEPAM 5MG B-1 COMP CT BL 1X30,MPR00173,0.0,6.0,4.0,1.0,5.0,0.0,0.0,5.0,1.2786792579974122,1.7983642281051848,1.7822368055946944,2.694707796211783,28.553988087909076,2.3794990073257565,SIM,,CQ P30,3.0,1.0,4.666666666666667,DIAZEPAM (B-1) 5MG COMPRIMIDO,4.666666666666667
SIM,LINHA,Sólidos P19,Não,12517-0,DIAZEPAM 10MG B-1 COMP CT BL 2X15,MPR00175,0.0,0.0,0.0,6.0,0.0,5.0,0.0,5.0,2.4531136342078947,3.4501160315572377,3.419175981659912,2.4959553202812748,27.81836096770632,2.31819674730886,SIM,,CQ P30,2.0,0.0,,DIAZEPAM (B-1) 10 MG COMPRIMIDO,
SIM,LINHA,Sólidos P19,Não,12535-0,MAL DEXCLORFENIRAM 2MG COMP CT BL 1X20,MPR00673,0.0,0.0,1.0,0.0,0.0,0.0,1.0,0.0,1.4062168045276446,1.5030850637122768,1.0693411996066864,0.480949220273976,6.459592288120584,0.538299357343382,SIM,,CQ P30,4.0,1.0,5.142857142857143,MALEATO DE DEXCLORFENIRAMINA 2 MG COMPRIMIDO / HISTAMIN 2 MG COMPRIMIDO,5.142857142857143
SIM,LINHA,Sólidos P19,Não,12537-0,IBUPROFENO 400MG COMP CT BL 1X10,MPR00229,8.0,0.0,10.0,0.0,0.0,7.0,0.0,8.0,3.281172543897837,4.614717328275221,4.573333333333334,4.281767118407365,49.75099032391376,4.145915860326147,SIM,,CQ P30,2.0,1.0,8.6,IBUPROFENO COMPRIMIDO 400 MG,8.6
SIM,LINHA,Sólidos P19,Não,12562-0,NEO FEDIPINA 10MG COMP CT BL 1X30,MPR00738,1.0,0.0,0.0,0.0,0.0,1.0,1.0,0.0,0.0,0.6349168388424652,0.873931356480957,0.2740007006551406,4.782848895978562,0.39857074133154685,SIM,,CQ P30,2.0,0.0,2.6666666666666665,NEO FEDIPINA 10 MG COMPRIMIDO,2.6666666666666665
SIM,LINHA,Sólidos P19,Não,12564-0,NEO FEDIPINA 20MG COMP CT BL 1X30,MPR00588,4.0,0.0,0.0,0.0,2.0,3.0,3.0,0.0,1.6405862719489186,2.3073586641376105,2.286666666666667,0.7169307568438004,18.951542359597,1.5792951966330833,SIM,,CQ P30,2.0,1.0,3.8,NEO FEDIPINA 20 MG COMPRIMIDO,3.8
SIM,LINHA,Sólidos P19,Não,12571-0,NEOTAREN 50MG COMP REV CT BL 1X20,"MPR00142
MPR00143",0.0,0.0,1.0,2.0,0.0,1.0,1.0,0.0,0.0,0.0,0.0,0.0,5.0,0.4166666666666667,SIM,,CQ P30,4.0,0.0,,NEOTAREN COMPRIMIDO REVESTIDO 50 MG / DICLOFENACO SÓDICO 50 MG COMPRIMIDO REVESTIDO,
SIM,LINHA,Sólidos P19,Não,12589-0,NEO METRODAZOL 250MG COMP CT BL 2X10,MPR00389,1.0,0.0,0.0,0.0,0.0,1.0,0.0,0.0,0.0,0.0,0.0,0.0,2.0,0.16666666666666666,SIM,,CQ P30,3.0,0.0,4.0,NEO METRODAZOL 250 MG COMPRIMIDO,4.0
SIM,LINHA,Sólidos P19,Não,12597-0,CORTICORTEN 20MG COMP CT BL 2X10,MPR00286,7.0,6.0,0.0,7.0,8.0,5.0,7.0,6.0,9.936255886017612,5.536041766383983,5.4863954916155695,5.5706427118675785,72.52933585588474,6.0441113213237285,SIM,,CQ P30,2.0,2.0,8.6,CORTICORTEN 20 MG COMPRIMIDO / PREDNISONA 20 MG COMPRIMIDO,8.6
SIM,LINHA,Sólidos P19,Não,12598-0,CORTICORTEN 5MG COMP CT BL 1X20,MPR00476,0.0,1.0,1.0,0.0,1.0,0.0,1.0,1.0,2.497548837439406,0.6997642492361134,1.6136174821871734,1.3264884784746271,11.13741904733732,0.9281182539447766,SIM,,CQ P30,2.0,1.0,2.6,CORTICORTEN 5 MG COMPRIMIDO / PREDNISONA 5 MG COMPRIMIDO,2.6
SIM,LINHA,Sólidos P19,Não,12600-0,RENALAPRIL 5MG COMP CT ENV ALUM 3X10,MPR00435,0.0,0.0,1.0,0.0,1.0,0.0,1.0,1.0,0.0,0.0,0.0,0.0,4.0,0.3333333333333333,SIM,,CQ P30,3.0,0.0,,RENALAPRIL 5 MG COMPRIMIDO / MALEATO DE ENALAPRIL 5 MG COMPRIMIDO,
SIM,LINHA,Sólidos P19,Não,12601-0,RENALAPRIL 10MG COMP CT ENV ALUM 3X10,MPR00436,0.0,1.0,0.0,0.0,1.0,1.0,0.0,1.0,0.0,0.0,0.0,0.0,4.0,0.3333333333333333,SIM,,CQ P30,3.0,0.0,5.428571428571429,RENALAPRIL 10 MG COMPRIMIDO / MALEATO DE ENALAPRIL 10 MG COMPRIMIDO,5.428571428571429
SIM,LINHA,Sólidos P19,Não,12602-0,RENALAPRIL 20MG COMP CT ENV ALUM 3X10,MPR00437,0.0,3.0,0.0,2.0,0.0,1.0,3.0,0.0,0.0,0.0,0.0,0.0,9.0,0.75,SIM,,CQ P30,3.0,0.0,2.3333333333333335,RENALAPRIL 20 MG COMPRIMIDO / MALEATO DE ENALAPRIL 20 MG COMPRIMIDO,2.3333333333333335
SIM,LINHA,Sólidos P19,Não,12606-0,TORSILAX COMP CT BL 3X10,MPR00755,84.0,29.0,17.0,41.0,24.0,51.0,49.0,55.0,74.54556377884197,69.57685510021409,42.876755162241885,45.640805010474125,582.639979051772,48.55333158764767,SIM,,CQ P30,4.0,3.0,35.8636363636364,TORSILAX COMPRIMIDO / MIOFLEX A COMPRIMIDO,35.8636363636364
SIM,LINHA,Sólidos P19,Não,12614-0,NEO FOLICO 5MG COMP REV CT BL 1X20,MPR00743,2.0,0.0,2.0,4.0,0.0,0.0,1.0,3.0,3.941825019303543,2.731027839948131,2.7065364498423783,0.8485710898298083,22.22796039892386,1.852330033243655,SIM,,CQ P30,3.0,2.0,2.5,NEO FÓLICO 5 MG COMPRIMIDO REVESTIDO,2.5
SIM,LINHA,Semissólidos P01,Não,12658-0,LIDOGEL 2% CT BG ALUM 1X30G,MPR00004,0.0,2.0,0.0,4.0,0.0,0.0,0.0,0.0,1.3631693513278187,1.9171930591230875,1.9000000000000001,1.9760628935426938,13.1564253039936,1.0963687753328,SIM,,CQ P30,2.0,1.0,14.909090909090908,LIDOGEL  20 MG/G GELÉIA,14.909090909090908
SIM,LINHA,Sólidos P19,Não,12708-0,FLAVONID COMP REV CT BL 3X10,MPR00292,5.0,2.0,15.0,6.0,7.0,3.0,5.0,13.0,1.4062168045276446,1.9777359978322373,2.6720018779227934,4.481661116423961,66.53761579670665,5.5448013163922205,SIM,,CQ P30,4.0,1.0,6.913043478260869,FLAVONID COMPRIMIDO REVESTIDO E VELUNID COMPRIMIDO REVESTIDO,6.913043478260869
SIM,LINHA,Sólidos P19,Não,12746-0,VITAMINA B1 NEO QUIM 300MG CPRV CT 3X10,MPR00666,0.0,0.0,0.0,0.0,0.0,0.0,1.0,0.0,0.0,0.016951819075712884,0.34541789577187815,0.1802160375073034,1.5425857523548945,0.12854881269624122,SIM,,CQ P30,2.0,0.0,,VITAMINA B1 NEO QUÍMICA 300 MG COMPRIMIDO REVESTIDO,
SIM,LINHA,Líquidos P01,Não,12774-0,ALERGIDEX XPE CT FR PET 1X120ML,MPR00811,0.0,8.0,0.0,0.0,0.0,4.0,5.0,0.0,0.6815846756639093,0.26841532433609055,0.0,0.6901812052254531,18.640181205225453,1.5533484337687877,SIM,,CQ P30,2.0,1.0,2.0,ALERGIDEX XAROPE,2.0
SIM,LINHA,Sólidos P19,Não,12795-0,FLAVONID COMP REV CT BL 6X10,MPR00292,8.0,13.0,21.0,5.0,22.0,6.0,14.0,10.0,7.815846756639092,11.656294871912237,3.3775637569198453,4.150966969800275,126.00067235527145,10.500056029605954,SIM,,CQ P30,4.0,2.0,6.913043478260869,FLAVONID COMPRIMIDO REVESTIDO E VELUNID COMPRIMIDO REVESTIDO,6.913043478260869
SIM,LINHA,Semissólidos P01,Não,12973-0,LIDOGEL 2% GEL TOP CT BG 50X30G,MPR00004,1.0,27.0,25.0,11.0,16.0,0.0,0.0,0.0,8.860600783630822,13.842117294750974,17.700906026127267,11.478454472721499,131.88207857723057,10.990173214769214,SIM,,CQ P30,2.0,1.0,14.909090909090908,LIDOGEL  20 MG/G GELÉIA,14.909090909090908
SIM,LINHA,Estéreis P23,Não,13050-0,BAC SULFITRIN SOL INJ CT AMP 50X5ML,MPR00616,0.0,0.0,0.0,9.0,7.0,0.0,0.0,12.0,0.0,3.7051833122629585,5.1,1.5989855072463768,38.40416881950934,3.2003474016257782,SIM,,CQ P30,4.0,0.0,3.375,SULFITRIN SOLUÇÃO INJETÁVEL,3.375
SIM,LINHA,Sólidos P01,Não,13197-0,SENARETI 29MG COMP REV CT BL 2X10 LP,MPR00037,0.0,0.0,0.0,0.0,0.0,1.0,0.0,0.0,0.6815846756639093,0.26841532433609055,0.0,0.0,1.9499999999999997,0.16249999999999998,SIM,,CQ P30,2.0,1.0,3.0,SENARETI 29MG COMPRIMIDO REVESTIDO,3.0
SIM,LINHA,Líquidos P24,Não,13198-0,SENARETI 9MG/G GELEIA OR CT FR 1X150G LP,MPR00921,0.0,0.0,1.0,0.0,0.0,0.0,1.0,0.0,0.0,1.3803624104509062,0.5196375895490939,0.0,3.9,0.325,SIM,,CQ P30,2.0,0.0,,SENARETI 9MG/G GELEIA,
SIM,LINHA,Sólidos P19,Não,13350-0,GLIBENCLAMIDA 5MG COMP CT BL 1X30,MPR00090,0.0,15.0,7.0,9.0,18.0,17.0,0.0,17.0,6.815846756639094,8.895784090389984,8.55,3.7159239817512235,110.97755482878028,9.248129569065023,SIM,,CQ P30,3.0,1.0,9.2,"GLIBENCLAMIDA 5,0 MG COMPRIMIDO GENÉRICO",9.2
SIM,LINHA,Líquidos P24,Não,13351-0,SULF NEOMICINA+BACITRACINA POM BG 1X15G,MPR00717,0.0,0.0,0.0,0.0,0.0,0.0,0.0,0.0,2.0,0.0,0.0,0.0,2.0,0.16666666666666666,SIM,,CQ P30,1.0,1.0,2.0,SULFATO DE  NEOMICINA + BACITRACINA POMADA / EPICITRIN POMADA,2.0
SIM,LINHA,Sólidos P19,Não,13365-0,IBUFRAN 600MG COMP CT BL 3X10,MPR00038,0.0,1.0,0.0,0.0,0.0,0.0,0.0,0.0,1.2343694674212742,1.041599067485314,0.5946902654867257,0.3397441466090947,4.210402947002409,0.3508669122502008,SIM,,CQ P30,3.0,0.0,,IBUFRAN 600 MG COMPRIMIDO,
SIM,LINHA,Sólidos P19,Não,13598-0,DIPIRONA MONOIDRATADA 1G CP DISP BL 25X4,MPR00357,0.0,0.0,2.0,0.0,0.0,0.0,0.0,1.0,0.3112719489188797,0.43778010368682346,0.6748878441494592,0.5737827182463341,4.997722615001496,0.41647688458345805,SIM,,CQ P30,3.0,1.0,18.875,DIPIRONA MONOIDRATADA 1 G COMPRIMIDO / LISADOR DIP 1 G COMPRIMIDO / ATROVERAN DIP 1 G COMPRIMIDO / MIRADOR 1 G COMPRIMIDO / NEOSALDINA DIP 1 G COMPRIMIDO,18.875
SIM,LINHA,Sólidos P19,Não,13600-0,DIPIRONA MONOIDRATADA 1G COMP CT BL 1X10,MPR00357,21.0,11.0,18.0,9.0,7.0,55.0,31.0,17.0,29.112812107864478,25.548771928542884,27.824386043917052,20.873705540506077,272.3596756208305,22.696639635069207,SIM,,CQ P30,3.0,2.0,18.875,DIPIRONA MONOIDRATADA 1 G COMPRIMIDO / LISADOR DIP 1 G COMPRIMIDO / ATROVERAN DIP 1 G COMPRIMIDO / MIRADOR 1 G COMPRIMIDO / NEOSALDINA DIP 1 G COMPRIMIDO,18.875
SIM,LINHA,Sólidos P19,Não,13795-0,TORSILAX COMP CT BL 2X6,MPR00755,0.0,6.0,0.0,12.0,5.0,3.0,9.0,23.0,6.134262080975185,10.697912381730253,7.258912768647283,9.379094706755346,91.47018193810806,7.622515161509004,SIM,,CQ P30,4.0,1.0,35.8636363636364,TORSILAX COMPRIMIDO / MIOFLEX A COMPRIMIDO,35.8636363636364
SIM,LINHA,Sólidos P19,Não,13851-0,CIT SILDENAFILA 50MG COMP REV CT BL 1X2,MPR00586,0.0,0.0,0.0,1.0,0.0,1.0,0.0,0.0,0.1399220701022532,0.19678965152559577,0.05333802961593214,0.10626513450446884,2.49631488574825,0.20802624047902082,SIM,,CQ P30,3.0,1.0,4.222222222222222,CITRATO DE SILDENAFILA 50MG COMPRIMIDO REVESTIDO,4.222222222222222
SIM,LINHA,Sólidos P19,Não,13852-0,CIT SILDENAFILA 50MG COMP REV CT BL 1X4,MPR00586,20.0,0.0,7.0,13.0,15.0,11.0,16.0,12.0,13.134262080975185,7.93718756082844,8.290181205225455,4.06101458436395,127.42264543139302,10.618553785949418,SIM,,CQ P30,3.0,4.0,4.222222222222222,CITRATO DE SILDENAFILA 50MG COMPRIMIDO REVESTIDO,4.222222222222222
SIM,LINHA,Sólidos P19,Não,13906-0,BROMAZEPAM 3MG B-1 COMP CT BL 2X15,MPR00595,2.0,0.0,0.0,2.0,0.0,2.0,2.0,0.0,0.8355823810741371,1.1751824817367327,1.0304988312419998,1.7312088410072253,12.772472535060095,1.0643727112550079,SIM,,CQ P30,3.0,1.0,3.0,BROMAZEPAM 3 MG COMPRIMIDO,3.0
SIM,LINHA,Sólidos P19,Não,13908-0,BROMAZEPAM 6MG B-1 COMP CT BL 2X15,MPR00592,1.0,1.0,0.0,2.0,0.0,2.0,1.0,0.0,0.22025794067257168,0.30977588709933435,0.3069978699786998,1.5202047915464407,9.357236489297048,0.7797697074414206,SIM,,CQ P30,3.0,1.0,3.0,BROMAZEPAM 6 MG COMPRIMIDO,3.0
SIM,LINHA,Sólidos P19,Não,13920-0,CLOR TRAMADOL 50MG A-2 CAP CT BL 1X10,MPR00968,0.0,2.0,0.0,0.0,1.0,1.0,0.0,0.0,3.7031084022638225,0.9888679989161187,0.9800000000000001,1.019232439827284,10.691208841007226,0.8909340700839355,SIM,,CQ P30,3.0,2.0,3.0,CLORIDRATO DE TRAMADOL 50 MG CÁPSULA DURA / NOVOTRAM 50 MG CÁPSULA DURA,3.0
SIM,LINHA,Semissólidos P01,Não,14075-0,"FUROATO MOMETASONA CR 1,0MG/G BG 20G",MPR00168,0.0,0.0,1.0,1.0,0.0,2.0,0.0,0.0,0.0,0.6901812052254531,0.9500000000000001,0.9880314467713469,6.628212651996801,0.5523510543330667,SIM,,CQ P30,2.0,0.0,2.6666666666666665,"FUROATO DE MOMETASONA 1,0 MG/G CREME GENÉRICO / M-LIX 1,0 MG/G CREME",2.6666666666666665
SIM,LINHA,Sólidos P19,Não,14090-0,DICLOFENACO SOD 50MG COMP REV CT BL 1X20,"MPR00142 
MPR00147",0.0,0.0,14.0,11.0,0.0,10.0,18.0,0.0,7.327975620374401,9.61178839142501,6.952094395280236,5.884483373716156,82.7763417807958,6.898028481732983,SIM,,CQ P30,3.0,0.0,,DICLOFENACO SÓDICO 50 MG COMPRIMIDO REVESTIDO,
SIM,LINHA,Sólidos P01,Não,14822-0,CIPROFIBRATO 100MG COMP CT BL 2X15,MPR00084,0.0,0.0,23.0,10.0,0.0,0.0,15.0,0.0,12.316702945871427,6.071111353889776,7.5276908828977165,10.130466187301037,84.04597136995996,7.003830947496663,SIM,,CQ P30,3.0,2.0,9.75,CIPROFIBRATO COMPRIMIDO 100 MG GENERICO / CIBRATO COMPRIMIDO 100 MG / LIPNEO COMPRIMIDO 100 MG CLONE,9.75
SIM,LINHA,Sólidos P19,Não,15113-0,DIGEDRAT 200MG 30X30 CAP MOLE,MPR00375,0.0,0.0,0.0,1.0,0.0,0.0,0.0,0.0,0.0349896739919346,0.04921029074852239,0.04876898128608846,0.07937465596202566,1.2123436019885712,0.1010286334990476,SIM,,CQ P30,2.0,1.0,3.0,DIGEDRAT 200MG CÁPSULA MOLE,3.0
SIM,LINHA,Sólidos P19,Não,15114-0,DIGEDRAT 200MG 20X60 CAP MOLE,MPR00375,0.0,0.0,1.0,0.0,0.0,0.0,0.0,0.0,0.04647519150535044,0.06536378953112676,0.23139464718849762,0.11412291179585735,1.4573565400208321,0.12144637833506934,SIM,,CQ P30,2.0,1.0,3.0,DIGEDRAT 200MG CÁPSULA MOLE,3.0
SIM,LINHA,Sólidos P19,Não,15406-0,DIGEDRAT 200MG 10 UN CAP MOLE AG,MPR00375,0.0,0.0,0.0,1.0,0.0,0.0,0.0,0.0,0.0,0.0,0.0,0.0,1.0,0.08333333333333333,SIM,,CQ P30,2.0,0.0,3.0,DIGEDRAT 200MG CÁPSULA MOLE,3.0
SIM,LINHA,Sólidos P19,Não,15473-0,CIT SILDENAFILA 100MG COMP REV CT 1X4,MPR00680,0.0,0.0,0.0,0.0,0.0,0.0,0.0,0.0,0.0,0.0,0.2373184868991845,0.10241566723500996,0.33973415413419444,0.02831117951118287,SIM,,CQ P30,3.0,0.0,,CITRATO DE SILDENAFILA 100 MG COMPRIMIDO REVESTIDO,
SIM,LINHA,Hormônios,Não,15578-0,"LEVONORGESTREL 1,5MG COMP CT BL 1X1",MPR00993,0.0,0.0,0.0,0.0,0.0,0.0,0.0,0.0,0.0,0.0,0.0,0.0,0.0,0.0,SIM,,CQ P30,3.0,0.0,2.75,"NEODIA 1,5MG COMPRIMIDO",2.75
SIM,LINHA,Hormônios,Não,15579-0,"NEODIA 1,5MG COMP CT BL 1X1",MPR00993,0.0,0.0,0.0,0.0,0.0,0.0,3.0,0.0,5.771092729647366,6.019994501705353,5.700000000000001,4.5478262701771754,25.038913501529898,2.0865761251274915,SIM,,CQ P30,3.0,3.0,2.75,"NEODIA 1,5MG COMPRIMIDO",2.75
SIM,LINHA,Sólidos P19,Não,15603-0,LOXAM 15MG COMP CT BL 1X10,MPR00982,0.0,0.0,0.0,0.0,0.0,1.0,0.0,1.0,0.0,0.0,0.0,0.0,2.0,0.16666666666666666,SIM,,CQ P30,3.0,0.0,6.0,MELOXICAM 15 MG COMPRIMIDO,6.0
SIM,LINHA,Sólidos P19,Não,15771-0,IVERNEO 6MG COMP CT ENV 1X4,MPR00091,0.0,0.0,0.0,0.0,0.0,0.0,0.0,0.0,0.0,0.0,0.0,0.0,0.0,0.0,SIM,,CQ P30,3.0,0.0,3.2857142857142856,IVERNEO 6MG COMPRIMIDO / IVERMECTINA 6MG COMPRIMIDO,3.2857142857142856
SIM,LINHA,Cosmed P01,Não,158-0,GELOL POMADA BG 24X20G,MPR00929,0.0,0.0,0.0,3.0,0.0,6.0,3.0,0.0,5.044754026991727,2.8757895886846305,2.8499999999999996,0.893550724637681,23.664094340314033,1.972007861692836,SIM,,CQ P30,2.0,2.0,3.4285714285714284,"GELOL (SALICILATO DE METILA 52,5 MG/G + CÂNFORA 44,4 MG/G + LEVOMENTOL 20,0 MG/G) POMADA",3.4285714285714284
SIM,LINHA,Sólidos P19,Não,15852-0,MESALAZINA 800MG COMP REV CT BL 3X10,MPR00099,7.0,15.0,15.0,0.0,0.0,0.0,0.0,15.0,31.250859522173375,15.82347032969087,15.681568156815683,15.596234294884324,130.35213230356425,10.862677691963688,SIM,,CQ P30,4.0,5.0,7.4,MESALAZINA 800 MG COMPRIMIDO REVESTIDO,7.4
SIM,LINHA,Sólidos P19,Não,15871-0,MESALAZINA 400MG COMP REV CT BL 3X10,MPR00092,0.0,1.0,2.0,2.0,0.0,0.0,0.0,3.0,0.7031084022638224,0.9888679989161189,0.9800000000000002,1.0192324398272843,11.691208841007226,0.9742674034172688,SIM,,CQ P30,4.0,1.0,3.0,MESALAZINA 400 MG COMPRIMIDO REVESTIDO,3.0
SIM,LINHA,Líquidos P24,Não,15920-0,CELESTONE ELIXIR 1X120ML,MPR00190,0.0,0.0,1.0,0.0,0.0,0.0,0.0,0.0,0.0,1.3803624104509062,0.5196375895490939,0.0,2.9,0.24166666666666667,SIM,,CQ P30,2.0,0.0,,"CELESTONE 0,1 MG/ML ELIXIR",
SIM,LINHA,Sólidos P19,Não,15922-0,"CELESTONE COMP 0,5 MG 1X20",MPR00994,1.0,2.0,0.0,0.0,1.0,2.0,0.0,0.0,0.0,0.0,2.135929203539823,0.921768115942029,9.057697319481854,0.7548081099568211,SIM,,CQ P30,3.0,0.0,,"CELESTONE 0,5 MG COMPRIMIDO",
SIM,LINHA,Sólidos P19,Não,15923-0,CELESTONE COMP 2 MG 1X10,MPR00970,2.0,0.0,1.0,0.0,3.0,0.0,0.0,0.0,0.0,0.0,0.0,0.0,6.0,0.5,SIM,,CQ P30,3.0,0.0,2.0,CELESTONE 2 MG COMPRIMIDO,2.0
SIM,LINHA,Semissólidos P01,Não,15931-0,DIPROSONE CR 1X30G OR,MPR00068,4.0,1.0,1.0,0.0,3.0,2.0,0.0,4.0,2.3855463648236825,0.9394536351763169,1.3803624104509062,1.2858816883172406,20.991244098768146,1.749270341564012,SIM,,CQ P30,2.0,1.0,6.0,"DIPROSONE 0,64 MG/G CREME",6.0
SIM,LINHA,Líquidos P24,Não,15932-0,DIPROSALIC SOLUC 1X30ML,MPR00630,1.0,0.0,1.0,0.0,3.0,3.0,1.0,0.0,2.3631693513278185,1.9171930591230875,0.5196375895490939,0.6901812052254531,14.490181205225454,1.2075151004354545,SIM,,CQ P30,3.0,1.0,3.0,DIPROSALIC SOLUÇÃO,3.0
SIM,LINHA,Líquidos P24,Não,15933-0,DIPROSALIC POM 1X30G OR,MPR00631,1.0,0.0,0.0,1.0,0.0,1.0,1.0,1.0,1.6815846756639092,0.26841532433609055,0.0,0.0,6.95,0.5791666666666667,SIM,,CQ P30,3.0,1.0,3.0,DIPROSALIC  POMADA,3.0
SIM,LINHA,Líquidos P24,Não,15935-0,DIPROSONE POM 1X30G OR,MPR00070,0.0,2.0,0.0,0.0,1.0,0.0,1.0,0.0,0.6815846756639093,0.26841532433609055,0.0,0.0,4.95,0.41250000000000003,SIM,,CQ P30,3.0,1.0,2.0,"DIPROSONE 0,64 MG/G POMADA DERMATOLÓGICA",2.0
SIM,LINHA,Estéreis P23,Não,15936-0,DIPROSPAN HYPAK 1X1 ML,"MPR01368
MPR01369",0.0,0.0,0.0,1.0,2.0,0.0,0.0,1.0,0.0,1.235061104087653,0.4649388959123472,0.6175305520438265,6.317530552043826,0.5264608793369855,SIM,,CQ P30,3.0,0.0,,DIPROSPAN SUSPENSÃO INJETÁVEL / BECLONATO SUSPENSÃO INJETÁVEL,
SIM,LINHA,Dermocosméticos P22,Não,15937-1,EPISOL COLOR FPS30 CLARO EMU BG 40ML,MPR00799,0.0,0.0,0.0,0.0,0.0,0.0,0.0,0.0,0.0,0.0,0.0,0.0,0.0,0.0,SIM,,CQ P30,2.0,0.0,,EPISOL COLOR FPS30 CLARO EMULSÃO,
SIM,LINHA,Dermocosméticos P22,Não,15938-1,EPISOL COLOR FPS30 MEDIO EMU BG 40ML,MPR00057,0.0,0.0,0.0,0.0,0.0,0.0,0.0,0.0,0.0,0.0,0.0,0.0,0.0,0.0,SIM,,CQ P30,4.0,0.0,,EPISOL COLOR FPS30 MEDIO EMULSÃO ,
SIM,LINHA,Sólidos P19,Não,15939-0,FLUIR REFIL C/ 30 CAPS,MPR00036,0.0,0.0,2.0,0.0,0.0,0.0,1.0,0.0,0.11718473371063705,0.16481133315268645,0.04467059980334316,0.0,3.3266666666666667,0.2772222222222222,SIM,,CQ P30,3.0,1.0,3.0,FLUIR CÁPSULA DURA,3.0
SIM,LINHA,Sólidos P19,Não,15940-0,FLUIR REFIL C/ 60 CAPS,MPR00036,0.0,0.0,1.0,1.0,0.0,0.0,3.0,0.0,0.26095820942613723,1.5267209321642288,1.2480235988200592,0.307256038647343,8.342958779057769,0.6952465649214807,SIM,,CQ P30,3.0,1.0,3.0,FLUIR CÁPSULA DURA,3.0
SIM,LINHA,Cosmed P01,Não,15945-0,MILGAMMA 150MG 30 DRAG OR,MPR00296,0.0,0.0,1.0,0.0,0.0,0.0,2.0,0.0,2.5997945145842403,0.2362054854157597,0.0,0.0,5.836,0.48633333333333334,SIM,,CQ P30,4.0,2.0,2.0,MILGAMMA 150 MG DRÁGEA,2.0
SIM,LINHA,Sólidos P19,Não,15951-0,OXIMAX 400MCG + INAL C/ 30 CAPS,MPR00692,0.0,0.0,2.0,0.0,0.0,0.0,0.0,0.0,0.0,0.0,0.0,0.06407851689136362,2.064078516891364,0.17200654307428032,SIM,,CQ P30,3.0,0.0,2.0,OXIMAX 400 MCG CÁPSULA DURA,2.0
SIM,LINHA,Sólidos P19,Não,15952-0,OXIMAX 400MCG REFIL C/ 30 CAPS,MPR00692,0.0,0.0,1.0,0.0,0.0,0.0,0.0,1.0,0.0,0.0,0.0,0.0,2.0,0.16666666666666666,SIM,,CQ P30,3.0,0.0,2.0,OXIMAX 400 MCG CÁPSULA DURA,2.0
SIM,LINHA,Sólidos P19,Não,15953-0,POLARAMINE COMP REV 1X20,MPR00335,0.0,0.0,0.0,1.0,1.0,1.0,2.0,2.0,0.0,0.0,0.7119764011799411,0.307256038647343,8.019232439827285,0.668269369985607,SIM,,CQ P30,3.0,0.0,2.0,"POLARAMINE 2,0 MG COMPRIMIDO REVESTIDO",2.0
SIM,LINHA,Líquidos P24,Não,15954-0,POLARAMINE CR 1X30 OR,MPR00706,3.0,4.0,4.0,0.0,8.0,0.0,0.0,6.0,4.407923378319547,2.032257826905906,4.400906026127265,2.477282654500815,38.31836988585353,3.193197490487794,SIM,,CQ P30,2.0,1.0,5.0,POLARAMINE 10 MG CREME,5.0
SIM,LINHA,Líquidos P24,Não,15956-1,POLARAMINE GTS SOL OR 20ML,MPR00388 ,0.0,0.0,0.0,0.0,0.0,0.0,0.0,1.0,0.0,0.0,0.0,0.0,1.0,0.08333333333333333,SIM,,CQ P30,2.0,0.0,,"POLARAMINE 2,8 MG/ML SOLUÇÃO ORAL - GOTAS",
SIM,LINHA,Líquidos P24,Não,15957-0,POLARAMINE LIQ 1X120ML OR,MPR00385,1.0,1.0,2.0,0.0,0.0,0.0,0.0,4.0,0.0,2.7607248209018125,1.7294563843236408,0.29785024154589373,12.788031446771345,1.0656692872309455,SIM,,CQ P30,2.0,0.0,2.0,"POLARAMINE 0,4 MG/ML SOLUÇÃO ORAL - LÍQUIDO",2.0
SIM,LINHA,Sólidos P19,Não,15958-0,POLARAMINE DRAG REPETABS 1X12,"MPR00010 
MPR00011",3.0,0.0,0.0,3.0,0.0,0.0,0.0,4.0,0.7031084022638223,1.2167154844758876,1.1654628951939339,0.879996406478351,13.965283188411995,1.163773599034333,SIM,,CQ P30,3.0,0.0,,"POLARAMINE 6,0 MG DRÁGEAS REPETABS",
SIM,LINHA,Líquidos P24,Não,15959-2,PRATIUM 140MG/ML SUSP GTS 1X15ML,MPR01001,2.0,0.0,1.0,2.0,0.0,2.0,0.0,1.0,3.36316935132782,1.2270118538976342,0.9500000000000001,0.9880314467713469,14.5282126519968,1.2106843876664,SIM,,CQ P30,4.0,1.0,3.5,PRATIUM 140 MG/ML SUSPENSÃO GOTAS,3.5
SIM,LINHA,Sólidos P19,Não,15972-0,CLOR CICLOBENZAPRINA CPR 10MG 30UN MTC,MPR00364,0.0,0.0,1.0,1.0,1.0,2.0,2.0,0.0,4.7031084022638225,1.7008444000960599,1.2480235988200592,1.019232439827284,15.671208841007225,1.3059340700839355,SIM,,CQ P30,3.0,0.0,,CIZAX  10 MG COMPRIMIDO,
SIM,LINHA,Líquidos P24,Não,15980-1,IBUPROFENO 50MG/ML GTS 30ML MTC,MPR00787,0.0,1.0,0.0,0.0,0.0,0.0,3.0,4.0,2.0447540269917277,1.4954271782337247,1.6401812052254532,2.6662440987681464,15.84660650921905,1.3205505424349209,SIM,,CQ P30,4.0,0.0,,IBUPROFENO 50 MG/ML SUSPENSÃO GOTAS,
SIM,LINHA,Semissólidos P01,Não,16014-0,HISTAMIN CREME 10MG/G BG C/30G,MPR00619,10.0,8.0,0.0,10.0,10.0,10.0,0.0,8.0,10.860600783630822,16.602842115652788,13.21873156342183,8.405471335128896,105.08764579783433,8.757303816486194,SIM,,CQ P30,2.0,2.0,8.0,HISTAMIN 10 MG/G CREME,8.0
SIM,LINHA,Líquidos P24,Não,16023-0,DRAMAVIT B6 SOL OR CT FR PET 1X20 ML LP,MPR00323,1.0,6.0,2.0,0.0,4.0,6.0,4.0,8.0,11.815846756639093,9.585965295615436,9.5,7.809770852037109,69.71158290429163,5.809298575357636,SIM,,CQ P30,4.0,3.0,4.666666666666667,DRAMAVIT B6 SOLUÇÃO GOTAS,4.666666666666667
SIM,LINHA,Sólidos P01,Não,16046-0,BENEGRIP 500MG COMP REV BL 24X20,"MPR00047
MPR00066",3.0,2.0,0.0,0.0,1.0,1.0,1.0,2.0,3.0,0.0,0.6901812052254531,0.29785024154589373,13.988031446771346,1.1656692872309455,SIM,,CQ P30,4.0,0.0,,BENEGRIP COMPRIMIDO REVESTIDO VERDE / APRACUR DUO COMPRIMIDO REVESTIDO VERDE,
SIM,LINHA,Aerossóis P45,Não,161-0,GELOL AERO 12X60ML,MPR00927,0.0,1.0,1.0,0.0,0.0,2.0,0.0,1.0,0.6815846756639093,0.26841532433609055,0.6901812052254531,0.29785024154589373,6.9380314467713475,0.5781692872309456,SIM,,CQ P30,2.0,0.0,,"GELOL (SALICILATO DE METILA 39,4MG/ML + CÂNFORA 33,3MG/ML + LEVOMENTOL 8,3MG/ML) SOLUÇÃO AEROSSOL",
SIM,LINHA,Sólidos P01,Não,16148-0,LACTO PURGA COMP REV BL 24X1X16,MPR00230,0.0,0.0,1.0,1.0,0.0,1.0,0.0,0.0,0.6815846756639093,0.26841532433609055,0.6901812052254531,0.29785024154589373,4.938031446771347,0.4115026205642789,SIM,,CQ P30,3.0,1.0,2.4285714285714284,"LACTO PURGA 5,0 MG COMPRIMIDO REVESTIDO",2.4285714285714284
SIM,LINHA,Sólidos P01,Não,16149-0,DORIL COMP BL 24X20,MPR00209,0.0,0.0,0.0,0.0,0.0,0.0,0.0,1.0,0.0,0.0,0.0,0.0,1.0,0.08333333333333333,SIM,,CQ P30,3.0,0.0,3.0,DORIL COMPRIMIDO,3.0
SIM,LINHA,Semissólidos P01,Não,16155-0,DIPROSONE CR 5G AG,MPR00068,0.0,0.0,1.0,0.0,1.0,0.0,0.0,0.0,0.3407923378319546,0.13420766216804525,0.0,0.0,2.475,0.20625000000000002,SIM,,CQ P30,2.0,1.0,6.0,"DIPROSONE 0,64 MG/G CREME",6.0
SIM,LINHA,Líquidos P24,Não,16163-0,QUADRIDERM CR HUM 1X20G OR,MPR00503,0.0,3.0,0.0,0.0,1.0,0.0,1.0,0.0,1.0,0.6901812052254531,0.25981879477454695,0.0,6.95,0.5791666666666667,SIM,,CQ P30,4.0,1.0,3.0,QUADRIDERM CREME / QUADRILON CREME,3.0
SIM,LINHA,Líquidos P24,Não,16165-0,QUADRIDERM CR 5G AG,MPR00503,0.0,1.0,0.0,0.0,0.0,0.0,0.0,0.0,1.0,0.0,0.0,0.0,2.0,0.16666666666666666,SIM,,CQ P30,4.0,1.0,3.0,QUADRIDERM CREME / QUADRILON CREME,3.0
SIM,LINHA,Líquidos P24,Não,16167-0,QUADRIDERM POM 1X20G OR,MPR00470,0.0,1.0,0.0,0.0,2.0,0.0,0.0,1.0,2.6815846756639092,0.26841532433609055,0.6901812052254531,0.29785024154589373,7.9380314467713475,0.661502620564279,SIM,,CQ P30,4.0,2.0,2.0,QUADRIDERM POMADA / QUADRILON POMADA,2.0
SIM,LINHA,Líquidos P24,Não,16169-0,DIPROGENTA CR 1X5G AG,MPR00905,0.0,1.0,0.0,0.0,0.0,1.0,0.0,0.0,0.0,0.13803624104509063,0.05196375895490939,0.0,2.19,0.1825,SIM,,CQ P30,2.0,0.0,2.6666666666666665,"DIPROGENTA 0,64 MG/G CREME",2.6666666666666665
SIM,LINHA,Líquidos P24,Não,16171-0,DIPROGENTA CR 1X30G OR,MPR00905,0.0,1.0,0.0,0.0,2.0,1.0,2.0,0.0,2.6815846756639092,0.26841532433609055,0.6901812052254531,0.29785024154589373,9.938031446771348,0.8281692872309456,SIM,,CQ P30,2.0,2.0,2.6666666666666665,"DIPROGENTA 0,64 MG/G CREME",2.6666666666666665
SIM,LINHA,Líquidos P24,Não,16172-0,DIPROGENTA POM 1X30 OR,MPR00946,0.0,0.0,0.0,3.0,0.0,1.0,0.0,1.0,0.0,0.5521449641803624,0.20785503581963755,0.0,5.76,0.48,SIM,,CQ P30,3.0,0.0,2.0,"DIPROGENTA 0,64 MG/G POMADA",2.0
SIM,LINHA,Líquidos P24,Não,16176-0,DIPROSALIC POM 1X5G AG,MPR00631,0.0,0.0,0.0,1.0,0.0,0.0,0.0,1.0,0.0,0.0,0.0,0.0,2.0,0.16666666666666666,SIM,,CQ P30,3.0,0.0,3.0,DIPROSALIC  POMADA,3.0
SIM,LINHA,Líquidos P24,Não,16177-0,DIPROSALIC SOL 1X5ML AG,MPR00630,0.0,0.0,0.0,0.0,0.0,1.0,0.0,0.0,0.0,0.0,0.0,0.0,1.0,0.08333333333333333,SIM,,CQ P30,3.0,0.0,3.0,DIPROSALIC SOLUÇÃO,3.0
SIM,LINHA,Estéreis P23 CO,Não,16990-0,LACRILAX 5MG/ML SOL OFT CT FR 15ML,MPR00341,1.0,1.0,0.0,0.0,0.0,0.0,0.0,0.0,0.0,0.0,0.6538558786346398,0.2821739130434783,2.936029791678118,0.24466914930650985,SIM,,CQ P30,2.0,0.0,2.0,"LACRILAX 5,0 MG/ML SOLUÇÃO GOTAS",2.0
SIM,LINHA,Estéreis P23 CO,Não,17009-0,LACRILAX 5MG/ML SOL OFT CT FR 10ML,MPR00341,1.0,2.0,0.0,0.0,0.0,0.0,0.0,0.0,0.0,0.0,0.0,0.0,3.0,0.25,SIM,,CQ P30,2.0,0.0,2.0,"LACRILAX 5,0 MG/ML SOLUÇÃO GOTAS",2.0
SIM,LINHA,Estéreis P23 CO,Não,17031-0,TOBRAMICINA 3MG/ML SOL OFT FR C/ 5ML,MPR00241,8.0,3.0,26.0,6.0,10.0,15.0,0.0,0.0,0.0,5.230847029077118,1.9691529709228823,0.0,75.2,6.266666666666667,SIM,,CQ P30,2.0,0.0,4.0625,TOBRAMICINA 3 MG/ML SOLUÇÃO GOTAS,4.0625
SIM,LINHA,Sólidos P19,Não,17036-0,DORIL ENXAQUECA BL DISP 6X25X4 CPRV,MPR00108,0.0,10.0,9.0,1.0,5.0,7.0,10.0,11.0,11.093606152953125,8.570189323939696,8.493333333333334,6.222767674176678,87.37989648440285,7.281658040366904,SIM,,CQ P30,3.0,2.0,5.818181818181818,DORIL ENXAQUECA COMPRIMIDO REVESTIDO,5.818181818181818
SIM,LINHA,Estéreis P23 CO,Não,17042-0,COLIRIO NEO BRASIL SOL OFT FR C/20ML,MPR00277,5.0,10.0,0.0,2.0,0.0,9.0,0.0,0.0,9.039965171963429,8.790881857113687,3.276864728192162,0.5643478260869565,47.67205958335624,3.972671631946353,SIM,,CQ P30,2.0,3.0,3.8095238095238093,COLÍRIO NEO BRASIL SOLUÇÃO GOTAS,3.8095238095238093
SIM,LINHA,Terceiro,Não,17044-0,CEFALEXINA MONO 50MG/ML SUSP FR 100ML,MPR00304,0.0,3.0,2.0,3.0,0.0,2.0,1.0,0.0,9.02097364849292,12.687307008902785,12.573529411764708,3.9421355498721233,49.223945619032534,4.101995468252711,SIM,,CQ P30,3.0,3.0,4.0,CEFALEXINA MONOIDRATADA 50 MG/ML PÓ PARA SUSPENSÃO,4.0
SIM,LINHA,Sólidos P19,Não,17059-0,ALIVIUM 600MG CAP GEL MOLE CT BL 1X2 AG,MPR00769,0.0,1.0,0.0,0.0,1.0,0.0,1.0,0.0,1.0781231558070914,0.10987422210179099,0.10888888888888891,0.03413955984970478,4.331025826647476,0.36091881888728966,SIM,,CQ P30,2.0,1.0,2.6666666666666665,"ALIVIUM 600,0 MG CÁPSULA GELATINOSA MOLE",2.6666666666666665
SIM,LINHA,Sólidos P19,Não,17061-0,ALIVIUM 600MG CAP GEL MOLE CT BL 2X5,MPR00769,0.0,3.0,0.0,1.0,6.0,0.0,3.0,0.0,2.7031084022638225,0.9888679989161187,0.9800000000000001,0.3309885853533411,18.002964986533286,1.5002470822111071,SIM,,CQ P30,2.0,2.0,2.6666666666666665,"ALIVIUM 600,0 MG CÁPSULA GELATINOSA MOLE",2.6666666666666665
SIM,LINHA,Hormônios,Não,17078-0,"TIBOLONA 2,5 MG COMP CT BL 1X28",MPR00695,1.0,0.0,0.0,2.0,0.0,0.0,0.0,1.0,0.6815846756639093,0.9585965295615437,0.9500000000000001,0.29785024154589373,6.888031446771348,0.574002620564279,SIM,,CQ P30,3.0,1.0,4.0,"TIBOLONA 2,5 MG COMPRIMIDO / TIBIAL 2,5 MG COMPRIMIDO",4.0
SIM,LINHA,Sólidos P19,Não,17095-0,TAMARINE CAP 12MG CT 48X2X10,MPR00783,1.0,4.0,0.0,0.0,3.0,0.0,0.0,4.0,1.0806661322018403,1.7934479911025614,2.566740058770357,2.253334215467734,19.694188397542494,1.6411823664618745,SIM,,CQ P30,3.0,1.0,2.6666666666666665,TAMARINE 12 MG CÁPSULA DURA,2.6666666666666665
SIM,LINHA,Sólidos P19,Não,17096-0,TAMARINE CAP 12MG CT 4X25X4,MPR00783,0.0,1.0,0.0,0.0,0.0,0.0,0.0,1.0,0.0,0.0,0.0,0.0,2.0,0.16666666666666666,SIM,,CQ P30,3.0,0.0,2.6666666666666665,TAMARINE 12 MG CÁPSULA DURA,2.6666666666666665
SIM,LINHA,Sólidos P19,Não,17153-0,LORATADINA 10MG COMP CT 12 CP,MPR00445,0.0,6.0,3.0,9.0,3.0,6.0,2.0,5.0,3.0281846915110777,1.192531471353574,3.0663778612636583,1.323306661690415,42.61040068581873,3.5508667238182277,SIM,,CQ P30,3.0,1.0,10.125,LORATADINA 10 MG COMPRIMIDO E NEO LORATADIN 10 MG COMPRIMIDO,10.125
SIM,LINHA,Efervescentes P35,Não,17155-0,"RINOSORO JET 0,9% SPR NASAL FR 100ML",MPR00006,14.0,13.0,38.0,35.0,28.0,42.0,50.0,7.0,0.0,3.4509060261272655,18.553624104509066,7.446256038647343,256.4507861692837,21.370898847440305,SIM,,CQ P30,2.0,0.0,8.466666666666667,"RINOSORO JET 0,9% SOLUÇÃO",8.466666666666667
SIM,LINHA,Efervescentes P35,Não,17156-0,"RINOSORO JET 0,9% SPR NASAL 50ML AG TRIB",MPR00006,0.0,6.0,0.0,0.0,4.0,0.0,3.0,0.0,4.0,1.3803624104509062,0.5196375895490939,0.0,18.900000000000002,1.5750000000000002,SIM,,CQ P30,2.0,1.0,8.466666666666667,"RINOSORO JET 0,9% SOLUÇÃO",8.466666666666667
SIM,LINHA,Sólidos P19,Não,17175-0,MARACUGINA PI CT BL AL 420MG X 20,MPR01022,3.0,0.0,0.0,3.0,0.0,0.0,2.0,1.0,0.9243967831313511,1.3000931210556106,1.2884341085271322,0.695371923541785,13.20829593625588,1.1006913280213233,SIM,,CQ P30,2.0,1.0,3.0,MARACUGINA PI 420 MG COMPRIMIDO REVESTIDO E EQUILIBRISSE 420 MG COMPRIMIDO REVESTIDO,3.0
SIM,LINHA,Sólidos P01,Não,17257-0,ADDERA D3 7/000UI COMP REV BL 24X1X4,MPR00574,0.0,0.0,0.0,1.0,0.0,0.0,0.0,0.0,0.0,0.0,0.0,0.0,1.0,0.08333333333333333,SIM,,CQ P30,2.0,0.0,4.0,ADDERA D3 7.000 UI COMPRIMIDO REVESTIDO / DROPY D 7.000 UI COMPRIMIDO REVESTIDO,4.0
SIM,LINHA,Sólidos P01,Não,17258-0,ADDERA D3 7.000UI CT BL 24X10 CPRV,MPR00574,0.0,1.0,0.0,0.0,0.0,1.0,0.0,0.0,0.0,0.0,0.0,0.690181205225453,2.690181205225453,0.2241817671021211,SIM,,CQ P30,2.0,0.0,4.0,ADDERA D3 7.000 UI COMPRIMIDO REVESTIDO / DROPY D 7.000 UI COMPRIMIDO REVESTIDO,4.0
SIM,LINHA,Sólidos P01,Não,17259-0,ADDERA D3 7.000UI CT BL 24X30 COMP REV,MPR00574,0.0,2.0,0.0,2.0,1.0,1.0,0.0,0.0,0.0,0.6901812052254531,0.9500000000000001,0.9880314467713469,8.628212651996801,0.7190177209997334,SIM,,CQ P30,2.0,0.0,4.0,ADDERA D3 7.000 UI COMPRIMIDO REVESTIDO / DROPY D 7.000 UI COMPRIMIDO REVESTIDO,4.0
SIM,LINHA,Sólidos P01,Não,17260-0,ADDERA D3 10/000UI CPRV CT BL 24X4UN,MPR00664,0.0,0.0,0.0,0.0,0.0,0.0,0.0,0.0,0.0,0.0,0.0,0.0,0.0,0.0,SIM,,CQ P30,2.0,0.0,2.5,ADDERA D3 10.000 UI COMPRIMIDO REVESTIDO,2.5
SIM,LINHA,Sólidos P01,Não,17261-0,ADDERA D3 10/000UI CPRV CT BL 24X10UN,MPR00664,0.0,0.0,0.0,0.0,0.0,1.0,0.0,0.0,0.0,0.0,0.6901812052254531,0.29785024154589373,1.9880314467713467,0.16566928723094557,SIM,,CQ P30,2.0,0.0,2.5,ADDERA D3 10.000 UI COMPRIMIDO REVESTIDO,2.5
SIM,LINHA,Sólidos P01,Não,17263-0,ADDERA D3 50.000UI COMP REV BL 24X1X4,MPR00568,1.0,2.0,0.0,1.0,2.0,0.0,0.0,0.0,0.0,0.6901812052254531,0.25981879477454695,0.0,6.95,0.5791666666666667,SIM,,CQ P30,2.0,0.0,2.0,ADDERA D3 50.000 UI COMPRIMIDO REVESTIDO / DROPY D 50.000 UI COMPRIMIDO REVESTIDO,2.0
SIM,LINHA,Sólidos P01,Não,17264-0,ADDERA D3 50.000UI CT BL 24X10 COMP REV,MPR00568,0.0,0.0,0.0,0.0,0.0,1.0,0.0,0.0,0.0,0.0,0.0,0.0,1.0,0.08333333333333333,SIM,,CQ P30,2.0,0.0,2.0,ADDERA D3 50.000 UI COMPRIMIDO REVESTIDO / DROPY D 50.000 UI COMPRIMIDO REVESTIDO,2.0
SIM,LINHA,Líquidos P24,Não,17321-1,"PRATIUM 140MG/ML SUSP GTS 1X7,5ML AG",MPR01001,2.0,0.0,0.0,0.0,0.0,0.0,1.0,0.0,1.6815846756639092,0.9585965295615437,0.25981879477454695,0.6901812052254531,6.590181205225454,0.5491817671021212,SIM,,CQ P30,4.0,1.0,3.5,PRATIUM 140 MG/ML SUSPENSÃO GOTAS,3.5
SIM,LINHA,Sólidos P19,Não,17385-0,FLUIR C/30 CAPS NOVO INALAD,MPR00036,0.0,0.0,1.0,2.0,0.0,0.0,0.0,0.0,0.2343694674212741,0.09229719924539254,0.7119764011799411,0.307256038647343,4.345899106493951,0.3621582588744959,SIM,,CQ P30,3.0,1.0,3.0,FLUIR CÁPSULA DURA,3.0
SIM,LINHA,Cosmed P01,Não,17391-0,MILGAMMA 150MG 5 DRAG AG,MPR00296,0.0,0.0,0.0,0.0,0.0,0.0,1.0,0.0,0.0,0.0,0.0,0.0,1.0,0.08333333333333333,SIM,,CQ P30,4.0,0.0,2.0,MILGAMMA 150 MG DRÁGEA,2.0
SIM,LINHA,Sólidos P01,Não,17415-0,ENGOV CT ENV 12 COMP,MPR00575,0.0,1.0,1.0,0.0,0.0,1.0,1.0,0.0,0.6815846756639092,0.2684153243360905,0.690181205225453,0.9880314467713467,6.628212651996799,0.5523510543330666,SIM,,CQ P30,3.0,1.0,3.0454545454545454,ENGOV COMPRIMIDO,3.0454545454545454
SIM,LINHA,Sólidos P01,Não,17418-0,ENGOV COMP ENV 24X4X6,MPR00575,2.0,7.0,0.0,3.0,0.0,2.0,2.0,4.0,1.3631693513278185,1.917193059123087,0.5196375895490939,1.380362410450906,25.180362410450908,2.098363534204242,SIM,,CQ P30,3.0,1.0,3.0454545454545454,ENGOV COMPRIMIDO,3.0454545454545454
SIM,LINHA,Sólidos P19,Não,17459-0,VERTIGIUM 10MG COMP CT BL 2X25 ACLAR,MPR00663,0.0,4.0,0.0,0.0,0.0,3.0,4.0,4.0,1.6405862719489184,2.30735866413761,2.286666666666666,2.3782090262636624,23.612820629016856,1.9677350524180712,SIM,,CQ P30,3.0,1.0,7.0,VERTIGIUM 10 MG COMPRIMIDO,7.0
SIM,LINHA,Estéreis P23 CO,Não,17579-0,NEO FRESH 5MG/ML SOLU OFT FR 15ML,MPR00217,1.0,4.0,0.0,12.0,6.0,0.0,4.0,1.0,5.937135393992164,0.7628646060078363,0.0,0.0,34.7,2.891666666666667,SIM,,CQ P30,2.0,2.0,3.3333333333333335,"NEO FRESH 5,0 MG/ML SOLUÇÃO GOTAS",3.3333333333333335
SIM,LINHA,Sólidos P19,Não,17816-0,ADDERA D3 7.000UI CAP GEL CT 4UN,MPR00302,0.0,0.0,0.0,0.0,0.0,0.0,0.0,0.0,0.0,0.0,0.0,0.0,0.0,0.0,SIM,,CQ P30,2.0,0.0,6.071428571428571,ADDERA D3 7.000 UI CÁPSULA MOLE / NEO QUÍMICA VIT D 7.000 UI CÁPSULA MOLE,6.071428571428571
SIM,PROJETO,Sólidos P19,Não,17816-1,ADDERA D3 7.000UI CT BL 4 CAP MOLE,MPR00302,0.0,0.0,1.0,0.0,0.0,1.0,0.0,2.0,0.0,0.0,0.1366994690265487,0.11824122010297002,4.254940689129518,0.35457839076079317,SIM,,CQ P30,2.0,0.0,6.071428571428571,ADDERA D3 7.000 UI CÁPSULA MOLE / NEO QUÍMICA VIT D 7.000 UI CÁPSULA MOLE,6.071428571428571
SIM,LINHA,Sólidos P19,Não,17817-0,ADDERA D3 7/000UI CAP GEL CT 10UN,MPR00302,0.0,0.0,0.0,0.0,0.0,0.0,0.0,0.0,0.0,0.0,0.0,0.0,0.0,0.0,SIM,,CQ P30,2.0,0.0,6.071428571428571,ADDERA D3 7.000 UI CÁPSULA MOLE / NEO QUÍMICA VIT D 7.000 UI CÁPSULA MOLE,6.071428571428571
SIM,PROJETO,Sólidos P19,Não,17817-1,ADDERA D3 7.000UI CT BL 10 CAP MOLE,MPR00302,0.0,1.0,1.0,0.0,1.0,0.0,0.0,1.0,0.09374778696850965,0.13184906652214917,0.1306666666666667,0.04096747181964574,4.397230991976971,0.36643591599808095,SIM,,CQ P30,2.0,1.0,6.071428571428571,ADDERA D3 7.000 UI CÁPSULA MOLE / NEO QUÍMICA VIT D 7.000 UI CÁPSULA MOLE,6.071428571428571
SIM,LINHA,Sólidos P19,Não,17818-0,ADDERA D3 7.000UI CT 30 CAP GEL,MPR00302,0.0,0.0,0.0,0.0,0.0,0.0,0.0,0.0,0.0,0.0,0.0,0.0,0.0,0.0,SIM,,CQ P30,2.0,0.0,6.071428571428571,ADDERA D3 7.000 UI CÁPSULA MOLE / NEO QUÍMICA VIT D 7.000 UI CÁPSULA MOLE,6.071428571428571
SIM,PROJETO,Sólidos P19,Não,17818-1,ADDERA D3 7.000UI CT BL 30 CAP MOLE,MPR00302,0.0,1.0,1.0,1.0,1.0,2.0,0.0,1.0,1.42188191663495,0.5933445331309966,0.5880235209408378,1.2523683196911053,10.855618290397889,0.9046348575331574,SIM,,CQ P30,2.0,1.0,6.071428571428571,ADDERA D3 7.000 UI CÁPSULA MOLE / NEO QUÍMICA VIT D 7.000 UI CÁPSULA MOLE,6.071428571428571
SIM,LINHA,Sólidos P19,Não,17819-0,ADDERA D3 50/000UI CAP GEL CT 4UN,MPR00307,0.0,0.0,0.0,0.0,0.0,0.0,0.0,0.0,0.0,0.0,0.0,0.0,0.0,0.0,SIM,,CQ P30,2.0,0.0,3.0,ADDERA D3 50.000 U.I. CÁPSULA MOLE / NEO QUÍMICA VIT D 50.000 U.I. CÁPSULA MOLE,3.0
SIM,PROJETO,Sólidos P19,Não,17819-1,ADDERA D3 50.000UI CT BL 4 CAP MOLE,MPR00307,1.0,1.0,2.0,0.0,1.0,1.0,0.0,0.0,0.0,0.0,0.0,0.0,6.0,0.5,SIM,,CQ P30,2.0,0.0,3.0,ADDERA D3 50.000 U.I. CÁPSULA MOLE / NEO QUÍMICA VIT D 50.000 U.I. CÁPSULA MOLE,3.0
SIM,LINHA,Sólidos P19,Não,17820-0,ADDERA D3 50/000UI CT BL 10 CAP GEL,MPR00307,0.0,0.0,0.0,0.0,0.0,0.0,0.0,0.0,0.0,0.0,0.0,0.0,0.0,0.0,SIM,,CQ P30,2.0,0.0,3.0,ADDERA D3 50.000 U.I. CÁPSULA MOLE / NEO QUÍMICA VIT D 50.000 U.I. CÁPSULA MOLE,3.0
SIM,PROJETO,Sólidos P19,Não,17820-1,ADDERA D3 50.000UI CT BL 10 CAP MOLE,MPR00307,0.0,1.0,0.0,0.0,1.0,0.0,0.0,0.0,0.0,0.0,0.0,0.0,2.0,0.16666666666666666,SIM,,CQ P30,2.0,0.0,3.0,ADDERA D3 50.000 U.I. CÁPSULA MOLE / NEO QUÍMICA VIT D 50.000 U.I. CÁPSULA MOLE,3.0
SIM,LINHA,Líquidos P24,Não,17822-0,TAMARINE GEL ZERO ACUC FR PL 48X150G+COL,MPR00800,5.0,0.0,8.0,3.0,12.0,0.0,11.0,4.0,2.7263387026556374,4.5245673234716275,4.059818794774547,3.9521257870853876,58.262850607987204,4.8552375506656,SIM,,CQ P30,3.0,1.0,3.090909090909091,TAMARINE GELEIA DIET,3.090909090909091
SIM,LINHA,Líquidos P24,Não,17824-0,TAMARINE GEL ZERO ACUC FR PL 24X250G+COL,MPR00800,0.0,7.0,6.0,5.0,8.0,9.0,8.0,4.0,3.407923378319547,4.792982647807718,4.75,4.249976028631281,64.20088205475855,5.350073504563213,SIM,,CQ P30,3.0,2.0,3.090909090909091,TAMARINE GELEIA DIET,3.090909090909091
SIM,LINHA,Sólidos P19,Não,17833-0,DORIL ENXAQUECA CPRV CT BL 24X3X6,MPR00108,1.0,0.0,5.0,0.0,6.0,2.0,2.0,1.0,2.343694674212741,3.296226663053729,2.317364798426745,2.5844072584249576,27.541693394118173,2.2951411161765143,SIM,,CQ P30,3.0,1.0,5.818181818181818,DORIL ENXAQUECA COMPRIMIDO REVESTIDO,5.818181818181818
SIM,LINHA,Estéreis P23,Não,17839-0,DIP BET+FOS BET INJ 1X1ML S/SERINGA,MPR00231 E MPR00232,1.0,0.0,0.0,0.0,0.0,0.0,0.0,0.0,0.0,0.0,0.0,0.0,1.0,0.08333333333333333,SIM,,CQ P30,4.0,0.0,,DIPROPIONATO DE BETAMETASONA + FOSFATO DISSÓDICO DE BETAMETASONA 1 MG/ML SUSPENSÃO INJETÁVEL S/SERINGA,
SIM,LINHA,Sólidos P19,Não,17871-0,MACRODANTINA 100MG 2X14 CAP,MPR00274,2.0,9.0,6.0,6.0,11.0,8.0,3.0,11.0,11.437300827165867,8.543859448153698,7.1866666666666665,3.999967028931731,87.16779397091797,7.263982830909831,SIM,,CQ P30,3.0,4.0,3.6,MACRODANTINA 100 MG CÁPSULA DURA,3.6
SIM,LINHA,Estéreis P23,Não,17888-0,CELESTONE SOLUSPAN 1X1,MPR00249,0.0,3.0,0.0,2.0,1.0,1.0,3.0,0.0,3.2196778406617326,1.0978527113820937,0.8500000000000001,0.8840281365848892,16.051558688628717,1.3376298907190598,SIM,,CQ P30,3.0,2.0,2.3333333333333335,CELESTONE SOLUSPAN,2.3333333333333335
SIM,LINHA,Estéreis P23,Não,17892-0,DIPROSPAN AMPOLA 1X1ML,"MPR01368
MPR01369",0.0,7.0,7.0,0.0,1.0,8.0,3.0,2.0,4.659033521985197,2.0584970300586285,0.2324694479561736,1.235061104087653,36.18506110408766,3.0154217586739716,SIM,,CQ P30,3.0,0.0,,DIPROSPAN SUSPENSÃO INJETÁVEL / BECLONATO SUSPENSÃO INJETÁVEL,
SIM,LINHA,Estéreis P23,Não,17893-0,DIPROSPAN AMPOLA 1X1 AG,"MPR01368
MPR01369",0.0,1.0,1.0,0.0,0.0,2.0,1.0,0.0,0.0,0.0,0.6175305520438265,0.2664975845410628,5.884028136584889,0.49033567804874073,SIM,,CQ P30,3.0,0.0,,DIPROSPAN SUSPENSÃO INJETÁVEL / BECLONATO SUSPENSÃO INJETÁVEL,
SIM,LINHA,Sólidos P19,Não,17897-0,ADDERA D3 5.000UI CAP GEL CT 30UN,MPR00228,0.0,0.0,0.0,0.0,0.0,0.0,0.0,0.0,0.0,0.0,0.0,0.0,0.0,0.0,SIM,,CQ P30,2.0,0.0,2.2,ADDERA D3 5.000 UI CÁPSULA MOLE / VITAMINA D3 5.000 UI CÁPSULA MOLE,2.2
SIM,PROJETO,Sólidos P19,Não,17897-1,ADDERA D3 5.000UI CT BL 30 CAP MOLE,MPR00228,1.0,0.0,1.0,1.0,3.0,2.0,0.0,0.0,0.0,0.0,1.1534479078278177,0.9290752831674307,10.082523190995248,0.8402102659162707,SIM,,CQ P30,2.0,0.0,2.2,ADDERA D3 5.000 UI CÁPSULA MOLE / VITAMINA D3 5.000 UI CÁPSULA MOLE,2.2
SIM,LINHA,Sólidos P19,Não,17898-0,ADDERA D3 10.000UI CAP GEL CT BL 4UN,MPR00303,0.0,0.0,0.0,0.0,0.0,0.0,0.0,0.0,0.0,0.0,0.0,0.0,0.0,0.0,SIM,,CQ P30,2.0,0.0,3.5,ADDERA D3 10.000 U.I. CÁPSULA MOLE / NEO QUÍMICA VIT D 10.000 U.I. CÁPSULA MOLE,3.5
SIM,PROJETO,Sólidos P19,Não,17898-1,ADDERA D3 10.000UI CT BL 4 CAP MOLE,MPR00303,0.0,0.0,1.0,0.0,0.0,1.0,0.0,0.0,0.03749911478740386,0.05273962660885967,0.05226666666666668,0.016386988727858296,2.158892396790789,0.17990769973256573,SIM,,CQ P30,2.0,1.0,3.5,ADDERA D3 10.000 U.I. CÁPSULA MOLE / NEO QUÍMICA VIT D 10.000 U.I. CÁPSULA MOLE,3.5
SIM,LINHA,Sólidos P19,Não,17899-0,ADDERA D3 10.000UI CAP GEL CT BL 10UN,MPR00303,0.0,0.0,0.0,0.0,0.0,0.0,0.0,0.0,0.0,0.0,0.0,0.0,0.0,0.0,SIM,,CQ P30,2.0,0.0,3.5,ADDERA D3 10.000 U.I. CÁPSULA MOLE / NEO QUÍMICA VIT D 10.000 U.I. CÁPSULA MOLE,3.5
SIM,PROJETO,Sólidos P19,Não,17899-1,ADDERA D3 10.000UI CT BL 10 CAP MOLE,MPR00303,1.0,0.0,1.0,0.0,1.0,1.0,1.0,0.0,0.0,0.0,0.35598820058997055,0.25330471548886324,5.609292916078834,0.46744107633990284,SIM,,CQ P30,2.0,0.0,3.5,ADDERA D3 10.000 U.I. CÁPSULA MOLE / NEO QUÍMICA VIT D 10.000 U.I. CÁPSULA MOLE,3.5
SIM,LINHA,Líquidos P24,Não,17993-0,EPOCLER LIQ FLAC 24X6X10ML,MPR00380,2.0,2.0,0.0,0.0,3.0,0.0,0.0,0.0,0.6815846756639092,0.9585965295615435,0.95,0.9880314467713467,10.578212651996798,0.8815177209997332,SIM,,CQ P30,2.0,1.0,5.538461538461538,EPOCLER SOLUÇÃO,5.538461538461538
SIM,LINHA,Sólidos P19,Não,18002-0,NIMESULIDA 100MG COMP 12UN,MPR00612,0.0,0.0,0.0,0.0,0.0,4.0,8.0,0.0,11.679872297199246,7.988304413012864,7.916666666666668,2.482085346215781,42.06692872309456,3.5055773935912136,SIM,,CQ P30,2.0,3.0,5.333333333333333,NIMESULIDA 100 MG COMPRIMIDO / NEOSULIDA 100 MG COMPRIMIDO,5.333333333333333
SIM,LINHA,Aerossóis P45,Não,18039-0,"NEOCOFLAN 11,6 MG/G AERO TOP TUB 85ML",MPR00105,3.0,2.0,19.0,7.0,7.0,12.0,8.0,8.0,3.407923378319547,7.553707468709531,8.55,7.511920610491217,93.0235514575203,7.751962621460025,SIM,,CQ P30,3.0,1.0,6.0,"NEOCOFLAN 11,6MG/G SOLUÇÃO AEROSSOL/ CALMINEX SOLUÇÃO AEROSSOL CLONE",6.0
SIM,LINHA,Sólidos P19,Não,18042-0,VALSARTANA 80MG COMP REV CT BL 2X15,MPR00266,2.0,0.0,0.0,1.0,0.0,0.0,0.0,0.0,0.0,0.47465093411996084,0.17868239921337267,0.0,3.6533333333333338,0.30444444444444446,SIM,,CQ P30,3.0,0.0,,VALSARTANA 80 MG COMPRIMIDO REVESTIDO,
SIM,LINHA,Sólidos P19,Não,18044-0,VALSARTANA 160MG COMP REV CT BL 3X10,MPR00268,3.0,2.0,5.0,3.0,0.0,0.0,0.0,3.0,2.5780530251198845,3.625844951557117,2.4067059980334315,2.038464879654568,26.649068854365,2.22075573786375,SIM,,CQ P30,3.0,1.0,3.6666666666666665,VALSARTANA 160 MG COMPRIMIDO REVESTIDO,3.6666666666666665
SIM,LINHA,Sólidos P19,Não,18046-0,VALSARTANA 320MG COMP REV CT BL 3X10,MPR00269,6.0,1.0,8.0,0.0,0.0,7.0,4.0,7.0,5.624867218110578,8.622920392508892,3.1241887905604715,2.443185242187166,52.815161643367105,4.401263470280592,SIM,,CQ P30,4.0,2.0,5.1,VALSARTANA 320 MG COMPRIMIDO REVESTIDO,5.1
SIM,LINHA,Sólidos P19,Não,18224-0,TAMARINE CT 48X2X10 CAP N,MPR00784,1.0,1.0,0.0,0.0,1.0,0.0,2.0,0.0,0.0,0.23732546705998037,0.35528756077315315,0.1147701318319851,5.7073831596651186,0.4756152633054265,SIM,,CQ P30,3.0,0.0,,TAMARINE 6 MG CÁPSULA DURA,
SIM,LINHA,Sólidos P19,Não,18302-0,OMEPRAZOL 20MG CAP CT BL 2X14,MPR00433,0.0,0.0,0.0,0.0,0.0,0.0,0.0,0.0,0.46873893484254814,0.6592453326107457,0.6533333333333333,0.20483735909822864,1.9861549598848558,0.165512913323738,SIM,,CQ P30,3.0,0.0,,OMEPRAZOL 20 MG CÁPSULA DURA/CÁPSULA DURA DE LIBERAÇÃO RETARDADA,
SIM,LINHA,Sólidos P19,Não,18328-0,MAGNOSTASE 2MG COMP CT BL PVDC 1X12,MPR00991,1.0,0.0,0.0,3.0,0.0,2.0,3.0,0.0,0.6236231150781548,0.8770780435842077,0.8692125578486176,0.9844976330851357,12.354411349596116,1.0295342791330098,SIM,,CQ P30,2.0,1.0,3.0,MAGNOSTASE 2 MG COMPRIMIDO,3.0
SIM,LINHA,Líquidos P24,Não,18335-0,NEOLEFRIN XPE FR VD AMB 1X60ML+COPO MED,MPR00219,9.0,6.0,0.0,7.0,4.0,0.0,7.0,2.0,4.407923378319547,3.412620237356812,3.540181205225454,3.261944581859934,49.622669402761744,4.135222450230145,SIM,,CQ P30,2.0,2.0,2.75,NEOLEFRIN XAROPE,2.75
SIM,LINHA,Sólidos P19,Não,18454-0,BESILATO ANLODIPINO 10MG COMP CT BL 2X15,MPR00442,0.0,0.0,2.0,1.0,3.0,0.0,2.0,3.0,1.0452308159095098,1.4700369132355646,1.456853873873874,1.688289146124193,16.66041074914314,1.388367562428595,SIM,,CQ P30,4.0,1.0,5.0,BESILATO DE ANLODIPINO  10 MG COMPRIMIDO / TENSALIV 10 MG COMPRIMIDO,5.0
SIM,LINHA,Penicilínicos,Não,18557-0,AMOXICILINA 250MG/5ML PO EXT VD 1X150ML,MPR00176,7.0,30.0,28.0,1.0,0.0,0.0,30.0,32.0,6.0,0.0,0.0,0.0,134.0,11.166666666666666,SIM,,CQ P30,3.0,2.0,3.8333333333333335,AMOXICILINA 250 MG/5 ML PÓ PARA SUSPENSÃO,3.8333333333333335
SIM,LINHA,Sólidos P19,Não,18766-0,TORSILAX COMP CT BL 25X4 FC,MPR00755,3.0,6.0,3.0,6.0,5.0,5.0,14.0,8.0,2.8124336090552893,5.379424798024357,7.303952802359882,4.593977512718567,70.0897887221581,5.840815726846508,SIM,,CQ P30,4.0,1.0,35.8636363636364,TORSILAX COMPRIMIDO / MIOFLEX A COMPRIMIDO,35.8636363636364
SIM,LINHA,Sólidos P19,Não,18772-0,DECIPRAX 10MG C1 CPRV CT BL 2X15,MPR00278,1.0,0.0,0.0,1.0,0.0,1.0,0.0,0.0,0.0,0.0018353945824546862,0.0024689730052408487,0.002189749866620956,3.006494117454316,0.25054117645452634,SIM,,CQ P30,4.0,0.0,2.0,OXALATO DE ESCITALOPRAM C-1 10 MG COMPRIMIDO REVESTIDO / DECIPRAX C-1 10 MG COMPRIMIDO REVESTIDO,2.0
SIM,LINHA,Sólidos P19,Não,18964-0,MESILATO DOXAZOSINA 4MG CT BL 30 COMP,MPR00158,0.0,0.0,3.0,0.0,3.0,0.0,0.0,3.0,1.1272013264128622,1.5853221444041834,1.5711052468266657,1.916536041582349,15.20016475922606,1.2666803966021718,SIM,,CQ P30,2.0,1.0,3.3333333333333335,"DOXANEO 4,0 MG COMPRIMIDO / MESILATO DE DOXAZOSINA 4,0 MG COMPRIMIDO",3.3333333333333335
SIM,LINHA,Sólidos P19,Não,18972-0,"OLMESA+HCTZ 20/12,5MG CPRV CT BL AL 2X15",MPR00958,7.0,15.0,1.0,0.0,11.0,0.0,6.0,11.0,6.2186504135829335,5.933207993496712,4.456047197640118,7.636811765208843,75.24471736992861,6.270393114160718,SIM,,CQ P30,3.0,1.0,7.75,"OLMESARTANA MEDOXOMILA 20 MG + HIDROCLOROTIAZIDA 12,5 MG COMPRIMIDO REVESTIDO / OLZICAR HCT 20 MG + 12,5 MG COMPRIMIDO REVESTIDO",7.75
SIM,LINHA,Sólidos P19,Não,18973-0,OLMESAR+HCTZ 40/25MG CPRV CT BL AL 3X10,MPR00420,0.0,0.0,16.0,8.0,14.0,27.0,15.0,10.0,20.71847337106371,16.481133315268647,16.333333333333336,10.104768785715304,153.63770880538098,12.803142400448415,SIM,,CQ P30,3.0,2.0,13.0,OLMESARTANA MEDOXOMILA 40 MG + HIDROCLOROTIAZIDA 25 MG COMPRIMIDO REVESTIDO / OLZICAR HCT 40 MG + 25 MG COMPRIMIDO REVESTIDO,13.0
SIM,LINHA,Sólidos P19,Não,18977-0,OLANZAPINA 10MG C1 CPRV CT BL AL X30,MPR00643,0.0,0.0,3.0,0.0,0.0,3.0,0.0,0.0,0.9374778696850964,1.3184906652214916,1.3066666666666666,0.40967471819645734,9.972309919769712,0.831025826647476,SIM,,CQ P30,3.0,1.0,5.0,"OLANZAPINA 10,0 MG COMPRIMIDO REVESTIDO",5.0
SIM,LINHA,Sólidos P19,Não,18978-0,"OLANZAPINA 2,5MG C1 CPRV CT BL AL X30",MPR00646,0.0,0.0,1.0,0.0,0.0,0.0,0.0,0.0,0.0,0.0,0.7119764011799411,1.019232439827284,2.7312088410072253,0.2276007367506021,SIM,,CQ P30,3.0,0.0,,"OLANZAPINA 2,5 MG COMPRIMIDO REVESTIDO",
SIM,LINHA,Sólidos P19,Não,18979-0,OLANZAPINA 5MG C1 CPRV CT BL AL X30,MPR00642,0.0,0.0,2.0,0.0,0.0,1.0,0.0,0.0,1.4062168045276446,0.5537831954723552,0.2715237565242164,0.8291534785240979,6.060677235048315,0.5050564362540263,SIM,,CQ P30,3.0,0.0,,"OLANZAPINA 5,0 MG COMPRIMIDO REVESTIDO",
SIM,LINHA,Sólidos P01,Não,19000-0,DIPIRONA 500MG CAFEINA 65MG COMP CT 2X8,MPR00461,1.0,0.0,0.0,0.0,0.0,0.0,0.0,3.0,0.0,0.6901812052254531,1.6401812052254532,1.2858816883172406,7.616244098768147,0.6346870082306789,SIM,,CQ P30,3.0,0.0,4.166666666666667,CAFILISADOR COMPRIMIDO / DORONA CAFI COMPRIMIDO / DIPIRONA 500 MG + CAFEÍNA 65 MG COMPRIMIDO,4.166666666666667
SIM,LINHA,Sólidos P01,Não,19001-0,DIPIRONA 500MG CAFEINA 65MG COMP CT 25X4,MPR00461,0.0,0.0,0.0,0.0,0.0,0.0,0.0,2.0,0.0,0.0,0.6901812052254531,0.29785024154589373,2.988031446771347,0.2490026205642789,SIM,,CQ P30,3.0,0.0,4.166666666666667,CAFILISADOR COMPRIMIDO / DORONA CAFI COMPRIMIDO / DIPIRONA 500 MG + CAFEÍNA 65 MG COMPRIMIDO,4.166666666666667
SIM,LINHA,Sólidos P19,Não,19052-0,ATENOLOL 25MG COMP CT BL 1X30,MPR00101,0.0,0.0,1.0,0.0,5.0,0.0,0.0,1.0,1.7031084022638223,0.9888679989161187,0.9800000000000001,1.019232439827284,11.691208841007226,0.9742674034172688,SIM,,CQ P30,3.0,0.0,,ATENOLOL 25 MG COMPRIMIDO,
SIM,LINHA,Sólidos P19,Não,19061-0,ATENOLOL 50MG COMP CT BL 2X15,MPR00100,0.0,5.0,0.0,0.0,0.0,0.0,0.0,0.0,0.0,0.0,0.6923969611500379,0.29880645917736165,5.9912034203274,0.49926695169395,SIM,,CQ P30,3.0,0.0,5.0,ATENOLOL 50 MG COMPRIMIDO,5.0
SIM,LINHA,Sólidos P19,Não,19098-0,OMEPRAZOL 20MG CAP DURA BL 4X14,MPR00433,0.0,0.0,1.0,0.0,0.0,2.0,0.0,0.0,0.4687389348425482,0.6592453326107458,0.6533333333333333,0.9168137602781699,5.698131361064797,0.4748442800887331,SIM,,CQ P30,3.0,0.0,,OMEPRAZOL 20 MG CÁPSULA DURA/CÁPSULA DURA DE LIBERAÇÃO RETARDADA,
SIM,LINHA,Estéreis P23,Não,19163-0,BECLONATO SUSP INJ CT AMP VD 1ML+SER,"MPR01368
MPR01369",1.0,0.0,1.0,1.0,1.0,2.0,3.0,0.0,1.2196778406617326,1.7153832634259203,0.4649388959123472,0.6175305520438265,13.017530552043826,1.084794212670319,SIM,,CQ P30,3.0,0.0,,DIPROSPAN SUSPENSÃO INJETÁVEL / BECLONATO SUSPENSÃO INJETÁVEL,
SIM,LINHA,Dermocosméticos P22,Não,19195-1,EPIDRAT CORPO INTENSIVO SCH 7ML AG,MPR00961,0.0,0.0,2.0,0.0,0.0,2.0,0.0,1.0,0.0,0.0,0.15161560881797914,0.06543027449408936,5.2170458833120685,0.43475382360933906,SIM,,CQ P30,1.0,0.0,7.5,EPIDRAT CORPO INTENSIVO,7.5
SIM,LINHA,Dermocosméticos P22,Não,19200-1,EPIDRAT CALM BG 40ML,MPR00749,1.0,3.0,2.0,1.0,0.0,0.0,0.0,3.0,2.346109262329423,1.8538699058327064,2.5122676482665423,2.2494851648149967,18.961731981243666,1.5801443317703054,SIM,,CQ P30,1.0,2.0,2.2857142857142856,EPIDRAT CALM EMULSÃO,2.2857142857142856
SIM,LINHA,Dermocosméticos P22,Não,19202-1,EPIDRAT CALM SCH 2ML AG,MPR00749,1.0,1.0,1.0,1.0,0.0,0.0,0.0,1.0,1.0170396168915978,0.023964913239038592,0.023750000000000004,0.007446256038647343,6.072200786169283,0.5060167321807736,SIM,,CQ P30,1.0,1.0,2.2857142857142856,EPIDRAT CALM EMULSÃO,2.2857142857142856
SIM,LINHA,Sólidos P19,Não,19209-0,TORSILAX COMP CT BL 20X10 FC,MPR00755,37.0,29.0,33.0,39.0,27.0,44.0,23.0,55.0,26.95010883761428,20.28387767734569,29.872355667930893,13.185483275008092,377.29182545789894,31.44098545482491,SIM,,CQ P30,4.0,1.0,35.8636363636364,TORSILAX COMPRIMIDO / MIOFLEX A COMPRIMIDO,35.8636363636364
SIM,LINHA,Sólidos P19,Não,19235-0,ADDERA D3 7.000UI CAP GEL CT 2UN AG,MPR00302,0.0,0.0,0.0,0.0,0.0,0.0,0.0,0.0,0.0,0.0,0.0,0.0,0.0,0.0,SIM,,CQ P30,2.0,0.0,6.071428571428571,ADDERA D3 7.000 UI CÁPSULA MOLE / NEO QUÍMICA VIT D 7.000 UI CÁPSULA MOLE,6.071428571428571
SIM,PROJETO,Sólidos P19,Não,19235-1,ADDERA D3 7.000UI CT BL 2 CAP MOLE AG,MPR00302,0.0,3.0,0.0,1.0,2.0,2.0,1.0,1.0,0.0,0.0,0.0,0.0,10.0,0.8333333333333334,SIM,,CQ P30,2.0,0.0,6.071428571428571,ADDERA D3 7.000 UI CÁPSULA MOLE / NEO QUÍMICA VIT D 7.000 UI CÁPSULA MOLE,6.071428571428571
SIM,LINHA,Sólidos P19,Não,19236-0,ADDERA D3 50/000UI CAP GEL CT 2UN AG,MPR00307,0.0,0.0,0.0,0.0,0.0,0.0,0.0,0.0,0.0,0.0,0.0,0.0,0.0,0.0,SIM,,CQ P30,2.0,0.0,3.0,ADDERA D3 50.000 U.I. CÁPSULA MOLE / NEO QUÍMICA VIT D 50.000 U.I. CÁPSULA MOLE,3.0
SIM,PROJETO,Sólidos P19,Não,19236-1,ADDERA D3 50.000UI CT BL 2 CAP MOLE AG,MPR00307,1.0,1.0,1.0,0.0,3.0,1.0,1.0,1.0,0.0,0.0,0.0,0.0,9.0,0.75,SIM,,CQ P30,2.0,0.0,3.0,ADDERA D3 50.000 U.I. CÁPSULA MOLE / NEO QUÍMICA VIT D 50.000 U.I. CÁPSULA MOLE,3.0
SIM,LINHA,Sólidos P01,Não,19270-0,LISADOR 500MG COMP CT BL 48X2X12,MPR00785,5.0,1.0,0.0,0.0,0.0,0.0,0.0,0.0,0.0,0.6901812052254531,1.6401812052254532,1.2858816883172406,9.616244098768147,0.8013536748973457,SIM,,CQ P30,3.0,0.0,5.285714285714286,LISADOR COMPRIMIDO,5.285714285714286
SIM,LINHA,Probióticos P01,Não,19304-0,FLOMICIN 200MG PO CT ENV 4X1G,MPR01429,0.0,2.0,5.0,0.0,1.0,3.0,5.0,6.0,7.452677405311275,7.66877223649235,4.149093973872735,1.5837319298631343,42.854275545539494,3.571189628794958,SIM,,CQ P30,1.0,0.0,,FLOMICIN PÓ 200 MG ENVELOPE,
SIM,LINHA,Probióticos P01,Não,19305-0,FLOMICIN 100MG CAP GEL DURA FR VD 1X12,MPR01428,0.0,1.0,0.0,1.0,0.0,1.0,1.0,1.0,0.0,0.6901812052254531,0.9500000000000001,0.9880314467713469,7.628212651996801,0.6356843876664001,SIM,,CQ P30,1.0,0.0,,FLOMICIN 100 MG CÁPSULA DURA,
SIM,LINHA,Sólidos P01,Não,19308-0,APRACUR COMP REV ENV 6X25X6,MPR00012,5.0,0.0,0.0,0.0,0.0,3.0,3.0,2.0,2.0,0.0,0.0,0.0,15.0,1.25,SIM,,CQ P30,4.0,1.0,2.5,APRACUR COMPRIMIDO REVESTIDO,2.5
SIM,LINHA,Dermocosméticos P22,Não,19325-1,EPISOL HOMEM FPS 45 BG 60G,MPR00632,0.0,0.0,0.0,2.0,1.0,0.0,0.0,0.0,1.6815846756639092,0.26841532433609055,0.0,0.6901812052254531,5.640181205225454,0.47001510043545447,SIM,,CQ P30,2.0,1.0,2.5,EPISOL HOMEM FPS 45 GEL,2.5
SIM,LINHA,Dermocosméticos P22,Não,19327-1,EPISOL HOMEM FPS 45 SCH 2G AG,MPR00632,0.0,0.0,0.0,0.0,0.0,0.0,0.0,0.0,0.0,0.0,0.0,0.0,0.0,0.0,SIM,,CQ P30,2.0,0.0,2.5,EPISOL HOMEM FPS 45 GEL,2.5
SIM,LINHA,Sólidos P01,Não,19335-1,HUMECTOL-D COMP REV BL 24X2X10,MPR00013,0.0,9.0,3.0,2.0,4.0,0.0,2.0,3.0,0.6815846756639092,3.719321350463356,2.679456384323641,2.6662440987681464,32.74660650921905,2.728883875768254,SIM,,CQ P30,3.0,1.0,3.5,HUMECTOL D COMPRIMIDO REVESTIDO,3.5
SIM,LINHA,Sólidos P19,Não,19395-0,OXAL ESCITALOPRAM C-1 10MG CPRV BL 2X15,MPR00278,1.0,1.0,0.0,1.0,0.0,1.0,1.0,2.0,1.4062168045276446,1.9777359978322373,1.2480235988200592,0.307256038647343,11.939232439827284,0.9949360366522737,SIM,,CQ P30,4.0,1.0,2.0,OXALATO DE ESCITALOPRAM C-1 10 MG COMPRIMIDO REVESTIDO / DECIPRAX C-1 10 MG COMPRIMIDO REVESTIDO,2.0
SIM,LINHA,Sólidos P19,Não,19396-0,OXAL ESCITALOPRAM C-1 20MG CPRV BL 2X15,MPR00279,3.0,0.0,0.0,4.0,0.0,3.0,3.0,1.0,0.0,1.4239528023598822,1.2480235988200592,0.307256038647343,16.979232439827282,1.4149360366522734,SIM,,CQ P30,4.0,0.0,,OXALATO DE ESCITALOPRAM C-1 20 MG COMPRIMIDO REVESTIDO / DECIPRAX C-1 20 MG COMPRIMIDO REVESTIDO,
SIM,LINHA,Dermocosméticos P22,Não,19397-1,IVY C OLHOS BG 15ML,MPR00788,0.0,0.0,0.0,0.0,0.0,0.0,0.0,1.0,0.0,0.0,0.0,0.0,1.0,0.08333333333333333,SIM,,CQ P30,1.0,0.0,,IVY C OLHOS EMULSÃO,
SIM,LINHA,Dermocosméticos P22,Não,19404-0,PIELUS SH FR 200ML,MPR00748,0.0,3.0,0.0,0.0,4.0,0.0,0.0,0.0,0.0,0.0,0.0,0.0,7.0,0.5833333333333334,SIM,,CQ P30,1.0,0.0,2.5,PIELUS SHAMPOO,2.5
SIM,LINHA,Dermocosméticos P22,Não,19452-1,REVILINE OLHOS BG 15ML,MPR00773,0.0,0.0,0.0,0.0,1.0,0.0,0.0,0.0,0.0,0.6901812052254531,0.25981879477454695,0.0,1.95,0.1625,SIM,,CQ P30,1.0,0.0,,REVILINE OLHOS,
SIM,LINHA,Semissólidos P01,Não,19476-0,ACICLOVIR 50MG/G CR BG ALUM 1X10G,MPR00360,0.0,3.0,0.0,0.0,2.0,0.0,0.0,3.0,2.3631693513278185,1.9171930591230875,2.5901812052254534,2.2739131350885877,17.14445675076495,1.4287047292304125,SIM,,CQ P30,2.0,2.0,2.25,ACICLOVIR 50 MG/G CREME DERMATOLÓGICO,2.25
SIM,LINHA,Semissólidos P01,Não,19480-0,AMPLIUM G CR VAG BG 80G 12X1 C/ 14 APLIC,MPR00698,0.0,0.0,1.0,0.0,0.0,0.0,0.0,0.0,0.6815846756639093,0.26841532433609055,0.0,0.0,1.9499999999999997,0.16249999999999998,SIM,,CQ P30,2.0,1.0,6.0,"TINIDAZOL + NITRATO DE MICONAZOL 30,00 MG/G +20,00 MG/G CREME / AMPLIUM G 30,00 MG/G + 20,00 MG/G CREME",6.0
SIM,LINHA,Sólidos P01,Não,19482-0,DORONA CAFI COMP DISP BL 25X4,MPR00461,1.0,0.0,0.0,0.0,1.0,4.0,2.0,5.0,6.134262080975185,5.866643945152081,1.989275179098188,1.6782126519968,28.668393857222256,2.389032821435188,SIM,,CQ P30,3.0,2.0,4.166666666666667,CAFILISADOR COMPRIMIDO / DORONA CAFI COMPRIMIDO / DIPIRONA 500 MG + CAFEÍNA 65 MG COMPRIMIDO,4.166666666666667
SIM,LINHA,Sólidos P01,Não,19483-0,DORONA CAFI COMP CT BL 2X8,MPR00461,0.0,0.0,0.0,0.0,0.0,0.0,5.0,3.0,5.452677405311275,2.1473225946887244,3.4509060261272655,2.8696136181803746,21.92051964430764,1.82670997035897,SIM,,CQ P30,3.0,2.0,4.166666666666667,CAFILISADOR COMPRIMIDO / DORONA CAFI COMPRIMIDO / DIPIRONA 500 MG + CAFEÍNA 65 MG COMPRIMIDO,4.166666666666667
SIM,LINHA,Sólidos P19,Não,19486-0,MIOFLEX A COMP CT BL 60X2X6,MPR00755,0.0,2.0,1.0,0.0,1.0,0.0,1.0,2.0,0.0,0.7119764011799411,0.9800000000000001,1.019232439827284,9.711208841007226,0.8092674034172688,SIM,,CQ P30,4.0,0.0,35.8636363636364,TORSILAX COMPRIMIDO / MIOFLEX A COMPRIMIDO,35.8636363636364
SIM,LINHA,Terceiro,Sim,19488-1,SUCCINATO METOPROLOL 25MG CT BL 30 CPRV,MPR00981,2.0,9.0,8.0,7.0,9.0,16.0,10.0,2.0,19.049589304774194,25.722732092902486,23.147482296567595,23.593607477416683,154.51341117166095,12.876117597638412,SIM,,CQ P30,0.0,0.0,,GLYCARE CONTROL SABONETE BARRA,
SIM,LINHA,Terceiro,Sim,19489-1,SUCCINATO METOPROLOL 50MG CT BL 30 CPRV,MPR01114,5.0,7.0,17.0,8.0,27.0,10.0,8.0,0.0,0.0,0.0,0.0,1.3803624104509062,83.3803624104509,6.948363534204241,SIM,,CQ P30,0.0,0.0,2.0,EPISOL COLOR STICK FPS50 MEDIO,2.0
SIM,LINHA,Terceiro,Não,19490-1,SUCCINATO METOPROLOL 100MG CT BL 30 CPRV,Método não encontrado,3.0,0.0,3.0,0.0,0.0,0.0,0.0,2.0,4.891240073326526,1.9262225774204587,0.0,0.0,14.817462650746984,1.2347885542289154,NÃO,,CQ P30,0x2a,0.0,,Método não encontrado,
SIM,LINHA,Cosmed P01,Não,19491-0,EMPROL XR 25MG CPRV CT BL 3X10,MPR01029,0.0,0.0,0.0,0.0,0.0,0.0,1.0,1.0,2.5828730207197586,1.6448709002087047,0.23630071951794107,1.453013063632533,7.917057704078937,0.6597548086732448,SIM,,CQ P30,1.0,2.0,2.0,GLYCARE SERUM EMULSÃO,2.0
SIM,LINHA,Cosmed P01,Não,19492-0,EMPROL XR 50MG CPRV CT BL 3X10,Método não encontrado,0.0,1.0,0.0,0.0,0.0,2.0,0.0,1.0,1.2926203271610426,1.8167725240367492,0.49229316566237724,0.0,7.601686016860169,0.6334738347383474,NÃO,,CQ P30,0x2a,0.0,,Método não encontrado,
SIM,LINHA,Cosmed P01,Não,19493-0,EMPROL XR 100MG CPRV CT BL 3X10,Método não encontrado,0.0,0.0,0.0,0.0,0.0,0.0,0.0,1.0,0.0,0.0,0.0,0.0,1.0,0.08333333333333333,NÃO,,CQ P30,0x2a,0.0,,Método não encontrado,
SIM,LINHA,Dermocosméticos P22,Não,19494-1,C-KADERM GEL BG 20G,MPR01337,0.0,0.0,0.0,0.0,2.0,1.0,0.0,1.0,0.0,0.6901812052254531,0.25981879477454695,0.6901812052254531,5.640181205225454,0.47001510043545447,SIM,,CQ P30,1.0,0.0,,C-KADERM GEL,
SIM,LINHA,Sólidos P19,Não,19496-0,TADALAFILA 20MG COMP REV CT BL 1X4,MPR00725,0.0,11.0,7.0,0.0,0.0,2.0,6.0,0.0,2.8124336090552893,4.667448396844416,4.18802359882006,4.076929759309136,41.7448353640289,3.478736280335742,SIM,,CQ P30,3.0,1.0,4.0,TADALAFILA 20 MG COMPRIMIDO REVESTIDO,4.0
SIM,LINHA,Sólidos P19,Não,19497-0,TADALAFILA 5MG COMP REV CT BL 2X14,MPR00585,0.0,12.0,7.0,12.0,0.0,0.0,7.0,0.0,4.922390501641794,5.498371954665194,6.324592455331714,7.135542776359113,61.880897687997816,5.156741473999818,SIM,,CQ P30,3.0,2.0,4.666666666666667,TADALAFILA 5 MG COMPRIMIDO REVESTIDO,4.666666666666667
SIM,LINHA,Sólidos P19,Não,19507-0,TADALAFILA 20MG COMP REV CT BL 1X1,MPR00725,0.0,0.0,0.0,0.0,0.0,0.0,0.0,0.0,0.0,0.0,0.0,0.0,0.0,0.0,SIM,,CQ P30,3.0,0.0,4.0,TADALAFILA 20 MG COMPRIMIDO REVESTIDO,4.0
SIM,LINHA,Sólidos P19,Não,19508-0,TADALAFILA 20MG COMP REV CT BL 1X2,MPR00725,0.0,0.0,0.0,0.0,0.0,0.0,0.0,0.0,0.0,0.0,0.0,0.0,0.0,0.0,SIM,,CQ P30,3.0,0.0,4.0,TADALAFILA 20 MG COMPRIMIDO REVESTIDO,4.0
SIM,LINHA,Semissólidos P01,Não,19511-0,NEO MISTATIN 25000UI/G CR VAG 1X60G 14AP,MPR01412,0.0,0.0,0.0,0.0,0.0,0.0,1.0,0.0,0.0,0.0,0.0,0.0,1.0,0.08333333333333333,SIM,,CQ P30,1.0,0.0,,NEO MISTATIN CREME / NISTATINA CREME,
SIM,LINHA,Sólidos P19,Não,19514-0,HIDROCLOROTIAZIDA 50MG COMP CT BL 1X20,MPR00972,4.0,3.0,0.0,1.0,3.0,0.0,1.0,12.0,3.1634104685040687,2.6780946289114786,4.4116275196333135,3.1510684680143024,37.404201085063164,3.117016757088597,SIM,,CQ P30,4.0,1.0,4.6,HIDROCLOROTIAZIDA 50MG COMPRIMIDO,4.6
SIM,LINHA,Sólidos P19,Não,19546-0,FLOXICAM 20MG CAP CT BL 1X15,MPR00672,0.0,1.0,2.0,0.0,1.0,0.0,0.0,1.0,0.7533331214723864,1.2120721279205715,1.336287958297702,0.4279652965634298,8.729658504254092,0.7274715420211743,SIM,,CQ P30,2.0,1.0,2.4,PIROXICAM 20 MG CÁPSULA DURA / FLOXICAM 20 MG CÁPSULA DURA,2.4
SIM,LINHA,Hormônios,Não,19564-0,"TIBIAL 2,5MG CT BL 28 COMP",MPR00695,1.0,0.0,0.0,0.0,0.0,0.0,1.0,0.0,1.0,0.0,0.6901812052254531,0.29785024154589373,3.988031446771347,0.3323359538976122,SIM,,CQ P30,3.0,1.0,4.0,"TIBOLONA 2,5 MG COMPRIMIDO / TIBIAL 2,5 MG COMPRIMIDO",4.0
SIM,LINHA,Efervescentes P35,Não,19567-1,ESTOMAZIL GUARANA ENV PO EF 12X50X5G,MPR00194,0.0,3.0,2.0,4.0,0.0,0.0,0.0,1.0,0.6815846756639093,1.6487777347869967,1.209818794774547,0.9880314467713469,14.5282126519968,1.2106843876664,SIM,,CQ P30,2.0,0.0,,ESTOMAZIL GUARANÁ PÓ EFERVESCENTE,
SIM,LINHA,Efervescentes P35,Não,19568-1,ESTOMAZIL ABACAXI PO EF ENV 12X50,MPR00192,0.0,11.0,8.0,13.0,5.0,7.0,17.0,13.0,11.90535481062255,16.717906883435603,13.649093973872734,10.773865192351149,127.04622086028205,10.58718507169017,SIM,,CQ P30,2.0,3.0,5.583333333333333,ESTOMAZIL SABOR ABACAXI PÓ EFERVESCENTE ENVELOPE,5.583333333333333
SIM,LINHA,Efervescentes P35,Não,19569-1,ESTOMAZIL LARANJA PO EF ENV 12X50X5G,MPR00714,7.0,3.0,4.0,0.0,0.0,6.0,2.0,3.0,3.407923378319547,4.102801442582265,1.7294563843236408,1.6782126519968,35.918393857222256,2.9931994881018547,SIM,,CQ P30,2.0,2.0,2.5,ESTOMAZIL SABOR LARANJA PÓ EFERVESCENTE ENVELOPE,2.5
SIM,LINHA,Efervescentes P35,Não,19570-1,ESTOMAZIL SEM SABOR PO EF ENV 12X50X5G,MPR00191,2.0,0.0,2.0,1.0,0.0,0.0,1.0,1.0,1.6815846756639,1.6487777347869967,1.9000000000000001,0.5957004830917875,12.826062893542684,1.0688385744618902,SIM,,CQ P30,2.0,1.0,2.0,ESTOMAZIL SEM SABOR PÓ EFERVESCENTE ENVELOPE,2.0
SIM,LINHA,Estéreis P55 CO,Não,19572-0,MALEATO TIMOLOL 5MG/ML SOL OFT FR 5ML,MPR00256,5.0,8.0,0.0,0.0,5.0,3.0,10.0,1.0,2.7218981279930343,1.840512322912992,1.6000000000000003,1.6640529629833212,39.82646341388935,3.318871951157446,SIM,,CQ P30,3.0,2.0,2.625,​MALEATO DE TIMOLOL SOLUÇÃO GOTAS,2.625
SIM,LINHA,Sólidos P19,Não,19587-0,FUROSEMIDA 40MG CT BL 20 COMP,MPR00132,0.0,0.0,2.0,0.0,0.0,0.0,2.0,0.0,0.7031084022638223,0.9888679989161187,1.6919764011799412,0.614512077294686,7.998464879654568,0.666538739971214,SIM,,CQ P30,3.0,1.0,11.2,FUROSEMIDA 40 MG COMPRIMIDO / NEOSEMID 40 MG COMPRIMIDO,11.2
SIM,LINHA,Sólidos P19,Não,19588-0,FUROSEMIDA 40MG CT BL 30 COMP,MPR00132,4.0,0.0,13.0,15.0,0.0,14.0,10.0,2.0,3.718660119149532,3.823586779933981,4.871497287555786,1.655072751922705,72.068816938562,6.005734744880166,SIM,,CQ P30,3.0,1.0,11.2,FUROSEMIDA 40 MG COMPRIMIDO / NEOSEMID 40 MG COMPRIMIDO,11.2
SIM,LINHA,Líquidos P24,Não,19589-0,EPICITRIN 5MG+250UI/G POM DERM CT BG 10G,MPR00717,0.0,0.0,0.0,0.0,0.0,0.0,0.0,0.0,0.0,0.0,0.0,0.0,0.0,0.0,SIM,,CQ P30,1.0,0.0,2.0,SULFATO DE  NEOMICINA + BACITRACINA POMADA / EPICITRIN POMADA,2.0
SIM,LINHA,Sólidos P19,Não,19591-0,MALEATO ENALAPRIL 5MG CT ENV 30 COMP,MPR00435,0.0,0.0,1.0,0.0,1.0,0.0,1.0,1.0,0.0,0.0,0.0,0.0,4.0,0.3333333333333333,SIM,,CQ P30,3.0,0.0,,RENALAPRIL 5 MG COMPRIMIDO / MALEATO DE ENALAPRIL 5 MG COMPRIMIDO,
SIM,LINHA,Sólidos P19,Não,19592-0,MALEATO ENALAPRIL 10MG CT ENV 30 COMP,MPR00436,8.0,9.0,17.0,5.0,7.0,26.0,2.0,13.0,0.0,0.0,0.0,0.0,87.0,7.25,SIM,,CQ P30,3.0,0.0,5.428571428571429,RENALAPRIL 10 MG COMPRIMIDO / MALEATO DE ENALAPRIL 10 MG COMPRIMIDO,5.428571428571429
SIM,LINHA,Sólidos P19,Não,19593-0,MALEATO ENALAPRIL 20MG CT ENV 30 COMP,MPR00437,0.0,1.0,0.0,0.0,1.0,0.0,0.0,0.0,0.0,0.0,0.0,0.0,2.0,0.16666666666666666,SIM,,CQ P30,3.0,0.0,2.3333333333333335,RENALAPRIL 20 MG COMPRIMIDO / MALEATO DE ENALAPRIL 20 MG COMPRIMIDO,2.3333333333333335
SIM,LINHA,Sólidos P19,Não,19613-0,BISSULFATO CLOPIDOGREL 75MG CT BL 28CPRV,MPR00726,0.0,0.0,0.0,0.0,0.0,0.0,2.0,2.0,0.46873893484254814,1.6085472008506672,1.0106981317600787,0.9168137602781697,8.004798027731464,0.6670665023109553,SIM,,CQ P30,3.0,1.0,3.5,BISSULFATO CLOPIDOGREL 75 MG COMPRIMIDO REVESTIDO/ PLAVINEO 75 MG COMPRIMIDO REVESTIDO,3.5
SIM,LINHA,Sólidos P19,Não,19614-0,MACRODANTINA 100MG CT BL 14 CAP AG,MPR00274,0.0,1.0,0.0,1.0,2.0,0.0,1.0,0.0,0.0,0.0,0.0,0.0,5.0,0.4166666666666667,SIM,,CQ P30,3.0,0.0,3.6,MACRODANTINA 100 MG CÁPSULA DURA,3.6
SIM,LINHA,Semissólidos P01,Não,19615-0,"UMMA 20MG/G CR BG 6,5G + APL 5G",MPR00031,0.0,1.0,0.0,0.0,1.0,0.0,0.0,1.0,0.0,0.0,0.0,0.0,3.0,0.25,SIM,,CQ P30,3.0,0.0,3.0,"UMMA 20,0 MG/G CREME / NITRATO DE BUTOCONAZOL 20,0 MG/G CREME / UNYCA 20,0 MG/G CREME",3.0
SIM,LINHA,Estéreis P23 CO,Não,19629-0,GARASONE SOLU OTO/ OFT CT FR 20ML,MPR00248,0.0,6.0,5.0,4.0,1.0,0.0,0.0,3.0,3.0,1.9615676359039196,1.3922882427307206,0.9360297916781181,26.289885670312756,2.1908238058593965,SIM,,CQ P30,2.0,1.0,3.5,GARASONE SOLUÇÃO GOTAS ESTÉRIL,3.5
SIM,LINHA,Sólidos P19,Não,19644-0,ORLISTATE 120MG CT 42 CAP,MPR00052,0.0,0.0,0.0,1.0,1.0,3.0,0.0,0.0,3.0,1.186627335299902,1.6333333333333335,0.5120933977455717,11.332054066378806,0.9443378388649005,SIM,,CQ P30,3.0,1.0,3.4,ORLISTATE 120 MG CÁPSULA DURA,3.4
SIM,LINHA,Sólidos P19,Não,19645-0,ORLISTATE 120MG CT 84 CAP,MPR00052,0.0,0.0,0.0,0.0,1.0,0.0,0.0,0.0,0.3307633612800239,0.4651932790600021,0.8380627715926032,0.307256038647343,2.9412754505799716,0.24510628754833097,SIM,,CQ P30,3.0,1.0,3.4,ORLISTATE 120 MG CÁPSULA DURA,3.4
SIM,LINHA,Sólidos P19,Não,19651-0,AZITROMICINA 500MG CT BL 3 COMP REV,MPR00201,0.0,0.0,0.0,4.0,3.0,1.0,4.0,0.0,1.4062168045276446,1.9777359978322373,1.9600000000000002,1.3264884784746271,18.67044128083451,1.555870106736209,SIM,,CQ P30,3.0,1.0,6.5,AZITROMICINA DI-HIDRATADA 500 MG COMPRIMIDO REVESTIDO,6.5
SIM,LINHA,Sólidos P19,Não,19652-0,AZITROMICINA 500MG CT BL 5 COMP REV,MPR00201,0.0,4.0,0.0,8.0,7.0,13.0,8.0,9.0,1.4062168045276446,2.6897123990121785,2.9400000000000004,4.481650121841735,60.51757932538156,5.043131610448463,SIM,,CQ P30,3.0,1.0,6.5,AZITROMICINA DI-HIDRATADA 500 MG COMPRIMIDO REVESTIDO,6.5
SIM,LINHA,Efervescentes P35,Não,19653-0,AZITROMICINA PO SUSP EXT FR 600MG,MPR00271,3.0,1.0,5.0,5.0,4.0,12.0,4.0,1.0,6.3631693513278185,3.9877366747994465,4.059818794774547,1.8815821714090282,51.29230699231084,4.2743589160259035,SIM,,CQ P30,4.0,3.0,3.0,ZITRONEO 200 MG/5 ML PÓ PARA SUSPENSÃO ORAL EM FRASCO DE 600MG/ AZITROMICINA DI-HIDRATADA 200 MG/5 ML PÓ PARA SUSPENSÃO ORAL EM FRASCO DE 600MG,3.0
SIM,LINHA,Efervescentes P35,Não,19654-0,AZITROMICINA PO SUSP EXT FR 900MG,MPR00114,0.0,4.0,5.0,8.0,2.0,8.0,0.0,9.0,0.0,0.0,0.0,3.4509060261272655,39.450906026127264,3.287575502177272,SIM,,CQ P30,4.0,0.0,4.5,ZITRONEO 200 MG/5 ML PÓ PARA SUSPENSÃO ORAL EM FRASCO DE 900 MG / AZITROMICINA DI-HIDRATADA 200 MG/5 ML PÓ PARA SUSPENSÃO ORAL EM FRASCO DE 900 MG,4.5
SIM,LINHA,Sólidos P19,Não,19655-0,HIDROCLOROTIAZIDA 25MG CT BL 30 COMP,MPR00587,11.0,1.0,20.0,10.0,13.0,18.0,13.0,11.0,15.843517631693512,13.844151984825661,14.431976401179941,11.016628190329616,152.13627420802874,12.67802285066906,SIM,,CQ P30,3.0,3.0,7.7,HIDROCLOROTIAZIDA 25 MG COMPRIMIDO,7.7
SIM,LINHA,Sólidos P19,Não,19669-0,NEOLEFRIN CT BL 20 COMP,"MPR00693
MPR01477",55.0,2.0,0.0,19.0,15.0,34.0,37.0,12.0,32.755524188625735,12.313972718845857,12.203543119704685,3.826135016757652,235.09917504393394,19.59159792032783,SIM,,CQ P30,4.0,0.0,,NEOLEFRIN COMPRIMIDO / FLUVIRAL NOITE COMPRIMIDO / BENEGRIP MULTI NOITE COMPRIMIDO,
SIM,LINHA,Dermocosméticos P22,Não,19685-1,GLYCARE DUO BG 120ML,MPR01362,0.0,0.0,0.0,0.0,0.0,0.0,0.0,0.0,0.0,0.0,0.0,0.0,0.0,0.0,SIM,,CQ P30,1.0,0.0,,GLYCARE DUO,
SIM,LINHA,Sólidos P01,Não,19694-0,CL AMITRIPTILINA 25MG C1 BL 200 CP HOSP,MPR00087,5.0,4.0,1.0,7.0,8.0,0.0,11.0,10.0,10.815846756639093,9.585965295615436,6.739275179098189,4.5478262701771754,77.6889135015299,6.474076125127492,SIM,,CQ P30,2.0,3.0,5.083333333333333,CLORIDRATO DE AMITRIPTILINA (C-1) 25 MG COMPRIMIDO,5.083333333333333
SIM,LINHA,Sólidos P19,Não,19705-0,MESILATO DOXAZOSINA 2MG CT BL 30 COMP,MPR00154,0.0,2.0,0.0,2.0,2.0,0.0,0.0,3.0,0.7031084022638223,1.0744008681701638,0.9440031366141747,0.9898023248108551,12.711314731859016,1.059276227654918,SIM,,CQ P30,3.0,1.0,2.3333333333333335,"MESILATO DE DOXAZOSINA 2,0 MG CLONE COMPRIMIDO",2.3333333333333335
SIM,LINHA,Sólidos P19,Não,19711-0,NEOSEMID 40MG CT BL 20 COMP,MPR00132,0.0,0.0,1.0,0.0,0.0,0.0,0.0,1.0,0.0,0.0,0.0,0.0,2.0,0.16666666666666666,SIM,,CQ P30,3.0,0.0,11.2,FUROSEMIDA 40 MG COMPRIMIDO / NEOSEMID 40 MG COMPRIMIDO,11.2
SIM,LINHA,Sólidos P01,Não,19715-0,BENEGRIP 500MG CT COMP REV 48X12,"MPR00047
MPR00066",1.0,1.0,0.0,0.0,1.0,3.0,3.0,2.0,1.0,0.0,0.6901812052254531,0.29785024154589373,12.988031446771346,1.0823359538976123,SIM,,CQ P30,4.0,0.0,,BENEGRIP COMPRIMIDO REVESTIDO VERDE / APRACUR DUO COMPRIMIDO REVESTIDO VERDE,
SIM,LINHA,Sólidos P19,Não,19717-0,VELUNID CT BL 30 COMP REV,MPR00292,0.0,0.0,0.0,0.0,0.0,0.0,0.0,0.0,0.0,0.0,0.0,0.0,0.0,0.0,SIM,,CQ P30,4.0,0.0,6.913043478260869,FLAVONID COMPRIMIDO REVESTIDO E VELUNID COMPRIMIDO REVESTIDO,6.913043478260869
SIM,LINHA,Sólidos P19,Não,19718-0,VELUNID CT BL 60 COMP REV,MPR00292,0.0,0.0,0.0,0.0,0.0,0.0,0.0,0.0,0.0,0.0,0.0,0.0,0.0,0.0,SIM,,CQ P30,4.0,0.0,6.913043478260869,FLAVONID COMPRIMIDO REVESTIDO E VELUNID COMPRIMIDO REVESTIDO,6.913043478260869
SIM,LINHA,Sólidos P19,Não,19742-0,MIOFLEX A CT BL 2 COMP AG,MPR00755,0.0,0.0,0.0,0.0,0.0,0.0,0.0,0.0,0.0,0.0,0.0,0.0,0.0,0.0,SIM,,CQ P30,4.0,0.0,35.8636363636364,TORSILAX COMPRIMIDO / MIOFLEX A COMPRIMIDO,35.8636363636364
SIM,LINHA,Líquidos P24,Não,19743-0,QUADRILON POM CT BG ALUM 1X20G,MPR00470,0.0,0.0,0.0,0.0,2.0,0.0,0.0,0.0,1.0,0.0,0.0,0.6901812052254531,3.690181205225453,0.30751510043545444,SIM,,CQ P30,4.0,1.0,2.0,QUADRIDERM POMADA / QUADRILON POMADA,2.0
SIM,LINHA,Líquidos P24,Não,19744-0,QUADRILON CR CT BG ALUM 1X20G,MPR00503,0.0,1.0,0.0,0.0,0.0,0.0,2.0,0.0,1.0,0.0,0.0,0.0,4.0,0.3333333333333333,SIM,,CQ P30,4.0,1.0,3.0,QUADRIDERM CREME / QUADRILON CREME,3.0
SIM,LINHA,Sólidos P19,Não,19751-0,ADDERA D3 10.000UI CAP GEL CT BL 2UN AG,MPR00303,0.0,0.0,0.0,0.0,0.0,0.0,0.0,0.0,0.0,0.0,0.0,0.0,0.0,0.0,SIM,,CQ P30,2.0,0.0,3.5,ADDERA D3 10.000 U.I. CÁPSULA MOLE / NEO QUÍMICA VIT D 10.000 U.I. CÁPSULA MOLE,3.5
SIM,PROJETO,Sólidos P19,Não,19751-1,ADDERA D3 10.000UI CT BL 2 CAP MOLE AG,MPR00303,1.0,0.0,1.0,1.0,1.0,1.0,1.0,0.0,0.09374778696850965,0.13184906652214917,0.1306666666666667,0.06944652786684338,6.425710048024169,0.5354758373353474,SIM,,CQ P30,2.0,1.0,3.5,ADDERA D3 10.000 U.I. CÁPSULA MOLE / NEO QUÍMICA VIT D 10.000 U.I. CÁPSULA MOLE,3.5
SIM,LINHA,Sólidos P19,Não,19759-0,NEOLEFRIN DISP BL 200 COMP (50X4),"MPR00693
MPR01477",0.0,0.0,0.0,0.0,1.0,1.0,0.0,0.0,0.0,0.0,0.22249262536873163,0.13302393854168576,2.3555165639104176,0.1962930469925348,SIM,,CQ P30,4.0,0.0,,NEOLEFRIN COMPRIMIDO / FLUVIRAL NOITE COMPRIMIDO / BENEGRIP MULTI NOITE COMPRIMIDO,
SIM,LINHA,Dermocosméticos P22,Não,19764-1,GLYCARE SERUM FR 30ML,MPR01029,0.0,0.0,0.0,0.0,0.0,1.0,0.0,0.0,0.0,0.0,0.0,0.0,1.0,0.08333333333333333,SIM,,CQ P30,1.0,0.0,2.0,GLYCARE SERUM EMULSÃO,2.0
SIM,LINHA,Sólidos P19,Não,19766-0,MIOFLEX A CT BL 60X30 COMP,MPR00755,0.0,1.0,0.0,0.0,0.0,1.0,0.0,0.0,0.0,0.7119764011799411,0.268023598820059,0.0,2.9800000000000004,0.24833333333333338,SIM,,CQ P30,4.0,0.0,35.8636363636364,TORSILAX COMPRIMIDO / MIOFLEX A COMPRIMIDO,35.8636363636364
SIM,LINHA,Semissólidos P01,Não,19767-0,AMPLIUM G CR 40G CT 12X1 C/ 7 APLIC,MPR00698,0.0,0.0,1.0,1.0,0.0,0.0,0.0,0.0,0.0,0.690181205225453,0.25981879477454695,0.0,2.95,0.24583333333333335,SIM,,CQ P30,2.0,0.0,6.0,"TINIDAZOL + NITRATO DE MICONAZOL 30,00 MG/G +20,00 MG/G CREME / AMPLIUM G 30,00 MG/G + 20,00 MG/G CREME",6.0
SIM,LINHA,Sólidos P19,Não,19783-0,LISADOR DIP 1G DISP BL 100 COMP(12X25X4),MPR00357,0.0,0.0,1.0,0.0,0.0,0.0,0.0,1.0,0.1319152724697603,0.18552870523754572,0.05028585343715928,0.0,2.3677298311444654,0.19731081926203878,SIM,,CQ P30,3.0,1.0,18.875,DIPIRONA MONOIDRATADA 1 G COMPRIMIDO / LISADOR DIP 1 G COMPRIMIDO / ATROVERAN DIP 1 G COMPRIMIDO / MIRADOR 1 G COMPRIMIDO / NEOSALDINA DIP 1 G COMPRIMIDO,18.875
SIM,LINHA,Sólidos P19,Não,19784-1,LISADOR DIP 1G CT BL 60X20 COMP,MPR00357,7.0,4.0,0.0,3.0,0.0,3.0,0.0,4.0,3.3669979826718253,1.3259597638070477,1.3036187627238358,1.063973311030305,28.060549820233017,2.338379151686085,SIM,,CQ P30,3.0,1.0,18.875,DIPIRONA MONOIDRATADA 1 G COMPRIMIDO / LISADOR DIP 1 G COMPRIMIDO / ATROVERAN DIP 1 G COMPRIMIDO / MIRADOR 1 G COMPRIMIDO / NEOSALDINA DIP 1 G COMPRIMIDO,18.875
SIM,LINHA,Sólidos P19,Não,19785-1,LISADOR DIP 1G CT BL 60X10 COMP,MPR00357,1.0,6.0,2.0,2.0,3.0,3.0,2.0,4.0,2.5216054511095467,3.5464445147663635,1.6732076503509115,2.443185242187166,33.18444285841399,2.765370238201166,SIM,,CQ P30,3.0,1.0,18.875,DIPIRONA MONOIDRATADA 1 G COMPRIMIDO / LISADOR DIP 1 G COMPRIMIDO / ATROVERAN DIP 1 G COMPRIMIDO / MIRADOR 1 G COMPRIMIDO / NEOSALDINA DIP 1 G COMPRIMIDO,18.875
SIM,LINHA,Sólidos P19,Não,19786-0,LISADOR DIP 1G DISP BL 200 COMP(12X25X8),MPR00357,0.0,0.0,2.0,0.0,1.0,0.0,1.0,1.0,1.308380878185887,0.4337140346123328,0.11755421000879782,0.5353206023909332,7.394969725197951,0.6162474770998293,SIM,,CQ P30,3.0,1.0,18.875,DIPIRONA MONOIDRATADA 1 G COMPRIMIDO / LISADOR DIP 1 G COMPRIMIDO / ATROVERAN DIP 1 G COMPRIMIDO / MIRADOR 1 G COMPRIMIDO / NEOSALDINA DIP 1 G COMPRIMIDO,18.875
SIM,LINHA,Estéreis P23 CO,Não,19796-0,TART BRIMONIDINA+MAL TIMOLOL SOL FR 5ML,MPR00044,0.0,5.0,2.0,0.0,0.0,0.0,0.0,3.0,1.9371353939921636,0.7628646060078363,1.9615676359039191,0.8465217391304347,15.508089375034352,1.2923407812528627,SIM,,CQ P30,4.0,1.0,2.5,MALEATO DE TIMOLOL 5 MG/ML + TARTARATO DE BRIMONIDINA 2 MG/ML SOLUÇÃO GOTAS,2.5
SIM,LINHA,Terceiro,Sim,19802-0,NITAZOXANIDA 500MG CT BL 6 CPRV,EPR00513,0.0,1.0,0.0,0.0,1.0,0.0,1.0,0.0,0.0,6.901812052254531,9.5,2.9785024154589372,22.380314467713468,1.865026205642789,SIM,,CQ P30,0.0,0.0,,NITAZOXANIDA 500 MG COMPRIMIDO REVESTIDO CLONE  (MATRIZ NITAZOXANIDA 500 MG COMPRIMIDO REVESTIDO ALTHAIA) ,
SIM,LINHA,Semissólidos P01,Não,19803-0,NISTATINA 25000UI/G CR VAG BG 60G 14 APL,MPR01412,5.0,2.0,8.0,0.0,10.0,10.0,10.0,0.0,0.0,1.3803624104509062,3.2803624104509064,4.64230699231084,54.303031813212655,4.525252651101055,SIM,,CQ P30,1.0,0.0,,NEO MISTATIN CREME / NISTATINA CREME,
SIM,LINHA,Sólidos P19,Não,19806-0,NOVOTRAM 50MG A-2 CT BL 30X10 CAP,MPR00968,0.0,0.0,0.0,0.0,0.0,1.0,0.0,0.0,0.0,0.0,0.0,0.0,1.0,0.08333333333333333,SIM,,CQ P30,3.0,0.0,3.0,CLORIDRATO DE TRAMADOL 50 MG CÁPSULA DURA / NOVOTRAM 50 MG CÁPSULA DURA,3.0
SIM,LINHA,Sólidos P19,Não,19807-0,NOVOTRAM 50MG A-2 CT BL 30X20 CAP,MPR00968,0.0,0.0,1.0,0.0,0.0,0.0,0.0,1.0,0.0,0.0,0.0,0.0,2.0,0.16666666666666666,SIM,,CQ P30,3.0,0.0,3.0,CLORIDRATO DE TRAMADOL 50 MG CÁPSULA DURA / NOVOTRAM 50 MG CÁPSULA DURA,3.0
SIM,LINHA,Líquidos P24,Não,19808-0,NOVOTRAM 100MG/ML A-2 FR 30X10ML,MPR00464,0.0,0.0,0.0,0.0,0.0,0.0,0.0,0.0,0.0,0.6901812052254531,0.25981879477454695,0.0,0.9500000000000001,0.07916666666666668,SIM,,CQ P30,3.0,0.0,3.0,CLORIDRATO DE TRAMADOL 100 MG/ML SOLUÇÃO GOTAS / NOVOTRAM 100 MG/ML SOLUÇÃO GOTAS,3.0
SIM,LINHA,Sólidos P19,Não,19809-0,ADDERA D3 5/000UI CAP GEL CT 5UN AG,MPR00228,0.0,0.0,0.0,0.0,0.0,0.0,0.0,0.0,0.0,0.0,0.0,0.0,0.0,0.0,SIM,,CQ P30,2.0,0.0,2.2,ADDERA D3 5.000 UI CÁPSULA MOLE / VITAMINA D3 5.000 UI CÁPSULA MOLE,2.2
SIM,LINHA,Sólidos P19,Não,19824-0,ATROVERAN DIP 1G CT BL 24X20 CP,MPR00357,0.0,2.0,1.0,0.0,1.0,0.0,1.0,1.0,0.6241647481961913,0.7799185735191932,0.20106796610657088,0.5341158298424165,8.139267117664373,0.6782722598053644,SIM,,CQ P30,3.0,1.0,18.875,DIPIRONA MONOIDRATADA 1 G COMPRIMIDO / LISADOR DIP 1 G COMPRIMIDO / ATROVERAN DIP 1 G COMPRIMIDO / MIRADOR 1 G COMPRIMIDO / NEOSALDINA DIP 1 G COMPRIMIDO,18.875
SIM,LINHA,Sólidos P19,Não,19825-0,ATROVERAN DIP 1G DISP 200 CP (12X50X4),MPR00357,0.0,0.0,0.0,0.0,1.0,0.0,1.0,1.0,1.0,0.2676603011954666,0.10076075143611239,0.0,4.368421052631579,0.3640350877192982,SIM,,CQ P30,3.0,1.0,18.875,DIPIRONA MONOIDRATADA 1 G COMPRIMIDO / LISADOR DIP 1 G COMPRIMIDO / ATROVERAN DIP 1 G COMPRIMIDO / MIRADOR 1 G COMPRIMIDO / NEOSALDINA DIP 1 G COMPRIMIDO,18.875
SIM,LINHA,Sólidos P19,Não,19829-0,FLUVIRAL DIA DISP BL 100 COMP (25X4),MPR00694,0.0,0.0,0.0,0.0,0.0,0.0,0.0,0.0,0.0,0.0,0.0,0.0,0.0,0.0,SIM,,CQ P30,4.0,0.0,5.0,NEOLEFRIN DIA COMPRIMIDO / FLUVIRAL DIA COMPRIMIDO / BENEGRIP MULTI DIA COMPRIMIDO,5.0
SIM,LINHA,Dermocosméticos P22,Não,19862-1,IVY C SERUM FPS30 FR 30ML,MPR01139,0.0,0.0,1.0,0.0,1.0,0.0,0.0,0.0,0.0,0.0,0.0,0.0,2.0,0.16666666666666666,SIM,,CQ P30,3.0,0.0,,IVY C SERUM UV FPS 30 EMULSÃO,
SIM,LINHA,Dermocosméticos P22,Não,19864-1,IVY C SERUM FPS30 SCH 2ML AG,MPR01139,0.0,0.0,1.0,0.0,1.0,0.0,0.0,0.0,0.0,0.0,0.0,0.0,2.0,0.16666666666666666,SIM,,CQ P30,3.0,0.0,,IVY C SERUM UV FPS 30 EMULSÃO,
SIM,LINHA,Sólidos P19,Não,19870-0,FLUVIRAL NOITE CT BL 20 COMP,"MPR00693
MPR01477",0.0,0.0,0.0,0.0,0.0,0.0,0.0,0.0,0.0,0.0,0.0,0.0,0.0,0.0,SIM,,CQ P30,4.0,0.0,,NEOLEFRIN COMPRIMIDO / FLUVIRAL NOITE COMPRIMIDO / BENEGRIP MULTI NOITE COMPRIMIDO,
SIM,LINHA,Hormônios,Não,19882-0,DESOGESTREL CT BL 28 CPRV,MPR00909,0.0,0.0,0.0,0.0,0.0,0.0,0.0,2.0,2.0447540269917277,0.8052459730082716,0.0,0.0,4.849999999999999,0.40416666666666656,SIM,,CQ P30,3.0,0.0,,"DESOGESTREL 0,075 MG COMPRIMIDO REVESTIDO",
SIM,LINHA,Terceiro,Sim,19887-0,EZETIMIBA 10MG CT BL 30 COMP,MPR01414,0.0,0.0,1.0,0.0,0.0,0.0,1.0,0.0,0.0,0.6974462705436157,0.2625537294563843,0.6974462705436157,3.6574462705436157,0.30478718921196796,SIM,,CQ P30,0.0,0.0,,EZETIMIBA 10 MG COMPRIMIDO,
SIM,LINHA,Terceiro,Sim,19940-0,ARIPIPRAZOL 15MG C1 CT BL 30 COMP,EPR01116,0.0,0.0,0.0,0.0,0.0,0.0,0.0,0.0,0.0,0.0,0.0,0.0,0.0,0.0,SIM,,CQ P30,0.0,0.0,,AIPRI E ARIPIPRAZOL 15 MG COMPRIMIDO CLONE(MATRIZ ARIPIPRAZOL 15 MG COMPRIMIDO ZYDUS) ,
SIM,LINHA,Terceiro,Sim,19942-0,AIPRI 10MG C1 CT BL 30 COMP,EPR01115,0.0,0.0,0.0,1.0,0.0,0.0,0.0,0.0,0.0,0.0,0.0,0.0,1.0,0.08333333333333333,SIM,,CQ P30,0.0,0.0,,AIPRI E ARIPIPRAZOL 10 MG COMPRIMIDO CLONE (MATRIZ ARIPIPRAZOL 10 MG COMPRIMIDO ZYDUS) ,
SIM,LINHA,Sólidos P19,Não,19954-0,HISTAMIN 2MG CT BL 20 COMP,MPR00673,8.0,0.0,0.0,5.0,5.0,7.0,5.0,0.0,0.7031084022638223,2.6501462683359813,4.848836447066536,4.554883597205004,42.75697471487135,3.563081226239279,SIM,,CQ P30,4.0,1.0,5.142857142857143,MALEATO DE DEXCLORFENIRAMINA 2 MG COMPRIMIDO / HISTAMIN 2 MG COMPRIMIDO,5.142857142857143
SIM,LINHA,Terceiro,Sim,19955-0,GELOL GEL MASSAGEADOR BG 20X60G,MPR00171,0.0,0.0,1.0,0.0,0.0,0.0,1.0,0.0,0.0,0.6901812052254531,0.25981879477454695,0.0,2.95,0.24583333333333335,SIM,,CQ P30,0.0,0.0,,GELOL GEL MASSAGEADOR,
SIM,LINHA,Dermocosméticos P22,Não,19972-1,GLYCARE LOCAO BG 120ML,MPR00520,0.0,1.0,0.0,0.0,1.0,0.0,0.0,0.0,0.0,0.0,0.0,0.0,2.0,0.16666666666666666,SIM,,CQ P30,1.0,0.0,,GLYCARE LOÇÃO,
SIM,LINHA,Líquidos P24,Não,19985-0,RINOSORO XT GTS CT FR PLAST 30ML,MPR00446,0.0,0.0,0.0,1.0,0.0,0.0,0.0,0.0,0.0,0.0,0.0,0.0,1.0,0.08333333333333333,SIM,,CQ P30,3.0,0.0,,"RINOSORO XT 9,0 MG/ML SOLUÇÃO NASAL",
SIM,LINHA,Efervescentes P35,Não,19986-0,"RINOSORO JET INFANTIL 0,9% FR 100ML",MPR00007,12.0,1.0,20.0,19.0,20.0,2.0,20.0,7.0,14.313278188942096,24.271614352145136,18.74818794774547,5.063454106280193,163.3965345951129,13.616377882926075,SIM,,CQ P30,2.0,2.0,8.285714285714286,"RINOSORO JET 0,9% SOLUÇÃO INFANTIL",8.285714285714286
SIM,LINHA,Efervescentes P35,Não,19987-0,"RINOSORO JET INFANTIL 0,9% FR 50ML AG",MPR00007,0.0,2.0,0.0,4.0,0.0,0.0,2.0,0.0,0.0,0.0,1.3803624104509062,0.5957004830917875,9.976062893542695,0.8313385744618912,SIM,,CQ P30,2.0,0.0,8.285714285714286,"RINOSORO JET 0,9% SOLUÇÃO INFANTIL",8.285714285714286
SIM,LINHA,Sólidos P19,Não,19988-0,FLUVIRAL NOITE DISP BL 100 COMP (25X4),"MPR00693
MPR01477",0.0,0.0,0.0,0.0,0.0,0.0,0.0,0.0,0.0,0.0,0.0,0.0,0.0,0.0,SIM,,CQ P30,4.0,0.0,,NEOLEFRIN COMPRIMIDO / FLUVIRAL NOITE COMPRIMIDO / BENEGRIP MULTI NOITE COMPRIMIDO,
SIM,LINHA,Dermocosméticos P22,Não,20355-0,IVY C AOX FR 30G,MPR00747,0.0,0.0,1.0,1.0,0.0,0.0,1.0,1.0,0.0,0.6901812052254531,0.25981879477454695,0.0,4.95,0.41250000000000003,SIM,,CQ P30,1.0,0.0,2.0,IVY C GEL AOX,2.0
SIM,LINHA,Dermocosméticos P22,Não,20357-1,IVY C AOX SCH 2G AG,MPR00747,1.0,0.0,1.0,1.0,0.0,0.0,1.0,0.0,0.0,0.0,0.0,0.0,4.0,0.3333333333333333,SIM,,CQ P30,1.0,0.0,2.0,IVY C GEL AOX,2.0
SIM,LINHA,Dermocosméticos P22,Não,20358-1,IVY C CORPO E COLO EMU FPS 20 BG 200ML,MPR01166,0.0,1.0,2.0,2.0,1.0,3.0,4.0,0.0,0.6815846756639093,3.029140145237903,3.7137273493468186,1.154169685990338,21.57862185623897,1.7982184880199144,SIM,,CQ P30,3.0,0.0,,IVY C CORPO E COLOR FPS 20 EMULSÃO,
SIM,LINHA,Dermocosméticos P22,Não,20360-1,IVY C CORPO E COLO EMU FPS 20 SCH 7ML AG,MPR01166,0.0,1.0,1.0,0.0,1.0,1.0,1.0,0.0,0.0,0.0,0.08627281241470491,0.037231350002017966,5.123504162416722,0.42695868020139355,SIM,,CQ P30,3.0,0.0,,IVY C CORPO E COLOR FPS 20 EMULSÃO,
SIM,LINHA,Dermocosméticos P22,Não,20361-1,HYDRAPORIN AI BG 120ML,MPR00573,0.0,1.0,0.0,1.0,0.0,1.0,1.0,1.0,0.6291792723374515,0.8318259825227156,0.2198651126625145,0.0,6.680870367522682,0.5567391972935568,SIM,,CQ P30,1.0,1.0,9.6,HYDRAPORIN AI EMULSÃO,9.6
SIM,LINHA,Dermocosméticos P22,Não,20363-1,HYDRAPORIN AI SCH 7ML AG,MPR00573,1.0,1.0,1.0,1.0,1.0,0.0,1.0,2.0,0.052202409564829154,0.12627949786119227,0.03979892043273935,0.0,8.218280827858761,0.6848567356548968,SIM,,CQ P30,1.0,1.0,9.6,HYDRAPORIN AI EMULSÃO,9.6
SIM,LINHA,Dermocosméticos P22,Não,20364-1,HYDRAPORIN AI FR 450ML,MPR00573,10.0,7.0,8.0,10.0,7.0,0.0,8.0,6.0,3.407923378319547,5.4831638530331706,5.699999999999999,1.787101449275362,72.37818868062809,6.031515723385674,SIM,,CQ P30,1.0,1.0,9.6,HYDRAPORIN AI EMULSÃO,9.6
SIM,LINHA,Dermocosméticos P22,Não,20365-1,HYDRAPORIN AI SAB LIQ BG 200ML,MPR01154,0.0,0.0,1.0,1.0,1.0,0.0,1.0,0.0,0.0,0.0,1.3803624104509062,0.5957004830917875,5.976062893542694,0.4980052411285578,SIM,,CQ P30,1.0,0.0,2.0,HYDRAPORIN AI SABONETE LÍQUIDO,2.0
SIM,LINHA,Dermocosméticos P22,Não,20367-1,HYDRAPORIN AI SAB LIQ SCH 7ML AG,MPR01154,0.0,0.0,1.0,1.0,1.0,0.0,0.0,0.0,0.0,0.0,0.0,0.0,3.0,0.25,SIM,,CQ P30,1.0,0.0,2.0,HYDRAPORIN AI SABONETE LÍQUIDO,2.0
SIM,LINHA,Líquidos P24,Não,20374-0,MERTHIOLATE LIQ FR PET AMBAR 30ML,MPR00919,0.0,0.0,1.0,0.0,0.0,0.0,1.0,0.0,1.6815846756639092,0.26841532433609055,0.0,0.0,3.9499999999999997,0.32916666666666666,SIM,,CQ P30,3.0,1.0,2.25,MERTHIOLATE 10MG/ML SOLUÇÃO AQUOSA,2.25
SIM,LINHA,Líquidos P24,Não,20375-0,MERTHIOLATE LIQ SPR PET AMBAR 30ML,MPR00919,0.0,2.0,0.0,1.0,0.0,0.0,2.0,1.0,1.3631693513278187,1.2270118538976342,0.25981879477454695,0.0,8.85,0.7374999999999999,SIM,,CQ P30,3.0,1.0,2.25,MERTHIOLATE 10MG/ML SOLUÇÃO AQUOSA,2.25
SIM,LINHA,Líquidos P24,Não,20376-0,MERTHIOLATE LIQ SPR 45ML,MPR00919,0.0,0.0,0.0,0.0,0.0,0.0,1.0,0.0,1.0,0.6901812052254531,0.25981879477454695,0.0,2.95,0.24583333333333335,SIM,,CQ P30,3.0,1.0,2.25,MERTHIOLATE 10MG/ML SOLUÇÃO AQUOSA,2.25
SIM,LINHA,Dermocosméticos P22,Não,20377-1,EPISOL SEC OC FPS 30 BG 60ML,MPR00153,0.0,0.0,0.0,0.0,0.0,0.0,0.0,1.0,0.0,0.0,0.0,0.0,1.0,0.08333333333333333,SIM,,CQ P30,2.0,0.0,,EPISOL SEC OC FPS 30 EMULSÃO,
SIM,LINHA,Dermocosméticos P22,Não,20380-1,EPISOL SEC OC FPS 60 BG 60ML,MPR01008,0.0,0.0,0.0,0.0,0.0,2.0,0.0,2.0,0.6815846756639093,0.8789969749069089,0.22985353319052262,0.0,5.790435183761341,0.48253626531344507,SIM,,CQ P30,2.0,1.0,2.0,EPISOL SEC OC FPS 60,2.0
SIM,LINHA,Dermocosméticos P22,Não,20382-2,EPISOL SEC OC FPS 60 SCH 2ML AG,MPR01008,0.0,1.0,1.0,0.0,0.0,1.0,0.0,1.0,0.0,0.07764538558786348,0.029229614412136534,0.0,4.106875,0.3422395833333333,SIM,,CQ P30,2.0,0.0,2.0,EPISOL SEC OC FPS 60,2.0
SIM,LINHA,Dermocosméticos P22,Não,20383-1,EPISOL SEC OC FPS 99 BG 60ML,MPR00160,0.0,0.0,2.0,0.0,0.0,0.0,0.0,0.0,1.0,1.325612195852663,1.1892080701375054,0.29785024154589373,5.812670507536063,0.4843892089613386,SIM,,CQ P30,2.0,0.0,,EPISOL SEC OC FPS 99 EMULSÃO,
SIM,LINHA,Dermocosméticos P22,Não,20385-2,EPISOL SEC OC FPS 99 SCH 2ML AG,MPR00160,0.0,0.0,2.0,0.0,0.0,0.0,0.0,0.0,0.0,0.05176359039190898,0.01948640960809102,0.0,2.07125,0.17260416666666667,SIM,,CQ P30,2.0,0.0,,EPISOL SEC OC FPS 99 EMULSÃO,
SIM,LINHA,Sólidos P19,Não,20390-0,MACRODANTINA 100MG CT BL 144 CAP,MPR00274,0.0,1.0,1.0,2.0,0.0,2.0,0.0,1.0,1.9374778696850963,1.3184906652214916,1.3066666666666666,0.40967471819645734,11.972309919769712,0.9976924933141427,SIM,,CQ P30,3.0,1.0,3.6,MACRODANTINA 100 MG CÁPSULA DURA,3.6
SIM,LINHA,Sólidos P19,Não,20412-0,SIMETICONA 125MG CT BL 10 CAP GEL,MPR00352,1.0,0.0,3.0,2.0,0.0,1.0,0.0,3.0,1.4062168045276446,1.9777359978322373,1.9600000000000002,0.614512077294686,15.958464879654569,1.3298720733045475,SIM,,CQ P30,2.0,1.0,2.0,SIMETICONA 125 MG CÁPSULA GELATINOSA MOLE,2.0
SIM,LINHA,Sólidos P19,Não,20417-0,LIPANON 250MG LIB RET 60 CAP DURA,MPR00665,0.0,3.0,3.0,0.0,0.0,3.0,0.0,3.0,1.7031084022638225,2.9959154708694262,3.062844757322951,0.8800535764197337,20.641922206875932,1.7201601839063276,SIM,,CQ P30,3.0,1.0,5.666666666666667,LIPANON 250 MG CÁPSULA DURA DE LIBERAÇÃO RETARDADA,5.666666666666667
SIM,LINHA,Sólidos P19,Não,20418-0,NEOLEFRIN DIA CT BL 20 COMP,MPR00694,7.0,7.0,1.0,5.0,0.0,5.0,10.0,6.0,5.227511014366565,5.254407864689483,5.865187679098188,2.450575746074498,59.797682304228736,4.983140192019062,SIM,,CQ P30,4.0,2.0,5.0,NEOLEFRIN DIA COMPRIMIDO / FLUVIRAL DIA COMPRIMIDO / BENEGRIP MULTI DIA COMPRIMIDO,5.0
SIM,LINHA,Sólidos P19,Sim,20427-0,ADDERA 2000UI CT BL 30 CAP MOLE,MPR00033,0.0,0.0,0.0,0.0,0.0,0.0,0.0,0.0,0.0,0.0,0.0,0.0,0.0,0.0,SIM,,CQ P30,0.0,0.0,2.3333333333333335,ADDERA 2000UI  CAPSULA MOLE,2.3333333333333335
SIM,PROJETO,Sólidos P19,Sim,20427-1,ADDERA D3 2.000UI CT BL 30 CAP MOLE,MPR00033,2.0,1.0,3.0,2.0,2.0,0.0,0.0,0.0,0.0,0.0,0.0,0.0,10.0,0.8333333333333334,SIM,,CQ P30,0.0,0.0,2.3333333333333335,ADDERA 2000UI  CAPSULA MOLE,2.3333333333333335
SIM,LINHA,Sólidos P19,Sim,20428-0,ADDERA 2000UI CT BL 4 CAP MOLE AG,MPR00033,0.0,0.0,0.0,0.0,0.0,0.0,0.0,0.0,0.0,0.0,0.0,0.0,0.0,0.0,SIM,,CQ P30,0.0,0.0,2.3333333333333335,ADDERA 2000UI  CAPSULA MOLE,2.3333333333333335
SIM,LINHA,Sólidos P01,Não,20448-0,MAXSULID 400MG CT BL AL PLAS INC 30 COMP,MPR00196,0.0,0.0,1.0,0.0,1.0,1.0,0.0,0.0,1.6815846756639092,0.9585965295615435,0.95,2.3683938572222525,8.958575062447705,0.7465479218706421,SIM,,CQ P30,2.0,1.0,5.333333333333333,MAXSULID 400 MG COMPRIMIDO,5.333333333333333
SIM,LINHA,Sólidos P19,Não,20449-0,LISADOR DIP 1G CT BL 2 COMP AG,MPR00357,0.0,1.0,2.0,0.0,1.0,0.0,0.0,1.0,1.0,0.0,0.0,0.0,6.0,0.5,SIM,,CQ P30,3.0,1.0,18.875,DIPIRONA MONOIDRATADA 1 G COMPRIMIDO / LISADOR DIP 1 G COMPRIMIDO / ATROVERAN DIP 1 G COMPRIMIDO / MIRADOR 1 G COMPRIMIDO / NEOSALDINA DIP 1 G COMPRIMIDO,18.875
SIM,LINHA,Efervescentes P35,Sim,20478-1,"RINOSORO XT JET 0,9% SPR NASAL 100ML",EPR00625,0.0,6.0,0.0,7.0,1.0,3.0,7.0,2.0,1.3631693513278187,0.5368306486721811,0.0,2.0705436156763595,29.970543615676362,2.4975453013063635,SIM,,CQ P30,0.0,0.0,,"RINOSORO XT JET 0,9% SPRAY NASAL ",
SIM,LINHA,Terceiro,Sim,20479-0,"RINOSORO XT JET 0,9% SPR NASAL FR50ML AG",EPR00625,1.0,0.0,0.0,0.0,0.0,1.0,0.0,0.0,0.0,0.0,0.0,0.0,2.0,0.16666666666666666,SIM,,CQ P30,0.0,0.0,,"RINOSORO XT JET 0,9% SPRAY NASAL ",
SIM,LINHA,Sólidos P01,Não,20481-0,LISADOR 500MG+5MG+10MG CT BL 2 COMP AG,MPR00785,0.0,0.0,0.0,0.0,0.0,0.0,0.0,0.0,0.0,0.0,0.0,0.0,0.0,0.0,SIM,,CQ P30,3.0,0.0,5.285714285714286,LISADOR COMPRIMIDO,5.285714285714286
SIM,LINHA,Sólidos P19,Não,20493-0,ADDERA D3 50/000UI CT BL 8 CAP GEL,MPR00307,0.0,0.0,0.0,0.0,0.0,0.0,0.0,0.0,0.0,0.0,0.0,0.0,0.0,0.0,SIM,,CQ P30,2.0,0.0,3.0,ADDERA D3 50.000 U.I. CÁPSULA MOLE / NEO QUÍMICA VIT D 50.000 U.I. CÁPSULA MOLE,3.0
SIM,PROJETO,Sólidos P19,Não,20493-1,ADDERA D3 50.000UI CT BL 8 CAP MOLE,MPR00307,1.0,0.0,2.0,0.0,1.0,0.0,0.0,0.0,0.0,0.0,0.0,0.0,4.0,0.3333333333333333,SIM,,CQ P30,2.0,0.0,3.0,ADDERA D3 50.000 U.I. CÁPSULA MOLE / NEO QUÍMICA VIT D 50.000 U.I. CÁPSULA MOLE,3.0
SIM,LINHA,Sólidos P01,Não,20494-0,ADDERA D3 50.000UI CT BL 8 COMP REV,MPR00568,1.0,1.0,0.0,0.0,0.0,0.0,1.0,0.0,0.0,0.0,0.0,0.0,3.0,0.25,SIM,,CQ P30,2.0,0.0,2.0,ADDERA D3 50.000 UI COMPRIMIDO REVESTIDO / DROPY D 50.000 UI COMPRIMIDO REVESTIDO,2.0
SIM,LINHA,Sólidos P19,Não,20497-0,ORLISTATE 120MG CAP CT BL AL PLAS X 30,MPR00052,0.0,0.0,0.0,1.0,0.0,1.0,1.0,0.0,1.0,0.4746509341199607,0.6533333333333333,0.632030034889006,5.7600143023423,0.4800011918618583,SIM,,CQ P30,3.0,1.0,3.4,ORLISTATE 120 MG CÁPSULA DURA,3.4
SIM,LINHA,Terceiro,Sim,20502-0,ARTROFLAN CT BL 10 CPRV AG,MPR01459,0.0,0.0,0.0,0.0,0.0,0.0,0.0,0.0,0.0,0.0,0.0,0.0,0.0,0.0,SIM,,CQ P30,0.0,0.0,,ARTROFLAN COMPRIMIDO REVESTIDO DE LIBERAÇÃO RETARDADA (HERBARIUM),
SIM,LINHA,Terceiro,Sim,20504-0,CLORIDRATO DONEPEZILA 10MG C1 30 CPRV,EPR00328,0.0,0.0,0.0,0.0,0.0,0.0,0.0,0.0,0.0,0.0,0.0,0.0,0.0,0.0,SIM,,CQ P30,0.0,0.0,,CLORIDRATO DE DONEPEZILA 10 MG COMPRIMIDO REVESTIDO CLONE (MATRIZ CLORIDRATO DE DONEPEZILA 10 MG COMPRIMIDO REVESTIDO ZYDUS),
SIM,LINHA,Sólidos P19,Não,20505-0,BENEGRIP MULTI DIA 20 COMP,MPR00694,0.0,0.0,0.0,1.0,1.0,1.0,1.0,0.0,1.0,0.08899705014749264,0.033502949852507374,0.0,5.1225,0.42687499999999995,SIM,,CQ P30,4.0,1.0,5.0,NEOLEFRIN DIA COMPRIMIDO / FLUVIRAL DIA COMPRIMIDO / BENEGRIP MULTI DIA COMPRIMIDO,5.0
SIM,LINHA,Sólidos P19,Não,20506-0,BENEGRIP MULTI DIA DISPLAY 25X4,MPR00694,1.0,0.0,0.0,0.0,2.0,1.0,1.0,0.0,0.0,0.0,0.0,0.0,5.0,0.4166666666666667,SIM,,CQ P30,4.0,0.0,5.0,NEOLEFRIN DIA COMPRIMIDO / FLUVIRAL DIA COMPRIMIDO / BENEGRIP MULTI DIA COMPRIMIDO,5.0
SIM,LINHA,Sólidos P19,Não,20507-0,BENEGRIP MULTI NOITE DISPLAY 25X4,"MPR00693
MPR01477",0.0,2.0,0.0,0.0,2.0,1.0,0.0,1.0,0.0,0.11124631268436581,0.15312500000000004,0.04800875603864735,6.312380068723013,0.5260316723935844,SIM,,CQ P30,4.0,0.0,,NEOLEFRIN COMPRIMIDO / FLUVIRAL NOITE COMPRIMIDO / BENEGRIP MULTI NOITE COMPRIMIDO,
SIM,LINHA,Sólidos P19,Não,20508-0,BENEGRIP MULTI NOITE 20 COMP,"MPR00693
MPR01477",0.0,1.0,0.0,0.0,1.0,1.0,1.0,0.0,1.0,0.14832841691248774,0.20416666666666672,0.06401167471819647,5.416506758297351,0.45137556319144595,SIM,,CQ P30,4.0,0.0,,NEOLEFRIN COMPRIMIDO / FLUVIRAL NOITE COMPRIMIDO / BENEGRIP MULTI NOITE COMPRIMIDO,
SIM,LINHA,Sólidos P19,Não,20511-0,FLUVIRAL DIA CT BL 20 COMP,MPR00694,0.0,0.0,0.0,0.0,0.0,0.0,0.0,0.0,0.0037030375852561306,0.0052080381276248915,0.005161333333333334,0.0016182151368760063,0.015690624183090363,0.0013075520152575303,SIM,,CQ P30,4.0,1.0,5.0,NEOLEFRIN DIA COMPRIMIDO / FLUVIRAL DIA COMPRIMIDO / BENEGRIP MULTI DIA COMPRIMIDO,5.0
SIM,LINHA,Dermocosméticos P22,Não,20518-1,GLYCARE SERUM SCH 2ML AG,MPR01029,0.0,0.0,0.0,0.0,0.0,3.0,0.0,0.0,0.0,0.0,0.0,0.0,3.0,0.25,SIM,,CQ P30,1.0,0.0,2.0,GLYCARE SERUM EMULSÃO,2.0
SIM,LINHA,Dermocosméticos P22,Não,20519-2,GLYCARE SABONETE LIQUIDO SCH 2ML AG,MPR01150,0.0,0.0,1.0,0.0,0.0,0.0,0.0,1.0,0.0,0.0,0.03450906026127266,0.049401572338567346,2.08391063259984,0.17365921938332,SIM,,CQ P30,1.0,0.0,3.3333333333333335,GLYCARE SABONETE LIQUIDO,3.3333333333333335
SIM,LINHA,Terceiro,Sim,20536-0,LEVOCETIRIZINA 5MG CT BL X 10 CPRS REV,EPR00156,0.0,0.0,1.0,1.0,1.0,0.0,0.0,0.0,0.0,0.0,0.0,0.0,3.0,0.25,SIM,,CQ P30,0.0,0.0,,DICLORIDRATO DE LEVOCETIRIZINA 5 MG COMPRIMIDO REVESTIDO CLONE (MATRIZ VOCETY 5 MG COMPRIMIDO REVESTIDO GLENMARK),
SIM,LINHA,Terceiro,Sim,20537-0,RIZI 5MG CT BL X 30 CPRS REV,EPR00182,0.0,0.0,0.0,0.0,0.0,0.0,0.0,0.0,0.0,0.0,0.2588244225701092,0.11169663299553505,0.37052105556564424,0.030876754630470352,SIM,,CQ P30,0.0,0.0,,RIZI 5MG COMPRIMIDO REVESTIDO CLONE (MATRIZ VOCETY 5MG COMPRIMIDO REVESTIDO GLENMARK),
SIM,LINHA,Terceiro,Sim,20538-0,RIZI 5MG CT BL X 10 CPRS REV,EPR00182,0.0,0.0,0.0,0.0,0.0,0.0,0.0,0.0,0.0,0.0,0.0,0.0,0.0,0.0,SIM,,CQ P30,0.0,0.0,,RIZI 5MG COMPRIMIDO REVESTIDO CLONE (MATRIZ VOCETY 5MG COMPRIMIDO REVESTIDO GLENMARK),
SIM,LINHA,Terceiro,Sim,20540-0,RIZI-M 10MG + 5MG CT FR X 14 CPRS REV,EPR00061,0.0,0.0,2.0,0.0,1.0,0.0,0.0,1.0,1.3753925791092876,0.14783360670019882,0.0,0.6611933627032439,6.1844195485127305,0.5153682957093942,SIM,,CQ P30,0.0,0.0,,RIZI-M 5 MG COMPRIMIDO REVESTIDO CLONE (MATRIZ LEVOLUKAST 5 MG COMPRIMIDO REVESTIDO GLENMARK),
SIM,LINHA,Terceiro,Sim,20541-0,RIZI-M 10MG + 5MG CT FR X 7 CPRS REV,EPR00061,0.0,0.0,1.0,0.0,0.0,0.0,0.0,1.0,0.23855654493472775,0.09394611508655239,0.0,0.20291489765546444,2.5354175576767446,0.21128479647306206,SIM,,CQ P30,0.0,0.0,,RIZI-M 5 MG COMPRIMIDO REVESTIDO CLONE (MATRIZ LEVOLUKAST 5 MG COMPRIMIDO REVESTIDO GLENMARK),
SIM,LINHA,Terceiro,Sim,20542-0,RIZI-M 10MG + 5MG CT FR X 4 CPRS REV AG,EPR00061,0.0,0.0,0.0,0.0,0.0,0.0,0.0,0.0,0.0,0.0,0.0,0.0,0.0,0.0,SIM,,CQ P30,0.0,0.0,,RIZI-M 5 MG COMPRIMIDO REVESTIDO CLONE (MATRIZ LEVOLUKAST 5 MG COMPRIMIDO REVESTIDO GLENMARK),
SIM,LINHA,Terceiro,Sim,20543-0,"APRAZ COMP 0,5MG 3X10 B1",EPR00128,0.0,0.0,2.0,0.0,0.0,0.0,3.0,0.0,0.0,0.1335541633239392,0.05027648027681934,0.0,5.183830643600759,0.4319858869667299,SIM,,CQ P30,0.0,0.0,,"APRAZ 0,50 MG COMPRIMIDO CLONE (MATRIZ ALPRAZOLAM 0,50 MG COMPRIMIDO ZYDUS)",
SIM,LINHA,Terceiro,Sim,20544-0,"APRAZ COMP 1,0MG 3X10 B1",EPR00133,0.0,0.0,1.0,0.0,0.0,0.0,0.0,1.0,0.0,0.0,0.0,0.29381915931266633,2.2938191593126662,0.19115159660938885,SIM,,CQ P30,0.0,0.0,,"APRAZ COMPRIMIDO 1,0 MG CLONE (MATRIZ ALPRAZOLAM COMPRIMIDO 1,0 MG ZYDUS)",
SIM,LINHA,Cosmed P01,Não,20549-0,EMPROL XR 25MG CT BL 10 CPRV AG TRIB,Método não encontrado,0.0,0.0,0.0,0.0,0.0,0.0,0.0,1.0,0.0,0.0,0.0,0.0,1.0,0.08333333333333333,NÃO,,CQ P30,0x2a,0.0,,Método não encontrado,
SIM,LINHA,Cosmed P01,Não,20550-0,EMPROL XR 50MG CT BL 10 CPRV AG TRIB,Método não encontrado,0.0,0.0,0.0,0.0,0.0,0.0,0.0,1.0,0.0,0.6248141432785504,0.23521135672144963,0.0,1.8600255,0.15500212500000002,NÃO,,CQ P30,0x2a,0.0,,Método não encontrado,
SIM,LINHA,Efervescentes P35,Não,20553-1,GASTROL PO EFER DISP 25 ENV X 5G LIMAO,MPR00137,0.0,0.0,1.0,0.0,1.0,0.0,0.0,2.0,0.6815846756639093,0.26841532433609055,0.6901812052254531,0.9880314467713469,6.628212651996801,0.5523510543330667,SIM,,CQ P30,2.0,1.0,2.0,GASTROL LIMÃO PÓ EFERVESCENTE,2.0
SIM,LINHA,Efervescentes P35,Não,20554-1,GASTROL PO EFER DISP 25 ENV X 5G LARANJA,MPR00137,0.0,0.0,1.0,3.0,0.0,0.0,3.0,0.0,0.6815846756639093,1.6487777347869967,0.5196375895490939,0.6901812052254531,10.540181205225453,0.8783484337687878,SIM,,CQ P30,2.0,1.0,2.0,GASTROL LIMÃO PÓ EFERVESCENTE,2.0
SIM,LINHA,Efervescentes P35,Não,20555-1,GASTROL PO EFER DISP 25 ENV X 5G ABACAXI,MPR00137,0.0,0.0,3.0,0.0,2.0,0.0,7.0,1.0,1.3631693513278187,1.9171930591230875,2.5901812052254534,2.2739131350885877,21.144456750764945,1.7620380625637455,SIM,,CQ P30,2.0,1.0,2.0,GASTROL LIMÃO PÓ EFERVESCENTE,2.0
SIM,LINHA,Sólidos P01,Não,20559-1,GASTROL PASTILHA X 20,MPR00471,4.0,9.0,5.0,8.0,5.0,3.0,7.0,4.0,4.089508053983456,7.131941587820169,8.980362410450907,6.429408441586203,71.63122049384074,5.969268374486728,SIM,,CQ P30,2.0,1.0,6.818181818181818,GASTROL PASTILHA / ESTOMAZIL PASTILHA,6.818181818181818
SIM,LINHA,Sólidos P01,Não,20560-1,GASTROL PASTILHA X 200,MPR00471,4.0,9.0,7.0,4.0,11.0,11.0,5.0,13.0,10.497431432303003,10.544561825176979,5.618731563421829,5.332488197536294,95.99321301843811,7.999434418203176,SIM,,CQ P30,2.0,2.0,6.818181818181818,GASTROL PASTILHA / ESTOMAZIL PASTILHA,6.818181818181818
SIM,LINHA,Líquidos P24,Não,20561-1,GASTROL SUS OR X 250ML,MPR00347,0.0,0.0,0.0,0.0,4.0,0.0,0.0,2.0,1.3631693513278187,3.2975554695739935,1.0392751790981878,0.6901812052254531,12.390181205225453,1.0325151004354545,SIM,,CQ P30,3.0,0.0,,GASTROL SUSPENSÃO,
SIM,LINHA,Terceiro,Sim,20568-0,"APRAZ COMP 0,25MG 3X10 B1",EPR00132,0.0,0.0,1.0,0.0,0.0,0.0,0.0,0.0,0.6815846756639093,0.26841532433609055,0.6901812052254531,0.29785024154589373,2.9380314467713466,0.24483595389761223,SIM,,CQ P30,0.0,0.0,,"APRAZ 0,25 MG COMPRIMIDO CLONE (MATRIZ ALPRAZOLAM 0,25 MG COMPRIMIDO ZYDUS)",
SIM,LINHA,Terceiro,Sim,20569-0,"APRAZ COMP 2,0MG 3X10 B1",EPR00138,0.0,0.0,1.0,0.0,0.0,0.0,1.0,0.0,0.0,0.0,0.7265065318162665,0.3135265700483092,3.0400331018645756,0.25333609182204797,SIM,,CQ P30,0.0,0.0,,"APRAZ COMPRIMIDO 2,0 MG CLONE (MATRIZ ALPRAZOLAM COMPRIMIDO 2,0 MG ZYDUS)",
SIM,LINHA,Sólidos P01,Não,20574-0,AXETILCEFUROXIMA 500MG X 14 CPR,MPR00712,0.0,0.0,0.0,0.0,1.0,0.0,1.0,0.0,0.0,0.0,0.0,0.0,2.0,0.16666666666666666,SIM,,CQ P30,3.0,0.0,3.0,AXETILCEFUROXIMA 500 MG COMPRIMIDO / AURA  500 MG COMPRIMIDO,3.0
SIM,LINHA,Terceiro,Não,20575-0,MIRTAZAPINA 15MG C1 CT BL X30 CPRS ODT,MPR00493,0.0,0.0,1.0,2.0,0.0,2.0,0.0,0.0,2.0,0.4797745349467221,0.1806111793389922,0.0,7.660385714285715,0.6383654761904762,SIM,,CQ P30,3.0,1.0,2.0,MIRTAZAPINA 15 MG COMPRIMIDO ORODISPERSÍVEL,2.0
SIM,LINHA,Terceiro,Não,20576-0,MIRTAZAPINA 30MG C1 CT BL X30 CPRS ODT,MPR00494,0.0,0.0,0.0,1.0,0.0,0.0,0.0,0.0,0.0,0.0,0.506119737523328,0.21841783712905452,1.7245375746523826,0.1437114645543652,SIM,,CQ P30,3.0,0.0,,MIRTAZAPINA 30 MG COMPRIMIDO ORODISPERSÍVEL,
SIM,LINHA,Dermocosméticos P22,Não,20578-0,EPISOL INTENSE FPS 30 BG 200ML,MPR00085,0.0,0.0,0.0,0.0,0.0,0.0,0.0,0.0,0.6815846756639093,0.26841532433609055,0.6901812052254531,0.29785024154589373,1.9380314467713469,0.16150262056427891,SIM,,CQ P30,2.0,0.0,,EPISOL INTENSE FPS 30 EMULSÃO,
SIM,LINHA,Dermocosméticos P22,Não,20581-0,EPISOL INTENSE FPS 60 BG 200ML,MPR00215,0.0,1.0,1.0,1.0,0.0,3.0,5.0,1.0,1.3173022802871788,5.303590570475014,2.4635609841311434,0.2858239868401376,21.370277821733474,1.7808564851444562,SIM,,CQ P30,2.0,0.0,,EPISOL INTENSE FPS 60 EMULSÃO,
SIM,LINHA,Dermocosméticos P22,Não,20583-1,EPISOL INTENSE FPS 60 SCH 7ML AG,MPR00215,0.0,1.0,0.0,0.0,0.0,0.0,1.0,0.0,0.045866145075396145,0.06450721247629883,0.045350868953508254,0.01202601191951281,2.1677502384247163,0.1806458532020597,SIM,,CQ P30,2.0,0.0,,EPISOL INTENSE FPS 60 EMULSÃO,
SIM,LINHA,Sólidos P19,Não,20616-0,CL AMITRIPTILINA 25MG C1 CT BL X 30,MPR00087,0.0,0.0,1.0,0.0,1.0,0.0,1.0,0.0,0.33756292593190573,0.4747563448250507,0.4704988112048469,0.8594902796688038,5.142308361630606,0.42852569680255054,SIM,,CQ P30,2.0,1.0,5.083333333333333,CLORIDRATO DE AMITRIPTILINA (C-1) 25 MG COMPRIMIDO,5.083333333333333
SIM,LINHA,Dermocosméticos P22,Não,20631-0,BLANCY CIS BG 30G,MPR00684,0.0,0.0,0.0,0.0,0.0,0.0,0.0,0.0,0.0,0.0,0.0,0.0,0.0,0.0,SIM,,CQ P30,1.0,0.0,,BLANCY CIS GEL CREME,
SIM,LINHA,Dermocosméticos P22,Não,20634-0,BLANCY OLHOS CLAREADOR NF BG 15ML,MPR00371,0.0,0.0,0.0,0.0,0.0,0.0,0.0,0.0,0.0,0.0,0.0,0.0,0.0,0.0,SIM,,CQ P30,1.0,0.0,,BLANCY OLHOS CLAREADOR,
SIM,LINHA,Sólidos P01,Não,20670-0,APRACUR DUO CT BL 12 COMP REV (1X12),"MPR00047
MPR00066",1.0,0.0,0.0,0.0,1.0,0.0,1.0,1.0,0.0,0.0,0.34509060261272656,0.14892512077294687,4.494015723385673,0.37450131028213945,SIM,,CQ P30,4.0,0.0,,BENEGRIP COMPRIMIDO REVESTIDO VERDE / APRACUR DUO COMPRIMIDO REVESTIDO VERDE,
SIM,LINHA,Sólidos P01,Não,20671-0,APRACUR DUO DISP BL 150 COMP REV (25X6),"MPR00047
MPR00066",1.0,0.0,0.0,0.0,0.0,1.0,1.0,1.0,0.0,0.0,0.34509060261272656,0.14892512077294687,4.494015723385673,0.37450131028213945,SIM,,CQ P30,4.0,0.0,,BENEGRIP COMPRIMIDO REVESTIDO VERDE / APRACUR DUO COMPRIMIDO REVESTIDO VERDE,
SIM,LINHA,Sólidos P19,Não,20707-0,NEO LORATADIN 10MG COMP CT X 12,MPR00445,0.0,0.0,0.0,0.0,4.0,5.0,0.0,0.0,0.6941563902781513,0.27336619981220894,0.7029114813804389,0.3033440391152869,10.973778110586084,0.914481509215507,SIM,,CQ P30,3.0,1.0,10.125,LORATADINA 10 MG COMPRIMIDO E NEO LORATADIN 10 MG COMPRIMIDO,10.125
SIM,LINHA,Sólidos P19,Não,20713-0,CODEINA+PARACETAMOL 30MG+500MG X12 A2,MPR00144,0.0,0.0,6.0,3.0,4.0,0.0,0.0,0.0,0.0,0.0,0.0,0.0,13.0,1.0833333333333333,SIM,,CQ P30,4.0,0.0,4.333333333333333,PARACETAMOL 500 MG + FOSFATO DE CODEÍNA 30 MG COMPRIMIDO,4.333333333333333
SIM,LINHA,Sólidos P19,Não,20714-0,CODEINA+PARACETAMOL 30MG+500MG X24 A2,MPR00144,2.0,0.0,22.0,13.0,9.0,9.0,0.0,0.0,0.0,0.0,0.0,0.0,55.0,4.583333333333333,SIM,,CQ P30,4.0,0.0,4.333333333333333,PARACETAMOL 500 MG + FOSFATO DE CODEÍNA 30 MG COMPRIMIDO,4.333333333333333
SIM,LINHA,Sólidos P19,Não,20727-0,PREDNISONA 20MG COMP CT BL X10,MPR00286,0.0,3.0,3.0,0.0,4.0,4.0,4.0,0.0,5.454989582968648,0.6445487870135187,1.7209379441039823,7.074861595836655,32.8953379099228,2.7412781591602333,SIM,,CQ P30,2.0,1.0,8.6,CORTICORTEN 20 MG COMPRIMIDO / PREDNISONA 20 MG COMPRIMIDO,8.6
SIM,LINHA,Sólidos P19,Não,20728-0,PREDNISONA 20MG COMP CT BL X20,MPR00286,0.0,1.0,0.0,0.0,1.0,1.0,1.0,0.0,0.0,0.4382014539923316,0.49157647913375835,0.4675676092177013,5.397345542343792,0.449778795195316,SIM,,CQ P30,2.0,0.0,8.6,CORTICORTEN 20 MG COMPRIMIDO / PREDNISONA 20 MG COMPRIMIDO,8.6
SIM,LINHA,Sólidos P19,Não,20729-0,PREDNISONA 5MG COMP CT BL X20,MPR00476,0.0,0.0,0.0,0.0,0.0,0.0,1.0,0.0,0.2343694674212741,0.3296226663053729,0.32666666666666666,0.8143950807290554,2.705053881122369,0.22542115676019744,SIM,,CQ P30,2.0,1.0,2.6,CORTICORTEN 5 MG COMPRIMIDO / PREDNISONA 5 MG COMPRIMIDO,2.6
SIM,LINHA,Sólidos P01,Não,20730-0,APRACUR DUO CT BL 20 COMP REV (1X20),"MPR00047
MPR00066",1.0,0.0,0.0,0.0,0.0,0.0,0.0,0.0,0.0,0.0,0.0,0.0,1.0,0.08333333333333333,SIM,,CQ P30,4.0,0.0,,BENEGRIP COMPRIMIDO REVESTIDO VERDE / APRACUR DUO COMPRIMIDO REVESTIDO VERDE,
SIM,LINHA,Dermocosméticos P22,Não,20745-0,EPIDAC OC SABONETE LIQ BG 150ML,MPR00710,0.0,0.0,0.0,0.0,0.0,0.0,0.0,0.0,0.0,0.0,0.0,0.0,0.0,0.0,SIM,,CQ P30,1.0,0.0,3.0,EPIDAC OC SABONETE LÍQUIDO,3.0
SIM,LINHA,Sólidos P19,Não,20746-0,NAPRONAX 550MG COMP REV CT BL X10,MPR00053,0.0,0.0,0.0,3.0,0.0,3.0,0.0,1.0,0.7031084022638223,0.9888679989161187,2.0224065465637038,0.7571104237455274,11.47149337148917,0.9559577809574309,SIM,,CQ P30,3.0,1.0,11.3,NAPROXENO SÓDICO 550 MG COMPRIMIDO REVESTIDO /  NAPRONAX 550 MG COMPRIMIDO REVESTIDO / DORII PRO 550 MG COMPRIMIDO REVESTIDO,11.3
SIM,LINHA,Semissólidos P01,Não,20754-0,METRONIDAZOL 100MG/G GEL VAG BG 55G,MPR01096,0.0,0.0,0.0,0.0,0.0,2.0,0.0,0.0,1.3631693513278185,2.60737426434854,1.4696375895490938,0.9880314467713467,8.4282126519968,0.7023510543330667,SIM,,CQ P30,2.0,1.0,4.5,METRONIDAZOL 100MG/G GEL,4.5
SIM,LINHA,Líquidos P24,Não,20757-0,IBUPROFENO 100MG/ML GTS 20ML,MPR00995,0.0,0.0,0.0,0.0,0.0,0.0,0.0,0.0,0.6815846756639093,0.26841532433609055,0.6901812052254531,0.29785024154589373,1.9380314467713469,0.16150262056427891,SIM,,CQ P30,4.0,0.0,,IBUPROFENO 100 MG/ML SUSPENSÃO GOTAS,
SIM,LINHA,Semissólidos P01,Não,20758-0,TINIDAZOL+NIT MICONAZOL CR BG+7APL X40G,MPR00698,0.0,5.0,7.0,10.0,0.0,0.0,10.0,4.0,2.044754026991728,6.326695614811897,5.529456384323641,4.2499760286312815,54.15088205475854,4.512573504563211,SIM,,CQ P30,2.0,1.0,6.0,"TINIDAZOL + NITRATO DE MICONAZOL 30,00 MG/G +20,00 MG/G CREME / AMPLIUM G 30,00 MG/G + 20,00 MG/G CREME",6.0
SIM,LINHA,Líquidos P24,Não,20760-0,ALIVIUM GC SUSP GTS 200MG/ML 10ML AG,MPR00369,0.0,2.0,0.0,0.0,1.0,0.0,2.0,0.0,0.6815846756639093,0.9585965295615437,0.25981879477454695,0.0,6.9,0.5750000000000001,SIM,,CQ P30,4.0,1.0,2.0,ALIVIUM GC 200 MG/ML SUSPENSÃO GOTAS,2.0
SIM,LINHA,Dermocosméticos P22,Não,20761-0,EPIDRAT CALM B5 BG 50ML OR,MPR00545,4.0,4.0,7.0,5.0,3.0,4.0,5.0,14.0,7.497431432303003,5.713293388598808,2.419637589549094,0.5957004830917875,62.22606289354269,5.185505241128557,SIM,,CQ P30,1.0,2.0,4.25,EPIDRAT CALM B5 EMULSÃO,4.25
SIM,LINHA,Dermocosméticos P22,Não,20762-0,EPIDRAT CALM B5 BG 20ML OR,MPR00545,0.0,2.0,2.0,1.0,0.0,3.0,0.0,8.0,1.3631693513278187,0.5368306486721811,0.6901812052254531,0.29785024154589373,18.88803144677135,1.5740026205642792,SIM,,CQ P30,1.0,1.0,4.25,EPIDRAT CALM B5 EMULSÃO,4.25
SIM,LINHA,Dermocosméticos P22,Não,20764-1,EPIDRAT CALM B5 SCH 2ML AG,MPR00545,1.0,0.0,2.0,1.0,1.0,0.0,1.0,1.0,0.009087795675518791,0.003578870991147874,0.0,0.0,7.012666666666666,0.5843888888888888,SIM,,CQ P30,1.0,1.0,4.25,EPIDRAT CALM B5 EMULSÃO,4.25
SIM,LINHA,Dermocosméticos P22,Não,20765-0,EPISOL COLOR TOM 4 MEDIO ESC F70 40ML,MPR00327,0.0,0.0,1.0,0.0,0.0,0.0,3.0,2.0,0.6047171132793476,0.9283252625787884,0.25981879477454695,0.0,7.7928611706326825,0.6494050975527236,SIM,,CQ P30,2.0,0.0,,EPISOL COLOR TOM 4 MEDIO ESC F70 EMULSÃO,
SIM,LINHA,Dermocosméticos P22,Não,20767-0,EPISOL COLOR TOM 4 MED ES F70 SCH 2ML AG,MPR00327,0.0,0.0,1.0,0.0,0.0,0.0,0.0,1.0,0.08315354663021818,0.0327467547105653,0.0,0.0,2.1159003013407833,0.17632502511173195,SIM,,CQ P30,2.0,0.0,,EPISOL COLOR TOM 4 MEDIO ESC F70 EMULSÃO,
SIM,LINHA,Dermocosméticos P22,Não,20768-0,EPISOL COLOR TOM 5 NEGRO FPS70 40ML,MPR00356,0.0,0.0,0.0,0.0,0.0,0.0,1.0,0.0,0.0,0.0,0.0,0.0,1.0,0.08333333333333333,SIM,,CQ P30,2.0,0.0,,EPISOL COLOR TOM 5 NEGRO FPS70 EMULSÃO,
SIM,LINHA,Dermocosméticos P22,Não,20771-0,EPISOL COLOR TOM 2 CLARO FPS70 40ML,MPR00326,1.0,4.0,1.0,1.0,0.0,5.0,2.0,1.0,0.6623677850677689,0.26084750759040176,1.2624391591480335,0.5448102695963847,17.73046472140259,1.4775387267835491,SIM,,CQ P30,2.0,0.0,,EPISOL COLOR TOM 2 CLARO FPS70 EMULSÃO,
SIM,LINHA,Dermocosméticos P22,Não,20773-0,EPISOL COLOR TOM 2 CLARO F70 SCH 2ML AG,MPR00326,1.0,1.0,1.0,0.0,0.0,1.0,2.0,0.0,0.04543897837759396,0.01789435495573937,0.11503020087090884,0.04964170692431562,6.2280052411285585,0.5190004367607132,SIM,,CQ P30,2.0,0.0,,EPISOL COLOR TOM 2 CLARO FPS70 EMULSÃO,
SIM,LINHA,Dermocosméticos P22,Não,20774-0,EPISOL COLOR TOM 1 EXT CLARO  F70 40ML,MPR00321,0.0,1.0,2.0,0.0,0.0,1.0,3.0,0.0,2.6431508944716287,0.25327969084471297,0.6123441458789489,0.26425937185536774,10.773034103050655,0.8977528419208879,SIM,,CQ P30,2.0,0.0,,EPISOL COLOR TOM 1 EXTRA CLARO FPS70 EMULSÃO,
SIM,LINHA,Dermocosméticos P22,Não,20776-0,EPISOL COLOR TOM 1 EXT CL F70 SCH 2ML AG,MPR00321,0.0,1.0,2.0,0.0,0.0,0.0,0.0,1.0,2.041576773315109,0.01637337735528265,0.08420232596355279,0.036337823946941294,6.1784903005808856,0.5148741917150738,SIM,,CQ P30,2.0,0.0,,EPISOL COLOR TOM 1 EXTRA CLARO FPS70 EMULSÃO,
SIM,LINHA,Dermocosméticos P22,Não,20777-0,EPISOL COLOR TOM 3 MEDIO FPS70 40ML,MPR00331,1.0,0.0,2.0,1.0,2.0,1.0,3.0,0.0,2.0,0.6901812052254531,0.8084920984365529,0.23678198535141032,13.735455289013416,1.1446212740844512,SIM,,CQ P30,2.0,0.0,,EPISOL COLOR TOM 3 MEDIO FPS70 EMULSÃO,
SIM,LINHA,Dermocosméticos P22,Não,20779-0,EPISOL COLOR TOM 3 MEDIO F70 SCH 2ML AG,MPR00331,1.0,0.0,1.0,1.0,1.0,0.0,1.0,0.0,2.0,0.0,0.13803624104509063,0.059570048309178746,7.19760628935427,0.5998005241128558,SIM,,CQ P30,2.0,0.0,,EPISOL COLOR TOM 3 MEDIO FPS70 EMULSÃO,
SIM,LINHA,Dermocosméticos P22,Não,20785-0,EPISOL SMART COLOR FPS 50 BG 40ML,MPR00903,1.0,0.0,1.0,2.0,0.0,3.0,0.0,0.0,0.0,0.690181205225453,0.25981879477454695,0.0,7.95,0.6625,SIM,,CQ P30,2.0,0.0,3.0,EPISOL SMART COLOR FPS 50 EMULSÃO,3.0
SIM,LINHA,Dermocosméticos P22,Não,20787-1,EPISOL SMART COLOR FPS 50 SCH 2ML AG,MPR00903,0.0,0.0,1.0,1.0,0.0,1.0,0.0,0.0,0.0,0.0,0.0,0.0,3.0,0.25,SIM,,CQ P30,2.0,0.0,3.0,EPISOL SMART COLOR FPS 50 EMULSÃO,3.0
SIM,LINHA,Sólidos P19,Sim,20793-0,ADDERA D3 1000UI CT BL 30 CAPS,MPR01011,0.0,0.0,0.0,0.0,0.0,0.0,0.0,0.0,0.0,0.0,0.0,0.0,0.0,0.0,SIM,,CQ P30,0.0,0.0,,ADDERA 1000 UI CÁPSULA MOLE,
SIM,PROJETO,Sólidos P19,Sim,20793-1,ADDERA D3 1.000UI CT BL 30 CAP MOLE,MPR01011,1.0,0.0,1.0,0.0,1.0,0.0,0.0,0.0,0.0,0.23732546705998037,0.32666666666666666,0.10241867954911434,3.6664108132757613,0.3055342344396468,SIM,,CQ P30,0.0,0.0,,ADDERA 1000 UI CÁPSULA MOLE,
SIM,LINHA,Sólidos P19,Não,20794-0,LIPANON RETARD CT BL X 30 CAP,MPR00665,1.0,0.0,5.0,0.0,1.0,5.0,0.0,4.0,1.4062168045276444,2.7966995070756564,3.535845679626131,2.5072763428061835,26.246038334035617,2.1871698611696346,SIM,,CQ P30,3.0,1.0,5.666666666666667,LIPANON 250 MG CÁPSULA DURA DE LIBERAÇÃO RETARDADA,5.666666666666667
SIM,LINHA,Dermocosméticos P22,Não,20795-0,EPIDRAT CALM GEL DE LIMPEZA BG 150G,MPR00870,2.0,1.0,4.0,5.0,3.0,2.0,0.0,1.0,0.6815846756639093,1.6487777347869967,1.9000000000000001,0.5957004830917875,22.82606289354269,1.9021719077952242,SIM,,CQ P30,1.0,1.0,3.5,EPIDRAT CALM GEL DE LIMPEZA,3.5
SIM,LINHA,Dermocosméticos P22,Não,20797-0,EPIDRAT CALM GEL DE LIMPEZA SCH 2G AG,MPR00870,1.0,0.0,2.0,0.0,0.0,0.0,0.0,1.0,0.0,0.0,0.01725453013063633,0.007446256038647343,4.024700786169284,0.3353917321807736,SIM,,CQ P30,1.0,0.0,3.5,EPIDRAT CALM GEL DE LIMPEZA,3.5
SIM,LINHA,Dermocosméticos P22,Não,20808-0,EPISOL AC FPS 30 BG 60ML,MPR00185,0.0,0.0,0.0,0.0,0.0,0.0,0.0,0.0,0.6815846756639095,0.26841532433609055,0.6901812052254532,0.29785024154589373,1.9380314467713469,0.16150262056427891,SIM,,CQ P30,2.0,0.0,,EPISOL AC FPS 30,
SIM,LINHA,Dermocosméticos P22,Não,20810-1,EPISOL AC FPS 30 SCH 2ML AG,MPR00185,0.0,0.0,0.0,0.0,0.0,0.0,0.0,0.0,0.0,0.0,0.0,0.0,0.0,0.0,SIM,,CQ P30,2.0,0.0,,EPISOL AC FPS 30,
SIM,LINHA,Líquidos P24,Não,20811-0,DIPROSONE SOLUCAO 1X30ML OR,MPR00067,2.0,1.0,0.0,0.0,3.0,1.0,4.0,0.0,0.6815846756639093,1.6487777347869967,1.209818794774547,0.6429408441586203,15.183122049384073,1.2652601707820061,SIM,,CQ P30,3.0,1.0,2.3333333333333335,DIPROSONE SOLUÇÃO,2.3333333333333335
SIM,LINHA,Líquidos P24,Não,20812-0,DIPROSONE SOLUCAO 1X5ML AG,MPR00067,1.0,0.0,0.0,0.0,0.0,0.0,0.0,0.0,0.0,0.0,0.0,0.34509060261272656,1.3450906026127265,0.11209088355106055,SIM,,CQ P30,3.0,0.0,2.3333333333333335,DIPROSONE SOLUÇÃO,2.3333333333333335
SIM,LINHA,Semissólidos P01,Não,20814-0,"NIT BUTOCONAZOL 20MG/G CREM BG 6,5G +APL",MPR00031,1.0,0.0,0.0,1.0,0.0,1.0,0.0,0.0,0.0,0.0,0.6901812052254532,0.29785024154589373,3.9880314467713474,0.3323359538976123,SIM,,CQ P30,3.0,0.0,3.0,"UMMA 20,0 MG/G CREME / NITRATO DE BUTOCONAZOL 20,0 MG/G CREME / UNYCA 20,0 MG/G CREME",3.0
SIM,LINHA,Terceiro,Sim,20854-0,FLUXON 25MG COMP CT BL 3X10,EPR00781,0.0,2.0,3.0,4.0,0.0,6.0,0.0,3.0,1.9632364997823244,3.4247966846536917,2.3785775593482232,1.9760628935426938,27.742673637326934,2.3118894697772445,SIM,,CQ P30,0.0,0.0,,FLUXON 25 MG COMPRIMIDO CLONE (MATRIZ CINARIZINA  25 MG COMPRIMIDO SUN PHARMA),
SIM,LINHA,Terceiro,Sim,20855-0,FLUXON 75MG COMP CT BL 3X10,EPR00966,0.0,2.0,7.0,9.0,0.0,11.0,0.0,5.0,1.0768277242204392,5.787288121149127,6.275938027383574,3.965579815174066,51.1056336879272,4.258802807327267,SIM,,CQ P30,0.0,0.0,,FLUXON 75 MG COMPRIMIDO CLONE (MATRIZ CINARIZINA 75 MG COMPRIMIDO SUN PHARMA),
SIM,LINHA,Dermocosméticos P22,Não,20856-1,EPIDRAT CORPO INTENSIVO FR 450ML,MPR00961,5.0,7.0,13.0,6.0,4.0,13.0,3.0,3.0,9.542185459294732,5.828358156381627,2.752928100530879,0.851658988836571,72.97513070504381,6.081260892086984,SIM,,CQ P30,1.0,2.0,7.5,EPIDRAT CORPO INTENSIVO,7.5
SIM,LINHA,Sólidos P19,Não,20862-0,ATROVERAN DIP 1G CT BL X 10 CP,MPR00357,0.0,0.0,0.0,0.0,0.0,0.0,0.0,0.0,0.0,0.0,0.0,0.0,0.0,0.0,SIM,,CQ P30,3.0,0.0,18.875,DIPIRONA MONOIDRATADA 1 G COMPRIMIDO / LISADOR DIP 1 G COMPRIMIDO / ATROVERAN DIP 1 G COMPRIMIDO / MIRADOR 1 G COMPRIMIDO / NEOSALDINA DIP 1 G COMPRIMIDO,18.875
SIM,PROJETO,Sólidos P19,Não,20862-1,ATROVERAN DIP 1G CT BL X 10 CP,MPR00357,0.0,0.0,0.0,0.0,1.0,1.0,0.0,1.0,0.41359317780224836,0.47891706013806046,0.11897316279498525,0.556231563421829,4.567714964157123,0.3806429136797602,SIM,,CQ P30,3.0,1.0,18.875,DIPIRONA MONOIDRATADA 1 G COMPRIMIDO / LISADOR DIP 1 G COMPRIMIDO / ATROVERAN DIP 1 G COMPRIMIDO / MIRADOR 1 G COMPRIMIDO / NEOSALDINA DIP 1 G COMPRIMIDO,18.875
SIM,LINHA,Sólidos P19,Não,20865-0,EQUILIBRISSE CT BL AL 420MG X 10,MPR01022,0.0,0.0,0.0,2.0,0.0,0.0,2.0,0.0,0.4687389348425483,0.6592453326107459,0.6533333333333335,0.9168137602781699,6.698131361064798,0.5581776134220665,SIM,,CQ P30,2.0,1.0,3.0,MARACUGINA PI 420 MG COMPRIMIDO REVESTIDO E EQUILIBRISSE 420 MG COMPRIMIDO REVESTIDO,3.0
SIM,LINHA,Terceiro,Sim,20867-0,HEMITAR ZOLPIDEM SUBL 5MG B1 CT BL 30 CP,EPR00163,0.0,0.0,0.0,0.0,1.0,0.0,0.0,0.0,0.0,0.0,0.0,0.0,1.0,0.08333333333333333,SIM,,CQ P30,0.0,0.0,,LUNE SL COMPRIMIDO SUBLINGUAL 5 MG CLONE E HEMITARTARATO DE ZOLPIDEM COMPRIMIDO SUBLINGUAL 5 MG CLONE (MATRIZ HEMITARTARATO DE ZOLPIDEM COMPRIMIDO SUBLINGUAL 5 MG ZYDUS),
SIM,LINHA,Líquidos P24,Não,20873-0,MARACUGINA PI CT FR 150ML+COP (MARACUJA),MPR00117,0.0,0.0,2.0,0.0,0.0,2.0,0.0,1.0,0.6815846756639093,0.9585965295615437,0.9500000000000001,0.29785024154589373,7.888031446771348,0.6573359538976123,SIM,,CQ P30,2.0,1.0,2.0,MARACUGINA PI MARACUJÁ SOLUÇÃO,2.0
SIM,LINHA,Sólidos P19,Não,20876-0,MARACUGINA PI CT BL AL 840MG X 20,MPR01021,4.0,4.0,0.0,6.0,0.0,0.0,3.0,4.0,1.6405862719489186,2.782009598257571,2.228023598820059,2.7504412808345093,30.401060749861056,2.533421729155088,SIM,,CQ P30,2.0,1.0,5.0,MARACUGINA PI 840 MG COMPRIMIDO REVESTIDO,5.0
SIM,LINHA,Sólidos P19,Não,20895-0,CELECOXIBE 200MG 10 CAPSULAS C1,MPR00816,1.0,0.0,0.0,0.0,1.0,0.0,0.0,0.0,0.0,0.0,0.0,0.0,2.0,0.16666666666666666,SIM,,CQ P30,3.0,0.0,,"CELECOXIBE CÁPSULA DURA 200,0 MG",
SIM,LINHA,Sólidos P19,Não,20898-0,LIPNEO 100MG COMP CT BL 2X15,MPR00084,0.0,0.0,1.0,0.0,0.0,0.0,0.0,0.0,0.7031084022638223,0.2768915977361776,0.0,0.0,1.98,0.165,SIM,,CQ P30,3.0,1.0,9.75,CIPROFIBRATO COMPRIMIDO 100 MG GENERICO / CIBRATO COMPRIMIDO 100 MG / LIPNEO COMPRIMIDO 100 MG CLONE,9.75
SIM,LINHA,Terceiro,Sim,20900-1,CL TRAZODONA 50MG C1 CT BL 60 COMP,EPR00333,0.0,0.0,0.0,0.0,0.0,0.0,0.0,0.0,0.0,0.0,0.0,0.0,0.0,0.0,SIM,,CQ P30,0.0,0.0,,CLORIDRATO DE TRAZODONA COMPRIMIDO 50 MG CLONE (MATRIZ CLORIDRATO DE TRAZODONA COMPRIMIDO 50 MG ZYDUS),
SIM,LINHA,Terceiro,Sim,20901-1,CL TRAZODONA 100MG C1 CT BL 30 COMP,EPR00334,0.0,0.0,0.0,0.0,0.0,0.0,0.0,0.0,0.0,0.0,0.0,0.0,0.0,0.0,SIM,,CQ P30,0.0,0.0,,CLORIDRATO DE TRAZODONA COMPRIMIDO 100 MG CLONE (MATRIZ CLORIDRATO DE TRAZODONA COMPRIMIDO 100 MG ZYDUS),
SIM,LINHA,Sólidos P19,Não,20903-0,MACRODANTINA 100MG CT BL 40 CAP,MPR00274,0.0,0.0,0.0,1.0,0.0,2.0,2.0,1.0,0.7031084022638223,1.2261934659760991,1.3066666666666666,0.40967471819645734,9.645643253103046,0.8038036044252538,SIM,,CQ P30,3.0,1.0,3.6,MACRODANTINA 100 MG CÁPSULA DURA,3.6
,LINHA,Itapecerica,Não,20904-0,ALIVIUM GTS 20ML 100MG/ML OR,MPR00208,0.0,0.0,0.0,0.0,0.0,0.0,0.0,0.0,0.0,0.0,0.0,0.0,0.0,0.0,SIM,,CQ Ita,4.0,0.0,4.0,ALIVIUM 100 MG/ML SUSPENSÃO GOTAS,4.0
SIM,LINHA,Líquidos P24,Não,20905-0,ALIVIUM GTS 100MG/ML 10ML AG,MPR00208,0.0,3.0,0.0,3.0,3.0,0.0,0.0,0.0,4.3631693513278185,1.9171930591230875,1.209818794774547,0.29785024154589373,16.78803144677135,1.3990026205642792,SIM,,CQ P30,4.0,2.0,4.0,ALIVIUM 100 MG/ML SUSPENSÃO GOTAS,4.0
SIM,LINHA,Líquidos P24,Não,20907-0,CELESTAMINE GTS 20ML OR,MPR00918,2.0,0.0,0.0,0.0,0.0,0.0,0.0,0.0,0.0,0.0,0.0,0.6901812052254531,2.690181205225453,0.2241817671021211,SIM,,CQ P30,2.0,0.0,,"CELESTAMINE (MALEATO DE DEXCLORFENIRAMINA 2,0 MG/ML + BETAMETASONA 0,250 MG/ML) SOLUÇÃO GOTAS",
SIM,LINHA,Líquidos P24,Não,20929-0,NEOSORO SOL NAS AD CT FR 1X30ML,MPR00048,4.0,6.0,0.0,2.0,6.0,2.0,8.0,5.0,9.771092729647364,6.710175706930805,5.269637589549094,5.630338439082188,60.38124446520945,5.031770372100787,SIM,,CQ P30,4.0,2.0,5.0,"NEOSORO 0,5 MG/ML SOLUÇÃO GOTAS ADULTO ",5.0
SIM,LINHA,Dermocosméticos P22,Não,20937-0,EPIDRAT HYALU FR 50ML OR,MPR00370,0.0,1.0,1.0,0.0,0.0,0.0,1.0,0.0,0.0,0.0,0.0,0.0,3.0,0.25,SIM,,CQ P30,1.0,0.0,,EPIDRAT HYALU,
SIM,LINHA,Dermocosméticos P22,Não,20939-1,EPIDRAT HYALU SCH 2ML AG,MPR00370,0.0,0.0,1.0,0.0,0.0,0.0,0.0,0.0,0.0,0.0,0.0,0.0,1.0,0.08333333333333333,SIM,,CQ P30,1.0,0.0,,EPIDRAT HYALU,
SIM,LINHA,Sólidos P19,Sim,20940-0,SUC DESVENLA 50MG CT BLX30 CPRV LIB PROL,MPR01447,0.0,1.0,0.0,0.0,0.0,0.0,0.0,0.0,0.7031084022638223,0.9888679989161187,0.9800000000000001,0.7569348115772623,4.428911212757203,0.3690759343964336,SIM,,CQ P30,0.0,0.0,,SUCCINATO DE DESVENLAFAXINA COMPRIMIDO REVESTIDO DE LIBERAÇÃO PROLONGADA 50MG CLONE E AVIV COMPRIMIDO REVESTIDO DE LIBERAÇÃO PROLONGADA 50MG CLONE (MATRIZ SUCCINATO DE DESVENLAFAXINA COMPRIMIDO REVESTIDO 50MG ALTHAIA) ,
SIM,LINHA,Terceiro,Sim,20947-0,EPISOL INTENSE SPRAY FPS 30 TB 200ML OR,MPR00456,1.0,0.0,0.0,1.0,0.0,0.0,0.0,0.0,0.0,0.0,0.0,0.6901812052254531,2.690181205225453,0.2241817671021211,SIM,,CQ P30,0.0,0.0,,EPISOL INTENSE SPRAY FPS 30 AEROSSOL,
SIM,LINHA,Terceiro,Sim,20948-0,EPISOL INTENSE BRUMA FPS 50 TB 200ML OR,MPR00444,0.0,2.0,0.0,1.0,0.0,3.0,0.0,0.0,0.6815846756639093,0.26841532433609055,0.6901812052254531,0.9880314467713469,8.628212651996801,0.7190177209997334,SIM,,CQ P30,0.0,1.0,2.0,EPISOL INTENSE BRUMA FPS 50 AEROSSOL,2.0
SIM,LINHA,Sólidos P19,Sim,20951-0,AVIV 50MG C1 CT BL 30 CPRV LIB PROL,MPR01447,0.0,1.0,0.0,0.0,0.0,1.0,0.0,0.0,0.0,0.007494646215498653,0.010316006652771638,0.00323434218243903,2.0210449950507097,0.1684204162542258,SIM,,CQ P30,0.0,0.0,,SUCCINATO DE DESVENLAFAXINA COMPRIMIDO REVESTIDO DE LIBERAÇÃO PROLONGADA 50MG CLONE E AVIV COMPRIMIDO REVESTIDO DE LIBERAÇÃO PROLONGADA 50MG CLONE (MATRIZ SUCCINATO DE DESVENLAFAXINA COMPRIMIDO REVESTIDO 50MG ALTHAIA) ,
SIM,LINHA,Sólidos P19,Sim,20952-0,AVIV 100MG C1 CT BL 30 CPRV LIB PROL,EPR00809,0.0,0.0,0.0,0.0,0.0,0.0,0.0,0.0,0.0,0.018736467616151293,0.02578981302385558,0.008085791619556653,0.05261207225956352,0.004384339354963626,SIM,,CQ P30,0.0,0.0,,SUCCINATO DE DESVENLAFAXINA MONOIDRATADO COMPRIMIDO REVESTIDO DE LIBERAÇÃO PROLONGADA 100MG CLONE E AVIV COMPRIMIDO REVESTIDO DE LIBERAÇÃO PROLONGADA 100MG CLONE (MATRIZ SUCCINATO DE DESVENLAFAXINA COMPRIMIDO REVESTIDO 100MG ALTHAIA),
SIM,LINHA,Dermocosméticos P22,Não,20953-0,PIELUS DETOX BG 200ML OR,MPR00580,0.0,0.0,0.0,0.0,0.0,0.0,0.0,0.0,1.3631693513278187,0.5368306486721811,0.0,0.0,1.9,0.15833333333333333,SIM,,CQ P30,1.0,1.0,2.0,PIELUS DETOX,2.0
SIM,LINHA,Semissólidos P01,Não,20959-0,M-LIX CREME 1MG CT BG AL X 20G,MPR00168,0.0,0.0,0.0,0.0,0.0,0.0,0.0,0.0,0.0,0.0,0.0,0.0,0.0,0.0,SIM,,CQ P30,2.0,0.0,2.6666666666666665,"FUROATO DE MOMETASONA 1,0 MG/G CREME GENÉRICO / M-LIX 1,0 MG/G CREME",2.6666666666666665
SIM,LINHA,Dermocosméticos P22,Não,20979-0,EPIDRAT ROSTO ACQUA BG 50ML OR,MPR00647,0.0,3.0,1.0,7.0,0.0,9.0,0.0,3.0,4.044754026991727,2.185608383459178,1.209818794774547,0.29785024154589373,30.738031446771345,2.5615026205642786,SIM,,CQ P30,1.0,2.0,3.25,EPIDRAT ROSTO ACQUA EMULSÃO,3.25
SIM,LINHA,Dermocosméticos P22,Não,20981-0,EPIDRAT ROSTO ACQUA SCH 2ML AG,MPR00647,0.0,0.0,0.0,2.0,0.0,2.0,0.0,0.0,0.0,0.0,0.0,0.0,4.0,0.3333333333333333,SIM,,CQ P30,1.0,0.0,3.25,EPIDRAT ROSTO ACQUA EMULSÃO,3.25
SIM,LINHA,Líquidos P01,Sim,20987-0,ATROVERAN DIP GOTAS FR 20ML,EPR00324,0.0,0.0,0.0,0.0,0.0,0.0,0.0,0.0,0.0,0.0,0.0,0.0,0.0,0.0,SIM,,CQ P30,0.0,0.0,,"LISADOR DIP SOLUÇÃO GOTAS 500,0 MG/ML CLONE / ATROVERAN DIP SOLUÇÃO GOTAS 500,0 MG/ML CLONE (MATRIZ DIPIRONA MONOIDRATADA SOLUÇÃO MARIOL)",
SIM,LINHA,Terceiro,Sim,20994-0,COLEDUE 10MG CT BL X 30 COMP,MPR01419,0.0,0.0,0.0,0.0,0.0,0.0,0.0,1.0,0.0,0.0,0.0,0.0,1.0,0.08333333333333333,SIM,,CQ P30,0.0,0.0,,COLEDUE 10 MG COMPRIMIDO,
SIM,LINHA,Líquidos P01,Sim,21003-0,LISADOR DIP 500MG/ML SOL OR FR X 20ML,EPR00324,0.0,0.0,0.0,0.0,0.0,0.0,0.0,0.0,0.0,0.0,0.0,0.0,0.0,0.0,SIM,,CQ P30,0.0,0.0,,"LISADOR DIP SOLUÇÃO GOTAS 500,0 MG/ML CLONE / ATROVERAN DIP SOLUÇÃO GOTAS 500,0 MG/ML CLONE (MATRIZ DIPIRONA MONOIDRATADA SOLUÇÃO MARIOL)",
SIM,LINHA,Líquidos P01,Sim,21004-0,LISADOR DIP 500MG/ML SOL OR FR X 10ML AG,EPR00324,0.0,0.0,0.0,0.0,0.0,0.0,0.0,0.0,0.0,0.0,0.0,0.0,0.0,0.0,SIM,,CQ P30,0.0,0.0,,"LISADOR DIP SOLUÇÃO GOTAS 500,0 MG/ML CLONE / ATROVERAN DIP SOLUÇÃO GOTAS 500,0 MG/ML CLONE (MATRIZ DIPIRONA MONOIDRATADA SOLUÇÃO MARIOL)",
SIM,LINHA,Sólidos P01,Não,21006-0,NEOSULIDA 100MG COMP CT BL X12,MPR00612,2.0,0.0,0.0,0.0,0.0,0.0,2.0,0.0,0.2271948918879698,0.3195321765205145,0.31666666666666665,0.5725516077590995,5.43594534283425,0.4529954452361875,SIM,,CQ P30,2.0,1.0,5.333333333333333,NIMESULIDA 100 MG COMPRIMIDO / NEOSULIDA 100 MG COMPRIMIDO,5.333333333333333
SIM,LINHA,Líquidos P24,Não,21014-0,BLUMEL HEDERA 15MG/ML XPE FR X100ML,MPR00065,0.0,0.0,0.0,0.0,0.0,1.0,1.0,0.0,2.6815846756639092,0.26841532433609055,0.6901812052254531,0.29785024154589373,5.9380314467713475,0.4948359538976123,SIM,,CQ P30,2.0,2.0,2.3333333333333335,"BLUMEL HEDERA 15,0 MG/ML XAROPE / BENETOSSE HEDERA 15,0 MG/ML XAROPE",2.3333333333333335
SIM,LINHA,Terceiro,Não,21016-0,ADACNE GEL CT BG 30G C2,Método não encontrado,0.0,0.0,0.0,0.0,0.0,0.0,0.0,0.0,0.0,0.0,0.0,0.0,0.0,0.0,NÃO,,CQ P30,0x2a,0.0,,Método não encontrado,
SIM,LINHA,Terceiro,Não,21018-0,ADACNE GEL CLIN CT BG 45G C2,Método não encontrado,0.0,0.0,1.0,1.0,1.0,0.0,2.0,4.0,0.6815846756639095,1.648777734786997,0.519637589549094,0.0,11.85,0.9874999999999999,NÃO,,CQ P30,0x2a,0.0,,Método não encontrado,
SIM,LINHA,Terceiro,Não,21019-0,ADACNE GEL CLIN CT BG 15G C2 AG,Método não encontrado,0.0,0.0,1.0,0.0,0.0,0.0,1.0,0.0,0.0,0.0,0.0,0.690181205225453,2.690181205225453,0.2241817671021211,NÃO,,CQ P30,0x2a,0.0,,Método não encontrado,
SIM,LINHA,Terceiro,Não,21020-0,DERIVA C MICRO GEL CT BG 30G C2,Método não encontrado,0.0,0.0,3.0,0.0,0.0,2.0,1.0,0.0,0.6815846756639092,1.6487777347869965,0.5196375895490939,0.690181205225453,9.540181205225453,0.7950151004354544,NÃO,,CQ P30,0x2a,0.0,,Método não encontrado,
SIM,LINHA,Terceiro,Não,21021-0,DERIVA C MICRO GEL CT BG 15G C2 AG,Método não encontrado,0.0,1.0,0.0,0.0,0.0,0.0,1.0,0.0,0.0,0.690181205225453,0.25981879477454695,0.0,2.95,0.24583333333333335,NÃO,,CQ P30,0x2a,0.0,,Método não encontrado,
SIM,LINHA,Terceiro,Não,21022-0,DERIVA MICRO GEL CT BG 30G C2,Método não encontrado,0.0,6.0,4.0,0.0,0.0,0.0,0.0,0.0,0.0,0.0,0.0,0.0,10.0,0.8333333333333334,NÃO,,CQ P30,0x2a,0.0,,Método não encontrado,
SIM,LINHA,Terceiro,Não,21023-0,DERIVA MICRO GEL CT BG 15G C2 AG,Método não encontrado,0.0,0.0,2.0,0.0,0.0,0.0,2.0,0.0,0.0,0.0,0.0,0.0,4.0,0.3333333333333333,NÃO,,CQ P30,0x2a,0.0,,Método não encontrado,
SIM,LINHA,Terceiro,Não,21024-0,DERMOTIL FUSID CR CT BG 10G,Método não encontrado,0.0,6.0,1.0,0.0,0.0,0.0,0.0,0.0,0.0,1.3803624104509062,1.9000000000000001,1.2858816883172406,11.566244098768149,0.9638536748973457,NÃO,,CQ P30,0x2a,0.0,,Método não encontrado,
SIM,LINHA,Terceiro,Não,21025-0,DERMOTIL FUSID CR CT BG 5G AG,Método não encontrado,0.0,1.0,0.0,0.0,0.0,0.0,2.0,0.0,0.6815846756639093,0.26841532433609055,0.0,0.6901812052254531,4.640181205225453,0.38668176710212104,NÃO,,CQ P30,0x2a,0.0,,Método não encontrado,
SIM,LINHA,Terceiro,Não,21028-0,HALOBEX CR CT BG 30G,Método não encontrado,0.0,9.0,1.0,1.0,0.0,0.0,4.0,1.0,2.044754026991728,2.875789588684631,2.8500000000000005,1.5837319298631343,25.354275545539494,2.1128562954616243,NÃO,,CQ P30,0x2a,0.0,,Método não encontrado,
SIM,LINHA,Terceiro,Não,21029-0,HALOBEX CR CT BG 15G AG,Método não encontrado,0.0,1.0,1.0,0.0,0.0,0.0,0.0,0.0,0.6815846756639093,0.26841532433609055,0.0,0.0,2.9499999999999997,0.24583333333333332,NÃO,,CQ P30,0x2a,0.0,,Método não encontrado,
SIM,LINHA,Terceiro,Não,21030-0,"TACROZ 0,1% POM CT BG 10G",Método não encontrado,0.0,0.0,2.0,0.0,1.0,0.0,1.0,0.0,0.0,0.6901812052254531,0.9500000000000001,0.29785024154589373,5.9380314467713475,0.4948359538976123,NÃO,,CQ P30,0x2a,0.0,,Método não encontrado,
SIM,LINHA,Terceiro,Não,21032-0,"TACROZ 0,03% POM CT BG 10G",Método não encontrado,0.0,0.0,2.0,0.0,0.0,0.0,0.0,0.0,0.0,0.6901812052254531,0.25981879477454695,0.0,2.95,0.24583333333333335,NÃO,,CQ P30,0x2a,0.0,,Método não encontrado,
SIM,LINHA,Terceiro,Não,21033-0,"TACROZ 0,03% POM CT BG 5G AG",Método não encontrado,0.0,1.0,0.0,0.0,0.0,0.0,0.0,0.0,0.0,0.0,0.0,0.6901812052254531,1.690181205225453,0.14084843376878775,NÃO,,CQ P30,0x2a,0.0,,Método não encontrado,
SIM,LINHA,Dermocosméticos P22,Não,21036-0,GLYCARE SABONETE LIQUIDO FR 150ML OR,MPR01150,0.0,1.0,2.0,1.0,1.0,1.0,1.0,0.0,0.0,0.690181205225453,0.95,0.2978502415458937,8.938031446771346,0.7448359538976121,SIM,,CQ P30,1.0,0.0,3.3333333333333335,GLYCARE SABONETE LIQUIDO,3.3333333333333335
SIM,LINHA,Dermocosméticos P22,Não,21037-0,GLYCARE SABONETE LIQUIDO FR 300ML OR,MPR01150,0.0,0.0,1.0,0.0,0.0,0.0,0.0,1.0,1.363169351327819,0.5368306486721811,2.070543615676359,0.893550724637681,6.86409434031404,0.5720078616928367,SIM,,CQ P30,1.0,1.0,3.3333333333333335,GLYCARE SABONETE LIQUIDO,3.3333333333333335
SIM,LINHA,Terceiro,Sim,21038-0,EPISOL BRUMA FACIAL FPS 50 TB 75ML OR,MPR00290,1.0,0.0,0.0,0.0,0.0,0.0,0.0,0.0,0.0,0.0,0.0,0.6901812052254531,1.690181205225453,0.14084843376878775,SIM,,CQ P30,0.0,0.0,,EPISOL BRUMA FACIAL FPS 50 AEROSSOL,
SIM,LINHA,Efervescentes P35,Sim,21045-0,"RINOSORO XT JET 0,9% SPR INF NAS FR100ML",EPR00482,0.0,10.0,0.0,0.0,2.0,1.0,4.0,0.0,0.0,0.0,0.6901812052254531,2.3683938572222534,20.05857506244771,1.6715479218706424,SIM,,CQ P30,0.0,0.0,,"RINOSORO XT JET 0,9% SPRAY NASAL INFANTIL  ",
SIM,LINHA,Sólidos P19,Não,21067-0,ADDERA D3 14/000UI CAP GEL CT 4UN,MPR01322,0.0,0.0,0.0,0.0,0.0,0.0,0.0,0.0,0.0,0.0,0.0,0.0,0.0,0.0,SIM,,CQ P30,2.0,0.0,,ADDERA D3 14.000 UI CÁPSULA MOLE,
SIM,PROJETO,Sólidos P19,Não,21067-1,ADDERA D3 14.000UI CT BL 4 CAP MOLE,MPR01322,0.0,0.0,0.0,0.0,0.0,1.0,2.0,0.0,0.06093606152953128,0.08570189323939698,0.08493333333333336,0.026628856682769732,3.258200144785031,0.2715166787320859,SIM,,CQ P30,2.0,0.0,,ADDERA D3 14.000 UI CÁPSULA MOLE,
SIM,LINHA,Sólidos P19,Não,21076-0,ADDERA D3 14/000UI CAP GEL CT 1UN AG,MPR01322,0.0,0.0,0.0,0.0,0.0,0.0,0.0,0.0,0.0,0.0,0.0,0.0,0.0,0.0,SIM,,CQ P30,2.0,0.0,,ADDERA D3 14.000 UI CÁPSULA MOLE,
SIM,PROJETO,Sólidos P19,Não,21076-1,ADDERA D3 14.000UI CT BL 1 CAP MOLE AG,MPR01322,0.0,0.0,0.0,0.0,0.0,1.0,1.0,0.0,0.023436946742127412,0.03296226663053729,0.03266666666666668,0.010241867954911435,2.0993077479942426,0.17494231233285354,SIM,,CQ P30,2.0,0.0,,ADDERA D3 14.000 UI CÁPSULA MOLE,
SIM,LINHA,Cosmed P01,Não,21079-0,COLEDUE-R 10MG + 5MG CAP DURA CT X 30,MPR00150,0.0,1.0,1.0,1.0,1.0,0.0,0.0,2.0,0.0,0.21687090701501202,0.08164107810483918,0.6625805828222633,6.9610925679421145,0.5800910473285096,SIM,,CQ P30,4.0,0.0,2.0,COLEDUE R (EZETIMIBA 10 MG + ROSUVASTATINA 5 MG) CÁPSULA DURA,2.0
SIM,LINHA,Cosmed P01,Não,21080-0,COLEDUE-R 10MG + 10MG CAP DURA CT X 30,MPR00152,0.0,2.0,2.0,0.0,0.0,4.0,1.0,2.0,1.2570251083442483,1.7911203547791565,2.4756551459319907,0.8578172738249122,17.38161788288031,1.4484681569066924,SIM,,CQ P30,4.0,1.0,2.3333333333333335,COLEDUE R (EZETIMIBA 10 MG + ROSUVASTATINA 10 MG) CÁPSULA DURA,2.3333333333333335
SIM,LINHA,Cosmed P01,Não,21081-0,COLEDUE-R 10MG + 20MG CAP DURA CT X 30,MPR00149,2.0,4.0,1.0,3.0,3.0,7.0,3.0,1.0,0.0,1.3289498457308713,6.080076679679072,2.407980377186102,33.81700690259604,2.8180839085496703,SIM,,CQ P30,4.0,0.0,2.4,COLEDUE R (EZETIMIBA 10 MG + ROSUVASTATINA 20 MG) CÁPSULA DURA,2.4
SIM,LINHA,Cosmed P01,Não,21083-0,COLEDUE-R 10MG+10MG CAP DURA CT X 5 AG,MPR00152,0.0,0.0,0.0,0.0,0.0,1.0,0.0,0.0,0.0,0.21409420986093558,0.08059579013906447,0.0,1.29469,0.10789083333333332,SIM,,CQ P30,4.0,0.0,2.3333333333333335,COLEDUE R (EZETIMIBA 10 MG + ROSUVASTATINA 10 MG) CÁPSULA DURA,2.3333333333333335
SIM,LINHA,Dermocosméticos P22,Não,21088-0,IVY C SABONETE LIQUIDO BG 200ML,MPR00614,0.0,0.0,0.0,3.0,0.0,5.0,1.0,2.0,0.6815846756639093,1.6487777347869967,0.5196375895490939,0.0,13.85,1.1541666666666666,SIM,,CQ P30,1.0,1.0,3.25,IVY C SABONETE LÍQUIDO VISCOSO,3.25
SIM,LINHA,Dermocosméticos P22,Não,21090-0,IVY C SABONETE LIQUIDO SCH 10ML AG,MPR00614,0.0,0.0,0.0,0.0,0.0,0.0,0.0,0.0,0.0,0.0,0.0,0.0,0.0,0.0,SIM,,CQ P30,1.0,0.0,3.25,IVY C SABONETE LÍQUIDO VISCOSO,3.25
SIM,LINHA,Dermocosméticos P22,Não,21090-1,IVY C SABONETE LIQUIDO SCH 7ML AG,MPR00614,0.0,0.0,0.0,0.0,0.0,0.0,0.0,0.0,0.0,0.0,0.0,0.0,0.0,0.0,SIM,,CQ P30,1.0,0.0,3.25,IVY C SABONETE LÍQUIDO VISCOSO,3.25
SIM,PROJETO,Estéreis P55,Não,21093-1,BUSCOPAN COMPO INJ A.IV 5ML X 3,Método não encontrado,0.0,0.0,0.0,0.0,0.0,0.0,0.0,0.0,0.0,0.0,0.0,0.0,0.0,0.0,NÃO,,CQ P30,0x2a,0.0,,Método não encontrado,
SIM,LINHA,Sólidos P19,Não,21097-1,MIRADOR 1G COMPRIMIDO CT BL X 10,MPR00357,0.0,0.0,6.0,0.0,0.0,2.0,2.0,2.0,0.8577915691437183,0.7555016394565051,0.8673210841786987,1.016517739511178,15.497132032290098,1.2914276693575082,SIM,,CQ P30,3.0,1.0,18.875,DIPIRONA MONOIDRATADA 1 G COMPRIMIDO / LISADOR DIP 1 G COMPRIMIDO / ATROVERAN DIP 1 G COMPRIMIDO / MIRADOR 1 G COMPRIMIDO / NEOSALDINA DIP 1 G COMPRIMIDO,18.875
SIM,LINHA,Efervescentes P35,Não,21098-1,ESTOMAZIL SEM SABOR PO EF CT ENV 6X5G,MPR00191,0.0,0.0,1.0,0.0,0.0,0.0,0.0,0.0,0.0,0.6901812052254531,0.25981879477454695,0.0,1.95,0.1625,SIM,,CQ P30,2.0,0.0,2.0,ESTOMAZIL SEM SABOR PÓ EFERVESCENTE ENVELOPE,2.0
SIM,LINHA,Efervescentes P35,Não,21099-1,ESTOMAZIL ABACAXI PO EF CT ENV 6X5G,MPR00192,2.0,0.0,3.0,4.0,2.0,7.0,6.0,3.0,5.089508053983456,5.0613979721438085,4.059818794774547,2.571763376634481,43.782488197536296,3.6485406831280245,SIM,,CQ P30,2.0,1.0,5.583333333333333,ESTOMAZIL SABOR ABACAXI PÓ EFERVESCENTE ENVELOPE,5.583333333333333
SIM,LINHA,Líquidos P24,Não,21106-0,MINOXIDIL 50MG/ML SOL CAP X 50ML,MPR00340,1.0,0.0,0.0,0.0,1.0,1.0,2.0,1.0,2.3631693513278185,2.6073742643485405,0.779456384323641,0.6901812052254531,12.440181205225453,1.0366817671021211,SIM,,CQ P30,4.0,1.0,2.5714285714285716,MINOXIDIL 50 MG/ML SOLUÇÃO SPRAY / PIELUS MX 50 MG/ML SOLUÇÃO SPRAY,2.5714285714285716
SIM,LINHA,Líquidos P24,Não,21110-0,PIELUS MX 50MG/ML SOL CAP X 50ML,MPR00340,0.0,0.0,0.0,0.0,0.0,0.0,1.0,0.0,0.0,0.0,0.0,0.0,1.0,0.08333333333333333,SIM,,CQ P30,4.0,0.0,2.5714285714285716,MINOXIDIL 50 MG/ML SOLUÇÃO SPRAY / PIELUS MX 50 MG/ML SOLUÇÃO SPRAY,2.5714285714285716
SIM,LINHA,Terceiro,Não,21111-1,AMOME SPR NASAL 50MCG 60 ACIONAMENTOS AG,MPR00883,0.0,0.0,0.0,0.0,0.0,0.0,1.0,0.0,0.0,0.0,0.0,0.0,1.0,0.08333333333333333,SIM,,CQ P30,4.0,0.0,2.0,AMOME 50 MCG/ACIONAMENTO SUSPENSÃO SPRAY NASAL - 60 ACIONAMENTOS,2.0
SIM,LINHA,Terceiro,Não,21112-0,AMOME SPR NASAL 50MCG 120 ACIONAMENTOS,MPR00882,7.0,5.0,0.0,4.0,5.0,0.0,2.0,0.0,3.256316975255322,0.49475104183295143,4.475758691785087,3.8497124473385487,35.07653915621191,2.9230449296843255,SIM,,CQ P30,4.0,2.0,2.25,AMOME 50 MCG/ACIONAMENTO SUSPENSÃO SPRAY NASAL - 120 ACIONAMENTOS,2.25
SIM,LINHA,Terceiro,Não,21113-0,AMOME SPR NASAL 50MCG 60 ACIONAMENTOS,MPR00883,2.0,3.0,0.0,2.0,1.0,0.0,1.0,0.0,1.628158487627661,0.24737552091647572,0.6311117918468239,0.2723586186074629,11.779004418998424,0.981583701583202,SIM,,CQ P30,4.0,1.0,2.0,AMOME 50 MCG/ACIONAMENTO SUSPENSÃO SPRAY NASAL - 60 ACIONAMENTOS,2.0
SIM,LINHA,Sólidos P19,Não,21114-0,TENSALIV 5MG COMP CT BL 2X15,MPR00441,2.0,0.0,3.0,2.0,0.0,0.0,5.0,0.0,1.4686463257920006,2.0655383275543775,2.0470149334613024,0.6417935709257898,18.22299315773347,1.5185827631444557,SIM,,CQ P30,4.0,1.0,4.538461538461538,BESILATO DE ANLODIPINO 5 MG COMPRIMIDO / TENSALIV 5 MG COMPRIMIDO,4.538461538461538
SIM,LINHA,Sólidos P19,Não,21115-0,TENSALIV 10MG COMP CT BL 2X15,MPR00442,0.0,0.0,0.0,0.0,4.0,0.0,0.0,0.0,0.9341646615895796,1.3138308923488342,1.7800546121001874,2.038464879654568,10.06651504569317,0.8388762538077641,SIM,,CQ P30,4.0,1.0,5.0,BESILATO DE ANLODIPINO  10 MG COMPRIMIDO / TENSALIV 10 MG COMPRIMIDO,5.0
SIM,LINHA,Sólidos P19,Não,21152-0,DORIL ENXAQUECA CT BL 8 CPRV,MPR00108,2.0,4.0,0.0,1.0,5.0,1.0,4.0,4.0,4.34369467421274,3.2962266630537287,3.2666666666666666,2.4481395978510254,34.35472760178416,2.862893966815347,SIM,,CQ P30,3.0,1.0,5.818181818181818,DORIL ENXAQUECA COMPRIMIDO REVESTIDO,5.818181818181818
SIM,LINHA,Dermocosméticos P22,Não,21154-0,EPISOL SEC OC FPS 60 CLARO BG 60ML,MPR00636,0.0,0.0,0.0,0.0,1.0,1.0,2.0,0.0,0.0,0.0,1.3803624104509062,0.5957004830917875,5.976062893542694,0.4980052411285578,SIM,,CQ P30,2.0,0.0,,EPISOL SEC OC FPS 60 CLARO EMULSÃO,
SIM,LINHA,Dermocosméticos P22,Não,21156-2,EPISOL SEC OC FPS 60 CLARO SCH 2ML AG,MPR00636,0.0,0.0,0.0,0.0,0.0,2.0,0.0,0.0,0.0,0.0,0.0,0.0,2.0,0.16666666666666666,SIM,,CQ P30,2.0,0.0,,EPISOL SEC OC FPS 60 CLARO EMULSÃO,
SIM,LINHA,Dermocosméticos P22,Não,21157-0,EPISOL SEC OC FPS 60 MEDIO BG 60ML,MPR00690,1.0,0.0,0.0,0.0,1.0,0.0,0.0,1.0,2.6815846756639092,0.26841532433609055,0.6137661027868511,0.264873022597057,6.8286391253839085,0.569053260448659,SIM,,CQ P30,2.0,2.0,2.0,EPISOL SEC OC FPS 60 MEDIO EMULSÃO,2.0
SIM,LINHA,Dermocosméticos P22,Não,21159-2,EPISOL SEC OC FPS 60 MEDIO SCH 2ML AG,MPR00690,0.0,1.0,0.0,0.0,0.0,1.0,0.0,0.0,0.0,0.0,0.08185811094500972,0.035326169320269045,2.1171842802652785,0.17643202335543987,SIM,,CQ P30,2.0,0.0,2.0,EPISOL SEC OC FPS 60 MEDIO EMULSÃO,2.0
SIM,LINHA,Dermocosméticos P22,Não,21166-0,GLYCARE CONTROL SOL ANTIOLEO FR 100ML,MPR00559,0.0,0.0,0.0,0.0,0.0,0.0,0.0,1.0,0.6815846756639093,0.26841532433609055,0.0,0.0,1.9499999999999997,0.16249999999999998,SIM,,CQ P30,1.0,1.0,2.0,GLYCARE CONTROL SOLUÇÃO ANTIOLEOSIDADE LÍQUIDO,2.0
SIM,LINHA,Dermocosméticos P22,Não,21167-0,GLYCARE CONTROL SOL ANTIOLEO FR 10ML AG,MPR00559,0.0,0.0,0.0,0.0,0.0,0.0,0.0,0.0,0.0,0.0,0.0,0.0,0.0,0.0,SIM,,CQ P30,1.0,0.0,2.0,GLYCARE CONTROL SOLUÇÃO ANTIOLEOSIDADE LÍQUIDO,2.0
SIM,LINHA,Líquidos P24,Não,21180-0,"BLUSORO JET INFANTIL 0,9% FR 100ML",MPR00007,0.0,0.0,0.0,0.0,0.0,0.0,0.0,0.0,0.0,0.0,0.0,0.0,0.0,0.0,SIM,,CQ P30,2.0,0.0,8.285714285714286,"RINOSORO JET 0,9% SOLUÇÃO INFANTIL",8.285714285714286
SIM,LINHA,Efervescentes P35,Sim,21228-0,VENALOT CREM DERM X 240ML F3,MPR00378,5.0,0.0,11.0,0.0,0.0,9.0,0.0,0.0,0.0,0.0,0.0,0.0,25.0,2.0833333333333335,SIM,,CQ P30,0.0,0.0,4.1,VENALOT CREME,4.1
SIM,LINHA,Cosmed P01,Não,21249-0,ONDIF 4MG CT ENV X 10 FILMES,MPR00211,1.0,4.0,0.0,3.0,2.0,0.0,2.0,2.0,0.8882807803138669,2.1487830127549836,2.4761904761904767,2.5753200617599017,22.08857433101923,1.840714527584936,SIM,,CQ P30,2.0,1.0,2.3333333333333335,ONDIF 4 MG FILME,2.3333333333333335
SIM,LINHA,Cosmed P01,Não,21250-0,ONDIF 8MG CT ENV X 10 FILMES,MPR00211,0.0,4.0,1.0,3.0,2.0,0.0,1.0,2.0,0.8882807803138669,1.2492987352681773,1.8971404490999944,2.2622546246492274,19.296974589331263,1.6080812157776052,SIM,,CQ P30,2.0,1.0,2.3333333333333335,ONDIF 4 MG FILME,2.3333333333333335
SIM,LINHA,Aerossóis P45,Não,21258-0,CALMINEX DICLO AEROSSOL 85ML,MPR00105,0.0,1.0,0.0,0.0,1.0,0.0,0.0,1.0,0.6815846756639093,0.26841532433609055,0.0,0.0,3.9499999999999997,0.32916666666666666,SIM,,CQ P30,3.0,1.0,6.0,"NEOCOFLAN 11,6MG/G SOLUÇÃO AEROSSOL/ CALMINEX SOLUÇÃO AEROSSOL CLONE",6.0
SIM,LINHA,Sólidos P19,Não,21520-0,PERIDAL 10MG COMP 30UN,MPR00187,1.0,0.0,0.0,0.0,1.0,1.0,0.0,1.0,0.1310507483776966,0.4368777996393471,0.1642978457137749,0.008313204508856684,4.740539598239675,0.3950449665199729,SIM,,CQ P30,2.0,1.0,4.4,PERIDAL 10 MG COMPRIMIDO / DOMPERIDONA 10 MG COMPRIMIDO,4.4
SIM,LINHA,Sólidos P19,Não,21521-0,PERIDAL 10MG COMP 60UN,MPR00187,1.0,0.0,0.0,0.0,1.0,0.0,0.0,1.0,0.2064009948131948,0.6977127006112827,0.5145853818420191,0.12192699946323135,4.540626076729728,0.378385506394144,SIM,,CQ P30,2.0,1.0,4.4,PERIDAL 10 MG COMPRIMIDO / DOMPERIDONA 10 MG COMPRIMIDO,4.4
SIM,LINHA,Sólidos P19,Não,21522-0,PERIDAL 10MG COMP 10UN AG,MPR00187,0.0,0.0,0.0,0.0,0.0,0.0,0.0,0.0,0.0,0.0,0.0,0.0,0.0,0.0,SIM,,CQ P30,2.0,0.0,4.4,PERIDAL 10 MG COMPRIMIDO / DOMPERIDONA 10 MG COMPRIMIDO,4.4
SIM,LINHA,Dermocosméticos P22,Não,21528-0,CELAMINA ULTRA SHAMPOO FR 200ML,MPR00639,0.0,1.0,0.0,0.0,2.0,0.0,0.0,0.0,0.0,2.070543615676359,1.469637589549094,0.29785024154589373,6.838031446771347,0.5698359538976122,SIM,,CQ P30,1.0,0.0,2.0,CELAMINA ULTRA SHAMPOO LÍQUIDO VISCOSO,2.0
SIM,LINHA,Dermocosméticos P22,Não,21529-0,CELAMINA ZINCO SHAMPOO FR 200ML,MPR00641,0.0,1.0,0.0,0.0,0.0,0.0,0.0,0.0,0.0,1.3803624104509062,1.209818794774547,0.29785024154589373,3.888031446771347,0.3240026205642789,SIM,,CQ P30,1.0,0.0,,CELAMINA ZINCO SHAMPOO LÍQUIDO VISCOSO,
SIM,LINHA,Dermocosméticos P22,Não,21534-0,IVY C FERULIC CT FR PUMP 30G,MPR00577,0.0,0.0,1.0,0.0,1.0,0.0,0.0,1.0,0.0,0.0,0.0,0.0,3.0,0.25,SIM,,CQ P30,1.0,0.0,,IVY C FERULIC CREME,
SIM,LINHA,Terceiro,Não,21538-1,AXETILCEFUROXIMA 500MG CT BL X 10CPR,MPR00712,0.0,1.0,0.0,0.0,1.0,0.0,0.0,0.0,0.6610132109075078,1.6185279299575268,0.5112997682258743,0.0,4.790840909090909,0.39923674242424245,SIM,,CQ P30,3.0,1.0,3.0,AXETILCEFUROXIMA 500 MG COMPRIMIDO / AURA  500 MG COMPRIMIDO,3.0
SIM,LINHA,Cosmed P01,Não,21543-0,NOVOTRAM PAR CT BL 10 CPRV A2,MPR00979,0.0,0.0,0.0,0.0,0.0,0.0,1.0,0.0,0.0,0.0,0.0,0.0,1.0,0.08333333333333333,SIM,,CQ P30,4.0,0.0,2.8,"NOVOTRAM PAR COMPRIMIDO REVESTIDO / CLORIDRATO DE TRAMADOL 37,5 MG + PARACETAMOL 325,0 MG COMPRIMIDO REVESTIDO CLONE",2.8
SIM,LINHA,Cosmed P01,Não,21544-0,NOVOTRAM PAR CT BL 20 CPRV A2,MPR00979,0.0,0.0,0.0,0.0,0.0,0.0,1.0,0.0,1.6245611493252068,0.2459588506747932,0.0,0.0,2.87052,0.23921,SIM,,CQ P30,4.0,1.0,2.8,"NOVOTRAM PAR COMPRIMIDO REVESTIDO / CLORIDRATO DE TRAMADOL 37,5 MG + PARACETAMOL 325,0 MG COMPRIMIDO REVESTIDO CLONE",2.8
SIM,LINHA,Sólidos P19,Não,21546-0,PREDSIM 40MG CPRV CT BL 10,MPR01026,0.0,0.0,0.0,3.0,0.0,0.0,1.0,1.0,0.2343694674212741,0.43794479019917826,0.6475854614412138,0.3768253551325197,6.696725074194186,0.5580604228495155,SIM,,CQ P30,4.0,1.0,3.0,PREDSIM 40 MG COMPRIMIDO REVESTIDO / PREDNISOLONA 40 MG COMPRIMIDO REVESTIDO,3.0
SIM,LINHA,Sólidos P19,Não,21549-0,PREDSIM 5MG CPRV CT BL 20,MPR00931,0.0,0.0,0.0,0.0,1.0,1.0,0.0,0.0,1.0740611486728795,0.10416132085717764,0.10322721996456569,0.032364476211112624,3.3138141657057356,0.276151180475478,SIM,,CQ P30,3.0,1.0,2.6666666666666665,PREDSIM 5 MG COMPRIMIDO REVESTIDO / PREDNISOLONA 5 MG COMPRIMIDO REVESTIDO,2.6666666666666665
SIM,LINHA,Sólidos P19,Não,21550-0,PREDSIM 5MG CPRV CT BL 10,MPR00931,0.0,0.0,0.0,0.0,0.0,0.0,0.0,0.0,0.07406091463913482,0.1041609917066796,0.10322689376583297,0.0323643739391428,0.31381317405079023,0.02615109783756585,SIM,,CQ P30,3.0,1.0,2.6666666666666665,PREDSIM 5 MG COMPRIMIDO REVESTIDO / PREDNISOLONA 5 MG COMPRIMIDO REVESTIDO,2.6666666666666665
SIM,LINHA,Sólidos P19,Não,21552-0,PREDSIM 20MG CPRV CT BL 3 AG TRIB,MPR00947,0.0,2.0,0.0,2.0,0.0,1.0,1.0,0.0,0.4042873313016978,0.5685990993767682,0.5635000000000001,0.4525630776794494,7.988949508357916,0.6657457923631597,SIM,,CQ P30,3.0,1.0,4.2,PREDSIM 20 MG COMPRIMIDO REVESTIDO / PREDNISOLONA 20 MG COMPRIMIDO REVESTIDO,4.2
SIM,LINHA,Sólidos P19,Não,21554-0,PREDSIM 20MG CPRV CT BL 20,MPR00947,0.0,3.0,0.0,1.0,0.0,0.0,1.0,0.0,0.11849783787660721,0.16665811337148423,0.16516355194330512,0.051783161937780195,5.5021026651291765,0.45850855542743135,SIM,,CQ P30,3.0,1.0,4.2,PREDSIM 20 MG COMPRIMIDO REVESTIDO / PREDNISOLONA 20 MG COMPRIMIDO REVESTIDO,4.2
SIM,LINHA,Sólidos P19,Não,21555-0,PREDSIM 20MG CPRV CT BL 10,MPR00947,0.0,2.0,0.0,2.0,0.0,1.0,1.0,0.0,1.4687389348425481,0.6592453326107458,0.6533333333333333,0.20483735909822867,8.986154959884857,0.7488462466570714,SIM,,CQ P30,3.0,1.0,4.2,PREDSIM 20 MG COMPRIMIDO REVESTIDO / PREDNISOLONA 20 MG COMPRIMIDO REVESTIDO,4.2
SIM,LINHA,Sólidos P19,Não,21557-0,PREDSIM 40MG CPRV CT BL 2 AG,MPR01026,0.0,0.0,1.0,1.0,0.0,1.0,1.0,1.0,0.0,0.15821697803998694,0.21777777777777782,0.06827911969940956,5.444273875517175,0.45368948962643124,SIM,,CQ P30,4.0,0.0,3.0,PREDSIM 40 MG COMPRIMIDO REVESTIDO / PREDNISOLONA 40 MG COMPRIMIDO REVESTIDO,3.0
SIM,LINHA,Sólidos P19,Não,21558-0,PREDSIM 40MG CPRV CT BL 7,MPR01026,0.0,0.0,2.0,3.0,0.0,1.0,2.0,1.0,0.5843153384764356,0.8217946729619364,0.8320984520974014,0.715094398650419,11.953302862186192,0.9961085718488493,SIM,,CQ P30,4.0,1.0,3.0,PREDSIM 40 MG COMPRIMIDO REVESTIDO / PREDNISOLONA 40 MG COMPRIMIDO REVESTIDO,3.0
SIM,LINHA,Cosmed P01,Sim,21560-0,ARTROFLAN CT BL 60 CPRV,MPR01459,0.0,0.0,1.0,0.0,6.0,1.0,0.0,0.0,0.0,0.0,0.0,0.0,8.0,0.6666666666666666,SIM,,CQ P30,0.0,0.0,,ARTROFLAN COMPRIMIDO REVESTIDO DE LIBERAÇÃO RETARDADA (HERBARIUM),
SIM,LINHA,Cosmed P01,Sim,21561-0,ARTROFLAN CT BL 40 CPRV LIB RETARD,MPR01459,0.0,0.0,1.0,0.0,0.0,0.0,0.0,0.0,0.0,0.0,0.0,0.0,1.0,0.08333333333333333,SIM,,CQ P30,0.0,0.0,,ARTROFLAN COMPRIMIDO REVESTIDO DE LIBERAÇÃO RETARDADA (HERBARIUM),
SIM,LINHA,Terceiro,Não,21565-0,"CLOR TANSULOSINA 0,4MG 30CPRV LIB PRO",MPR00876,0.0,18.0,16.0,0.0,13.0,0.0,0.0,0.0,13.431304279956166,0.5619135858508119,0.6031156929774102,0.6521072759418483,62.24844083472624,5.18737006956052,SIM,,CQ P30,3.0,2.0,7.285714285714286,"CLORIDRATO DE TANSULOSINA 0,4 MG COMPRIMIDO REVESTIDO DE LIBERAÇÃO PROLONGADA",7.285714285714286
SIM,LINHA,Sólidos P01,Não,21566-0,MELHORAL INF COMP AL X AL 6X25X8,MPR00280,0.0,0.0,0.0,1.0,0.0,0.0,1.0,0.0,0.0,0.0,0.0,0.0,2.0,0.16666666666666666,SIM,,CQ P30,2.0,0.0,,MELHORAL INFANTIL COMPRIMIDO,
SIM,LINHA,Terceiro,Sim,21638-0,PAROXETINA 20MG X30 CPRV,EPR00438,0.0,0.0,0.0,3.0,0.0,0.0,0.0,0.0,0.0,0.0,0.0,0.0,3.0,0.25,SIM,,CQ P30,0.0,0.0,,CLORIDRATO DE PAROXETINA HEMIHIDRATADO 20 MG COMPRIMIDO REVESTIDO CLONE (MATRIZ PAROXETINA 20 MG COMPRIMIDO REVESTIDO ZYDUS) ,
SIM,LINHA,Sólidos P19,Não,21641-0,FENOFIBRATO 200MG CT BL X 30 CAPS,MPR00384,4.0,4.0,2.0,6.0,1.0,6.0,4.0,0.0,5.273840401018769,5.399451211328307,4.573333333333334,1.4338615136876007,43.68048645936801,3.6400405382806675,SIM,,CQ P30,3.0,2.0,3.8,FENOFIBRATO 200 MG CÁPSULA DURA,3.8
SIM,LINHA,Efervescentes P35 | Itapecerica,Sim,21648-0,DRAMIN B6 CPR REVEST X 30 F3,EPR00581,0.0,8.0,14.0,9.0,13.0,2.0,0.0,0.0,0.0,0.0,0.0,0.0,46.0,3.8333333333333335,SIM,,CQ P30,0.0,0.0,,DRAMIN B6 COMPRIMIDO REVESTIDO,
SIM,LINHA,Itapecerica,Sim,21649-1,NEOSALDINA SOLUCAO 15ML X 1,EPR00557,1.0,4.0,0.0,1.0,0.0,0.0,0.0,0.0,0.0,0.0,0.0,0.0,6.0,0.5,SIM,,CQ P30,0.0,0.0,,NEOSALDINA SOLUÇÃO GOTAS,
SIM,LINHA,Sólidos P01,Não,21650-0,NEOSALDINA CPRV X 30 F3,EPR00556,0.0,0.0,1.0,0.0,3.0,22.0,2.0,6.0,1.4349151066608619,0.565084893339138,4.359039190897599,3.951703035966214,44.31074222686381,3.6925618522386507,SIM,,CQ P30,0.0,0.0,,IVY C ACQUA,
SIM,LINHA,Sólidos P01,Sim,21652-0,NEOSALDINA CPRV X 20 F3,EPR00556,0.0,3.0,3.0,3.0,9.0,19.0,1.0,3.0,0.0,2.1068689422671727,1.4833122629582807,0.2978502415458937,44.88803144677134,3.7406692872309453,SIM,,CQ P30,0.0,0.0,,NEOSALDINA COMPRIMIDO REVESTIDO,
SIM,LINHA,Sólidos P01,Sim,21653-1,NEOSALDINA CPRV X 200 (50X4),EPR00556,11.0,0.0,3.0,0.0,0.0,0.0,0.0,0.0,0.0,3.5919560058699647,3.3192086900025215,0.8488731884057971,21.760037884278283,1.8133364903565237,SIM,,CQ P30,0.0,0.0,,NEOSALDINA COMPRIMIDO REVESTIDO,
SIM,LINHA,Sólidos P01,Sim,21654-1,NEOSALDINA CPRV X 240,EPR00556,0.0,9.0,24.0,9.0,0.0,0.0,0.0,0.0,0.0,1.9670164348925414,0.7404835651074588,0.6556721449641805,45.36317214496418,3.780264345413682,SIM,,CQ P30,0.0,0.0,,EPISOL BRUMA FACIAL FPS 50 AEROSSOL,
SIM,LINHA,Sólidos P01,Sim,21655-1,ALBOCRESIL LIQUIDO 36.0% 12ML X 1,EPR00566,10.0,2.0,9.0,0.0,3.0,0.0,0.0,0.0,0.0,0.0,0.0,0.0,24.0,2.0,SIM,,CQ P30,0.0,0.0,,ALBOCRESIL SOLUÇÃO,
SIM,LINHA,Sólidos P01,Sim,21656-1,ALBOCRESIL OVULOS 90MG X 6,EPR00567,0.0,0.0,25.0,0.0,26.0,0.0,0.0,0.0,0.0,0.0,6.2116308470290775,13.723551457520294,70.93518230454937,5.911265192045781,SIM,,CQ P30,0.0,0.0,,ALBOCRESIL ÓVULOS,
SIM,LINHA,Sólidos P19,Não,21658-1,ALEKTOS CPR 20MG X 30,MPR01000,0.0,1.0,0.0,0.0,2.0,0.0,1.0,1.0,1.2772768039390319,0.3899685416562053,0.3864713705388083,0.4524613224115862,7.506178038545632,0.6255148365454694,SIM,,CQ P30,4.0,1.0,2.75,BILASTINA 20 MG COMPRIMIDO,2.75
SIM,LINHA,Itapecerica,Sim,21661-0,DRAMIN CAPSGEL 25MG X 10 F3,MPR01427,0.0,1.0,0.0,0.0,0.0,0.0,0.0,0.0,0.0,0.0,0.0,0.0,1.0,0.08333333333333333,SIM,,CQ P30,0.0,0.0,,DRAMIN 25MG CÁPSULA MOLE,
SIM,LINHA,Itapecerica,Sim,21662-0,DRAMIN CAPSGEL 50MG X 10 F3,MPR01426,0.0,1.0,4.0,7.0,0.0,0.0,0.0,0.0,0.0,0.0,0.0,0.0,12.0,1.0,SIM,,CQ P30,0.0,0.0,,DRAMIN 50 MG CÁPSULA MOLE,
SIM,LINHA,Sólidos P01,Sim,21663-1,NESINA CPR REVEST 25MG X 30,EPR00570,0.0,0.0,0.0,3.0,0.0,6.0,0.0,0.0,0.0,0.0,0.0,0.0,9.0,0.75,SIM,,CQ P30,0.0,0.0,,"NESINA MONO 25,0MG COMPRIMIDO REVESTIDO",
SIM,LINHA,Sólidos P01,Não,21664-1,DRAMIN B6 GOTAS 30ML X 1,EPR00582,1.0,3.0,1.0,4.0,3.0,0.0,0.0,0.0,0.0,0.0,0.0,0.0,12.0,1.0,SIM,,CQ P30,0.0,0.0,,DRAMIN B6 GOTAS,
SIM,LINHA,Estéreis P55,Não,21665-2,DRAMIN B6 IV 10ML X 100,MPR01043,12.0,14.0,29.0,8.0,25.0,19.0,14.0,31.0,53.245973008271655,6.004026991728342,0.0,0.0,211.25,17.604166666666668,SIM,,CQ P30,3.0,8.0,7.083333333333333,DRAMIN B6 DL INJETÁVEL,7.083333333333333
SIM,LINHA,Semissólidos P01 | Itapecerica,Sim,21666-0,NEBACETIN POMADA 50G X 1 F3,EPR00560,0.0,0.0,3.0,9.0,14.0,0.0,0.0,0.0,0.0,0.0,0.0,0.0,26.0,2.1666666666666665,SIM,,CQ P30,0.0,0.0,,"ALIVIUM 400,0 MG CÁPSULA MOLE / IBUFRAN 400,0 MG CÁPSULA MOLE (CATALENT / SOROCABA)",
SIM,LINHA,Semissólidos P01 | Itapecerica,Sim,21667-1,NEBACETIN POMADA 15G X 1,EPR00560,9.0,4.0,7.0,5.0,1.0,1.0,0.0,3.0,1.0,0.0,0.0,0.0,31.0,2.5833333333333335,SIM,,CQ P30,0.0,0.0,,OLMESARTANA MEDOXOMILA 40 MG + ANLODIPINO 10 MG COMPRIMIDO REVESTIDO / OLZICAR ANLO 40MG + 10MG COMPRIMIDO REVESTIDO,
SIM,LINHA,Sólidos P01,Sim,21668-0,NENE-DENT GOTAS 10ML X 1 F3,EPR00576,0.0,0.0,1.0,0.0,0.0,0.0,0.0,0.0,0.0,0.0,0.0,0.0,1.0,0.08333333333333333,SIM,,CQ P30,0.0,0.0,,NENÊ - DENT SOLUÇÃO,
SIM,LINHA,Semissólidos P01,Sim,21669-0,NENE-DENT GEL 10G X 1 F3,EPR00575,0.0,7.0,1.0,0.0,0.0,0.0,0.0,0.0,0.0,0.0,0.0,0.0,8.0,0.6666666666666666,SIM,,CQ P30,0.0,0.0,,NENÊ - DENT GEL,
SIM,LINHA,Itapecerica,Sim,21670-1,"NESINA CPR REVEST 12,5MG X 30",EPR00565,0.0,0.0,1.0,0.0,0.0,0.0,0.0,0.0,0.0,0.0,0.0,0.0,1.0,0.08333333333333333,SIM,,CQ P30,0.0,0.0,,"NESINA MONO 12,5MG COMPRIMIDO REVESTIDO",
SIM,LINHA,Itapecerica,Sim,21671-0,DRAMIN 50 MG CAP MOLE X 200 (EMB FRAC)F3,MPR01426,0.0,4.0,0.0,0.0,0.0,1.0,0.0,0.0,0.0,0.0,0.0,0.0,5.0,0.4166666666666667,SIM,,CQ P30,0.0,0.0,,DRAMIN 50 MG CÁPSULA MOLE,
SIM,LINHA,Sólidos P01,Sim,21672-0,NESINA PIO 25 MG + 30MG COM REV X 30 F3,EPR00559,0.0,0.0,8.0,1.0,0.0,0.0,0.0,1.0,0.0,0.0,0.0,0.0,10.0,0.8333333333333334,SIM,,CQ P30,0.0,0.0,,NESINA PIO 25MG+30MG COMPRIMIDO REVESTIDO,
SIM,LINHA,Efervescentes P35,Sim,21673-1,"NESINA MET CP REV (12,5 + 850)MG X 60",EPR00571,0.0,0.0,10.0,0.0,7.0,1.0,2.0,2.0,0.0,0.0,0.0,0.0,22.0,1.8333333333333333,SIM,,CQ P30,0.0,0.0,,"NESINA MET 12,5MG/850MG COMPRIMIDO REVESTIDO",
SIM,LINHA,Sólidos P01,Sim,21674-0,NESINA PIO 25 MG + 15MG COM REV X 30 F3,EPR00558,1.0,0.0,0.0,0.0,0.0,0.0,0.0,1.0,0.0,0.0,0.0,0.0,2.0,0.16666666666666666,SIM,,CQ P30,0.0,0.0,,NESINA PIO 25MG+15MG COMPRIMIDO REVESTIDO,
SIM,LINHA,Efervescentes P35,Sim,21675-1,"NESINA MET CP REV (12,5 + 1000)MG X60",EPR00573,10.0,23.0,1.0,10.0,10.0,0.0,0.0,0.0,0.0,0.0,0.0,0.0,54.0,4.5,SIM,,CQ P30,0.0,0.0,,"NESINA MET 12,5MG/1000MG COMPRIMIDO REVESTIDO",
SIM,LINHA,Sólidos P19,Não,21676-0,NEOSALDINA DIP 1G CPR X 10,MPR00357,0.0,0.0,0.0,1.0,1.0,1.0,1.0,0.0,0.7031084022638222,0.2768915977361776,0.34861265942903114,0.8624214785462175,6.191034137975249,0.5159195114979375,SIM,,CQ P30,3.0,1.0,18.875,DIPIRONA MONOIDRATADA 1 G COMPRIMIDO / LISADOR DIP 1 G COMPRIMIDO / ATROVERAN DIP 1 G COMPRIMIDO / MIRADOR 1 G COMPRIMIDO / NEOSALDINA DIP 1 G COMPRIMIDO,18.875
SIM,LINHA,Sólidos P19,Não,21677-0,NEOSALDINA DIP 1G CPR X 25X4,MPR00357,0.0,0.0,1.0,1.0,0.0,0.0,1.0,0.0,1.0,0.501274161825821,0.6899788781976062,0.21632671108707557,5.407579751110503,0.45063164592587523,SIM,,CQ P30,3.0,1.0,18.875,DIPIRONA MONOIDRATADA 1 G COMPRIMIDO / LISADOR DIP 1 G COMPRIMIDO / ATROVERAN DIP 1 G COMPRIMIDO / MIRADOR 1 G COMPRIMIDO / NEOSALDINA DIP 1 G COMPRIMIDO,18.875
SIM,LINHA,Sólidos P01,Sim,21678-0,VENALOT CPRV LIB PROL X 30 F3,EPR00577,0.0,0.0,1.0,3.0,1.0,0.0,0.0,0.0,0.0,0.0,0.0,0.0,5.0,0.4166666666666667,SIM,,CQ P30,0.0,0.0,,VENALOT COMPRIMIDO REVESTIDO LIBERAÇÃO PROLONGADA,
SIM,LINHA,Sólidos P01,Não,21679-0,VENALOT CPRV LIB PROL X 60 F3,EPR00577,2.0,0.0,5.0,6.0,0.0,0.0,0.0,0.0,2.070990759276699,2.91268953877654,0.7894577772605691,1.0485556301981676,19.821693705511972,1.6518078087926644,SIM,,CQ P30,0.0,0.0,,MIRTAZAPINA 45 MG COMPRIMIDO ORODISPERSÍVEL,
SIM,LINHA,Efervescentes P35 | Itapecerica,Sim,21680-0,EPAREMA LIQD 200ML X 1 F3,EPR00584,0.0,1.0,0.0,2.0,0.0,0.0,0.0,0.0,0.0,0.0,0.0,0.0,3.0,0.25,SIM,,CQ P30,0.0,0.0,,EPAREMA 206 MG/ML SOLUÇÃO ,
SIM,LINHA,Sólidos P01,Sim,21681-0,EPAREMA DRAG X 20 F3,EPR00583,0.0,2.0,0.0,0.0,0.0,0.0,0.0,0.0,0.0,0.0,0.0,0.0,2.0,0.16666666666666666,SIM,,CQ P30,0.0,0.0,,EPAREMA 125MG DRÁGEA,
SIM,LINHA,Sólidos P01,Sim,21682-0,EPAREMA DRAG X 120 F3,EPR00583,1.0,0.0,0.0,0.0,0.0,0.0,0.0,0.0,0.0,0.0,0.0,0.0,1.0,0.08333333333333333,SIM,,CQ P30,0.0,0.0,,EPAREMA 125MG DRÁGEA,
SIM,LINHA,Efervescentes P35,Sim,21683-0,EPAREMA FLAC TR 10ML X 60 F3,EPR00585,0.0,0.0,0.0,3.0,3.0,3.0,0.0,0.0,0.0,0.0,0.0,0.0,9.0,0.75,SIM,,CQ P30,0.0,0.0,,EPAREMA 103 MG/ML FLACONETE - TRADICIONAL,
SIM,LINHA,Efervescentes P35,Sim,21684-0,EPAREMA FLAC GUARANA 10ML X 36 F3,EPR00594,0.0,1.0,1.0,0.0,0.0,1.0,0.0,0.0,0.0,0.0,0.0,0.0,3.0,0.25,SIM,,CQ P30,0.0,0.0,,EPAREMA 103 MG/ML FLACONETE - GUARANÁ,
SIM,LINHA,Efervescentes P35,Sim,21685-0,EPAREMA FLAC TR 10ML X 12 F3,EPR00585,0.0,0.0,0.0,0.0,1.0,1.0,0.0,0.0,0.0,0.0,0.0,0.0,2.0,0.16666666666666666,SIM,,CQ P30,0.0,0.0,,EPAREMA 103 MG/ML FLACONETE - TRADICIONAL,
SIM,LINHA,Efervescentes P35,Sim,21686-0,EPAREMA FLAC LARANJA 10ML X 36 F3,EPR00592,1.0,0.0,0.0,0.0,2.0,1.0,0.0,0.0,0.0,0.0,1.3803624104509062,0.5957004830917875,5.976062893542694,0.4980052411285578,SIM,,CQ P30,0.0,0.0,,EPAREMA 103 MG/ML FLACONETE - LARANJA,
SIM,LINHA,Efervescentes P35,Sim,21687-0,EPAREMA FLACONETES 10ML X 4 F3,EPR00585,0.0,0.0,0.0,0.0,0.0,0.0,0.0,0.0,0.0,0.0,0.0,0.0,0.0,0.0,SIM,,CQ P30,0.0,0.0,,EPAREMA 103 MG/ML FLACONETE - TRADICIONAL,
,LINHA,Itapecerica,Sim,21688-0,AD-TIL SOL GOTAS 10ML X 1 F3,EPR00579,0.0,0.0,0.0,0.0,0.0,0.0,0.0,0.0,0.0,0.0,0.0,0.0,0.0,0.0,SIM,,CQ Ita,0.0,0.0,,AD-TIL GOTAS,
SIM,LINHA,Itapecerica,Sim,21702-0,AD-TIL SOL GOTAS 20ML X 1 F3,EPR00579,1.0,0.0,2.0,0.0,0.0,0.0,0.0,0.0,0.0,0.0,0.0,0.0,3.0,0.25,SIM,,CQ P30,0.0,0.0,,AD-TIL GOTAS,
SIM,LINHA,Sólidos P19,Não,21729-0,PANTOPRAZOL 20MG CT BL 28 CPRV LIB RET,MPR00475,2.0,0.0,0.0,1.0,4.0,0.0,1.0,2.0,0.7031084022638223,0.9888679989161187,0.268023598820059,0.7119764011799411,12.671976401179942,1.0559980334316619,SIM,,CQ P30,4.0,1.0,2.0,PANTOPRAZOL SÓDICO SESQUI-HIDRATADO 20 MG COMPRIMIDO REVESTIDO DE LIBERAÇÃO RETARDADA,2.0
SIM,LINHA,Sólidos P19,Não,21731-0,PANTOPRAZOL 40MG CT BL 28 CPRV LIB RET,MPR00477,1.0,4.0,0.0,4.0,3.0,2.0,1.0,4.0,4.0,0.0,0.0,0.0,23.0,1.9166666666666667,SIM,,CQ P30,4.0,0.0,,PANTOPRAZOL SÓDICO SESQUI-HIDRATADO 40 MG COMPRIMIDO REVESTIDO DE LIBERAÇÃO RETARDADA,
SIM,LINHA,Líquidos P24,Não,21733-0,NEOSORO FLUID SPR 0/9% SIC CT 50ML,MPR00008,0.0,0.0,0.0,0.0,1.0,0.0,0.0,0.0,0.6815846756639093,0.26841532433609055,0.0,0.0,1.9499999999999997,0.16249999999999998,SIM,,CQ P30,2.0,0.0,,"RINOSORO SIC 0,9 % SOLUÇÃO INFANTIL",
SIM,LINHA,Sólidos P19,Não,21783-0,CL FEXOFENADINA 120MG CT BL X 10 CPRV,MPR00478,0.0,0.0,4.0,0.0,2.0,0.0,4.0,0.0,11.102105073371943,5.6447904303377205,3.208023598820059,0.921768115942029,30.876687218471755,2.5730572682059796,SIM,,CQ P30,3.0,5.0,2.5,CLORIDRATO DE FEXOFENADINA 120 MG COMPRIMIDO REVESTIDO / DESRINITE 120 MG COMPRIMIDO REVESTIDO CLONE,2.5
SIM,LINHA,Sólidos P19,Não,21784-0,CL FEXOFENADINA 180MG CT BL X 10 CPRV,MPR00482,3.0,0.0,0.0,0.0,3.0,0.0,5.0,1.0,12.175037268637615,10.727796377558862,2.945506391347099,0.307256038647343,38.155596076190925,3.1796330063492437,SIM,,CQ P30,3.0,3.0,6.0,CLORIDRATO DE FEXOFENADINA 180 MG COMPRIMIDO REVESTIDO / DESRINITE 180 MG COMPRIMIDO REVESTIDO CLONE,6.0
SIM,LINHA,Sólidos P19,Não,21785-0,DESRINITE 180MG CT BL AL X 10 CPRV,MPR00482,0.0,0.0,1.0,0.0,2.0,2.0,0.0,0.0,0.0,0.7119764011799411,0.9800000000000001,0.307256038647343,6.999232439827284,0.583269369985607,SIM,,CQ P30,3.0,0.0,6.0,CLORIDRATO DE FEXOFENADINA 180 MG COMPRIMIDO REVESTIDO / DESRINITE 180 MG COMPRIMIDO REVESTIDO CLONE,6.0
SIM,LINHA,Sólidos P19,Não,21786-0,DESRINITE 120MG CT BL AL X 10 CPRV,MPR00478,0.0,0.0,0.0,0.0,2.0,0.0,1.0,0.0,0.4687389348425482,0.6592453326107458,0.6533333333333333,0.20483735909822867,4.986154959884856,0.415512913323738,SIM,,CQ P30,3.0,1.0,2.5,CLORIDRATO DE FEXOFENADINA 120 MG COMPRIMIDO REVESTIDO / DESRINITE 120 MG COMPRIMIDO REVESTIDO CLONE,2.5
SIM,LINHA,Terceiro,Não,21787-1,CL VENLAFAXINA XR 75MG X30 CAP LIB PROL,MPR01177,2.0,0.0,0.0,1.0,0.0,0.0,0.0,0.0,0.0,0.0,0.0,0.0,3.0,0.25,SIM,,CQ P30,3.0,0.0,,CLORIDRATO DE VENLAFAXINA 75 MG CÁPSULA DURA DE LIBERAÇÃO PROLONGADA,
SIM,LINHA,Efervescentes P35,Não,21795-0,RINOSORO ALTO VOLUME 30 SACHES+FR 250ML,MPR00523,0.0,0.0,6.0,2.0,0.0,5.0,0.0,0.0,0.0,0.0,0.0,0.0,13.0,1.0833333333333333,SIM,,CQ P30,2.0,0.0,3.375,RINOSORO ALTO VOLUME 9MG/ML PÓ PARA SOLUÇÃO,3.375
SIM,LINHA,Efervescentes P35,Não,21796-0,RINOSORO ALTO VOLUME 30 SACHES,MPR00523,0.0,3.0,0.0,2.0,5.0,5.0,0.0,0.0,0.0,0.0,0.0,0.0,15.0,1.25,SIM,,CQ P30,2.0,0.0,3.375,RINOSORO ALTO VOLUME 9MG/ML PÓ PARA SOLUÇÃO,3.375
SIM,LINHA,Efervescentes P35,Não,21797-0,RINOSORO ALTO VOLUME 2 SACHES + FR AG,MPR00523,0.0,0.0,8.0,2.0,5.0,7.0,0.0,0.0,0.0,0.0,0.0,0.0,22.0,1.8333333333333333,SIM,,CQ P30,2.0,0.0,3.375,RINOSORO ALTO VOLUME 9MG/ML PÓ PARA SOLUÇÃO,3.375
SIM,LINHA,Líquidos P24,Não,21813-0,BUSCOFEM GOTAS 200MG/ML X 20ML,MPR00561,0.0,0.0,0.0,0.0,0.0,0.0,0.0,1.0,0.0,0.0,0.0,0.0,1.0,0.08333333333333333,SIM,,CQ P30,4.0,0.0,,BUSCOFEM 200 MG/ML SUSPENSÃO GOTAS,
SIM,LINHA,Cosmed P01,Não,21815-0,ONDIF 4MG CT ENV X 2 FILMES AG,MPR00211,0.0,0.0,1.0,1.0,0.0,0.0,0.0,0.0,0.0,0.24216884393875548,0.09116448939457789,0.06919109826821584,2.4025244316015493,0.20021036930012912,SIM,,CQ P30,2.0,0.0,2.3333333333333335,ONDIF 4 MG FILME,2.3333333333333335
SIM,LINHA,Cosmed P01,Não,21817-0,ONDIF 8MG CT ENV X 2 FILMES AG,MPR00211,0.0,0.0,1.0,0.0,0.0,1.0,0.0,0.0,0.44414039015693346,0.17490722889068558,0.0,0.0,2.619047619047619,0.21825396825396826,SIM,,CQ P30,2.0,1.0,2.3333333333333335,ONDIF 4 MG FILME,2.3333333333333335
SIM,LINHA,Dermocosméticos P22,Não,21854-0,EPISOL INFANTIL FPS60 BG 100ML,MPR00532,0.0,1.0,0.0,0.0,1.0,0.0,1.0,0.0,0.0,1.3803624104509062,0.5196375895490939,0.0,4.9,0.4083333333333334,SIM,,CQ P30,3.0,0.0,,EPISOL INFANTIL FPS 60 EMULSÃO,
SIM,LINHA,Sólidos P19,Não,21875-0,NEOSALDINA DIP 1G CPR X 20,MPR00357,2.0,0.0,0.0,1.0,0.0,0.0,1.0,0.0,2.6948365387077775,0.6065954742360431,0.4413793084527322,0.3842331185787524,8.127044439975306,0.6772537033312754,SIM,,CQ P30,3.0,1.0,18.875,DIPIRONA MONOIDRATADA 1 G COMPRIMIDO / LISADOR DIP 1 G COMPRIMIDO / ATROVERAN DIP 1 G COMPRIMIDO / MIRADOR 1 G COMPRIMIDO / NEOSALDINA DIP 1 G COMPRIMIDO,18.875
SIM,LINHA,Sólidos P19,Não,21876-0,VABAM 10MG CPRV BL X 5 AG,MPR00521,0.0,0.0,0.0,0.0,0.0,0.0,0.0,0.0,0.0,0.0,0.0,0.0,0.0,0.0,SIM,,CQ P30,3.0,0.0,3.6666666666666665,VABAM 10 MG COMPRIMIDO REVESTIDO / RIVAROXABANA 10 MG COMPRIMIDO REVESTIDO,3.6666666666666665
SIM,LINHA,Sólidos P19,Não,21877-0,VABAM 15MG CPRV BL X 5 AG,MPR00440,0.0,0.0,0.0,0.0,0.0,0.0,0.0,0.0,0.0,0.0,0.0,0.0,0.0,0.0,SIM,,CQ P30,3.0,0.0,4.25,VABAM 15 MG COMPRIMIDO REVESTIDO / RIVAROXABANA 15 MG COMPRIMIDO REVESTIDO / RIVNEO 15 MG COMPRIMIDO REVESTIDO,4.25
SIM,LINHA,Sólidos P19,Não,21878-0,VABAM 20MG CPRV BL X 5 AG,MPR00439,0.0,0.0,0.0,0.0,0.0,0.0,0.0,0.0,0.0,0.0,0.0,0.0,0.0,0.0,SIM,,CQ P30,3.0,0.0,5.0,VABAM 20 MG COMPRIMIDO REVESTIDO / RIVAROXABANA 20 MG COMPRIMIDO REVESTIDO / RIVNEO 20 MG COMPRIMIDO REVESTIDO,5.0
SIM,LINHA,Sólidos P19,Não,21879-0,VABAM 10MG CPRV BL X 10,MPR00521,0.0,0.0,0.0,0.0,0.0,0.0,0.0,0.0,0.0,0.0,0.0,0.0,0.0,0.0,SIM,,CQ P30,3.0,0.0,3.6666666666666665,VABAM 10 MG COMPRIMIDO REVESTIDO / RIVAROXABANA 10 MG COMPRIMIDO REVESTIDO,3.6666666666666665
SIM,LINHA,Sólidos P19,Não,21880-0,VABAM 10MG CPRV BL X 30,MPR00521,0.0,0.0,0.0,0.0,0.0,0.0,0.0,0.0,0.0,0.0,0.007749349846377365,0.0033442604726003204,0.011093610318977685,0.0009244675265814737,SIM,,CQ P30,3.0,0.0,3.6666666666666665,VABAM 10 MG COMPRIMIDO REVESTIDO / RIVAROXABANA 10 MG COMPRIMIDO REVESTIDO,3.6666666666666665
SIM,LINHA,Sólidos P19,Não,21883-0,VABAM 15MG CPRV BL X 30,MPR00440,0.0,0.0,0.0,0.0,0.0,0.0,0.0,1.0,0.0,0.0,0.0,0.0,1.0,0.08333333333333333,SIM,,CQ P30,3.0,0.0,4.25,VABAM 15 MG COMPRIMIDO REVESTIDO / RIVAROXABANA 15 MG COMPRIMIDO REVESTIDO / RIVNEO 15 MG COMPRIMIDO REVESTIDO,4.25
SIM,LINHA,Sólidos P19,Não,21885-0,VABAM 20MG CPRV BL X 15,MPR00439,0.0,0.0,0.0,0.0,0.0,0.0,0.0,0.0,0.0,0.0,0.0,0.0,0.0,0.0,SIM,,CQ P30,3.0,0.0,5.0,VABAM 20 MG COMPRIMIDO REVESTIDO / RIVAROXABANA 20 MG COMPRIMIDO REVESTIDO / RIVNEO 20 MG COMPRIMIDO REVESTIDO,5.0
SIM,LINHA,Sólidos P19,Não,21886-0,VABAM 20MG CPRV BL X 30,MPR00439,0.0,0.0,0.0,0.0,0.0,0.0,0.0,1.0,0.0,0.010872472959685351,0.004092943706981317,0.001831099171231915,1.0167965158378984,0.08473304298649154,SIM,,CQ P30,3.0,0.0,5.0,VABAM 20 MG COMPRIMIDO REVESTIDO / RIVAROXABANA 20 MG COMPRIMIDO REVESTIDO / RIVNEO 20 MG COMPRIMIDO REVESTIDO,5.0
SIM,LINHA,Sólidos P19,Não,21887-0,RIVAROXABANA CPRV 10MG BL CTX10,MPR00521,0.0,0.0,0.0,0.0,0.0,0.0,1.0,1.0,0.0,0.0,0.0,0.10853298798474711,2.108532987984747,0.17571108233206226,SIM,,CQ P30,3.0,0.0,3.6666666666666665,VABAM 10 MG COMPRIMIDO REVESTIDO / RIVAROXABANA 10 MG COMPRIMIDO REVESTIDO,3.6666666666666665
SIM,LINHA,Sólidos P19,Não,21888-0,RIVAROXABANA 10MG CPRV BL X 30,MPR00521,1.0,0.0,0.0,0.0,7.0,3.0,4.0,6.0,0.43447303430272183,0.6110529736675474,0.6055731552144128,0.1898632742677072,22.84096243745239,1.9034135364543658,SIM,,CQ P30,3.0,1.0,3.6666666666666665,VABAM 10 MG COMPRIMIDO REVESTIDO / RIVAROXABANA 10 MG COMPRIMIDO REVESTIDO,3.6666666666666665
SIM,LINHA,Sólidos P19,Não,21889-0,RIVAROXABANA 15MG CPRV BL X 15,MPR00440,0.0,1.0,0.0,0.0,1.0,1.0,0.0,1.0,0.04800700641344699,0.0675181696210278,0.06691267823524744,0.020978902499843275,4.203416756769566,0.35028472973079716,SIM,,CQ P30,3.0,1.0,4.25,VABAM 15 MG COMPRIMIDO REVESTIDO / RIVAROXABANA 15 MG COMPRIMIDO REVESTIDO / RIVNEO 15 MG COMPRIMIDO REVESTIDO,4.25
SIM,LINHA,Sólidos P19,Não,21890-0,RIVAROXABANA 15MG CPRV BL X 30,MPR00440,0.0,4.0,0.0,0.0,2.0,3.0,0.0,2.0,0.8127403551379421,1.1430569255550846,1.1328061867426293,2.0056855959171056,16.09428906335276,1.3411907552793967,SIM,,CQ P30,3.0,1.0,4.25,VABAM 15 MG COMPRIMIDO REVESTIDO / RIVAROXABANA 15 MG COMPRIMIDO REVESTIDO / RIVNEO 15 MG COMPRIMIDO REVESTIDO,4.25
SIM,LINHA,Sólidos P19,Não,21891-0,RIVAROXABANA 20MG CPRV BL X 15,MPR00439,0.0,0.0,0.0,0.0,1.0,1.0,0.0,1.0,0.02815058474619928,0.03959163667602929,0.03923658565656539,0.01230171212130963,3.1192805192001036,0.2599400432666753,SIM,,CQ P30,3.0,1.0,5.0,VABAM 20 MG COMPRIMIDO REVESTIDO / RIVAROXABANA 20 MG COMPRIMIDO REVESTIDO / RIVNEO 20 MG COMPRIMIDO REVESTIDO,5.0
SIM,LINHA,Sólidos P19,Não,21892-0,RIVAROXABANA 20MG CPRV BL X 30,MPR00439,7.0,0.0,0.0,0.0,7.0,7.0,1.0,8.0,1.7089440332801238,2.403498608476678,3.2916920681743695,4.699289815883603,42.10342452581477,3.5086187104845643,SIM,,CQ P30,3.0,1.0,5.0,VABAM 20 MG COMPRIMIDO REVESTIDO / RIVAROXABANA 20 MG COMPRIMIDO REVESTIDO / RIVNEO 20 MG COMPRIMIDO REVESTIDO,5.0
SIM,LINHA,Sólidos P01,Não,21898-0,LACTO PURGA 5 MG COM REV CT X 12,MPR00230,0.0,1.0,0.0,3.0,0.0,1.0,0.0,1.0,0.6815846756639093,0.9585965295615437,0.9500000000000001,0.9880314467713469,9.5782126519968,0.7981843876664,SIM,,CQ P30,3.0,1.0,2.4285714285714284,"LACTO PURGA 5,0 MG COMPRIMIDO REVESTIDO",2.4285714285714284
SIM,LINHA,Dermocosméticos P22,Não,21899-0,EPIDRAT CALM BG 120ML,MPR00749,2.0,1.0,1.0,2.0,3.0,0.0,0.0,2.0,1.3631693513278187,1.2270118538976342,2.330362410450906,0.893550724637681,16.814094340314043,1.4011745283595036,SIM,,CQ P30,1.0,1.0,2.2857142857142856,EPIDRAT CALM EMULSÃO,2.2857142857142856
SIM,LINHA,Terceiro,Não,21900-1,"CL TRAMADOL+PAR 37,5+325MG X10 CPRV A2",MPR00979,0.0,0.0,0.0,0.0,0.0,0.0,0.0,0.0,0.0,0.0,0.0,0.0,0.0,0.0,SIM,,CQ P30,4.0,0.0,2.8,"NOVOTRAM PAR COMPRIMIDO REVESTIDO / CLORIDRATO DE TRAMADOL 37,5 MG + PARACETAMOL 325,0 MG COMPRIMIDO REVESTIDO CLONE",2.8
SIM,LINHA,Terceiro,Não,21901-1,"CL TRAMADOL+PAR 37,5+325MG X20 CPRV A2",MPR00979,2.0,0.0,0.0,0.0,0.0,0.0,0.0,0.0,0.0,0.33419300463548257,0.4600000000000001,0.14422222222222222,2.9384152268577046,0.24486793557147538,SIM,,CQ P30,4.0,0.0,2.8,"NOVOTRAM PAR COMPRIMIDO REVESTIDO / CLORIDRATO DE TRAMADOL 37,5 MG + PARACETAMOL 325,0 MG COMPRIMIDO REVESTIDO CLONE",2.8
SIM,LINHA,Terceiro,Não,21902-1,"CL TRAMADOL+PAR 37,5+325MG X30 CPRV A2",MPR00979,2.0,0.0,0.0,0.0,0.0,0.0,0.0,0.0,0.0,0.33421457086234757,0.46002968483547024,0.14423152920686966,2.9384757849046874,0.24487298207539063,SIM,,CQ P30,4.0,0.0,2.8,"NOVOTRAM PAR COMPRIMIDO REVESTIDO / CLORIDRATO DE TRAMADOL 37,5 MG + PARACETAMOL 325,0 MG COMPRIMIDO REVESTIDO CLONE",2.8
SIM,LINHA,Sólidos P19,Não,21903-0,IVERMECTINA 6MG COMP CT STR 1X4,MPR00091,9.0,2.0,6.0,5.0,3.0,0.0,0.0,0.0,0.8179016107966912,1.1503158354738523,1.1400000000000001,3.1181451107568847,31.22636255702743,2.602196879752286,SIM,,CQ P30,3.0,1.0,3.2857142857142856,IVERNEO 6MG COMPRIMIDO / IVERMECTINA 6MG COMPRIMIDO,3.2857142857142856
SIM,LINHA,Sólidos P19,Não,21904-0,IVERMECTINA 6MG COMP CT STR 1X2,MPR00091,0.0,0.0,0.0,0.0,0.0,1.0,0.0,0.0,0.0,0.0,0.0,0.0,1.0,0.08333333333333333,SIM,,CQ P30,3.0,0.0,3.2857142857142856,IVERNEO 6MG COMPRIMIDO / IVERMECTINA 6MG COMPRIMIDO,3.2857142857142856
SIM,LINHA,Líquidos P24,Não,21915-0,PIELUS MX 50MG/ML SOL CAP X 100ML,MPR00340,0.0,0.0,1.0,0.0,0.0,0.0,0.0,0.0,0.0,0.0,0.0,0.0,1.0,0.08333333333333333,SIM,,CQ P30,4.0,0.0,2.5714285714285716,MINOXIDIL 50 MG/ML SOLUÇÃO SPRAY / PIELUS MX 50 MG/ML SOLUÇÃO SPRAY,2.5714285714285716
SIM,LINHA,Líquidos P24,Não,21916-0,MINOXIDIL 50MG/ML SOL CAP X 100ML,MPR00340,1.0,1.0,1.0,0.0,2.0,3.0,0.0,1.0,2.6815846756639092,0.9585965295615437,2.330362410450906,0.8935507246376813,15.86409434031404,1.3220078616928366,SIM,,CQ P30,4.0,2.0,2.5714285714285716,MINOXIDIL 50 MG/ML SOLUÇÃO SPRAY / PIELUS MX 50 MG/ML SOLUÇÃO SPRAY,2.5714285714285716
SIM,LINHA,Sólidos P19,Sim,21917-0,AVIV 50MG C1 CT BL 60 CPRV LIB PROL,MPR01447,0.0,1.0,0.0,0.0,0.0,1.0,0.0,0.0,0.0,0.014989292430997307,0.050610598167537886,0.08685786903412207,2.1524577596326573,0.1793714799693881,SIM,,CQ P30,0.0,0.0,,SUCCINATO DE DESVENLAFAXINA COMPRIMIDO REVESTIDO DE LIBERAÇÃO PROLONGADA 50MG CLONE E AVIV COMPRIMIDO REVESTIDO DE LIBERAÇÃO PROLONGADA 50MG CLONE (MATRIZ SUCCINATO DE DESVENLAFAXINA COMPRIMIDO REVESTIDO 50MG ALTHAIA) ,
SIM,LINHA,Sólidos P19,Sim,21918-0,AVIV 50MG C1 CT BL 7 CPRV LIB PROL AG,MPR01447,0.0,1.0,0.0,1.0,0.0,0.0,0.0,0.0,0.02590404830245304,0.036432055606500396,0.0361053391691351,0.011319983150129796,2.109761426228218,0.1758134521856848,SIM,,CQ P30,0.0,0.0,,SUCCINATO DE DESVENLAFAXINA COMPRIMIDO REVESTIDO DE LIBERAÇÃO PROLONGADA 50MG CLONE E AVIV COMPRIMIDO REVESTIDO DE LIBERAÇÃO PROLONGADA 50MG CLONE (MATRIZ SUCCINATO DE DESVENLAFAXINA COMPRIMIDO REVESTIDO 50MG ALTHAIA) ,
SIM,LINHA,Sólidos P19,Sim,21919-0,AVIV 100MG C1 CT BL 60 CPRV LIB PROL,EPR00809,0.0,0.0,0.0,0.0,0.0,0.0,1.0,0.0,0.0,0.05621162175745627,0.07737249328912049,0.024258332437023765,1.1578424474836004,0.09648687062363337,SIM,,CQ P30,0.0,0.0,,SUCCINATO DE DESVENLAFAXINA MONOIDRATADO COMPRIMIDO REVESTIDO DE LIBERAÇÃO PROLONGADA 100MG CLONE E AVIV COMPRIMIDO REVESTIDO DE LIBERAÇÃO PROLONGADA 100MG CLONE (MATRIZ SUCCINATO DE DESVENLAFAXINA COMPRIMIDO REVESTIDO 100MG ALTHAIA),
SIM,LINHA,Sólidos P19,Sim,21920-0,AVIV 100MG C1 CT BL 7 CPRV LIB PROL AG,EPR00809,0.0,0.0,0.0,0.0,0.0,0.0,1.0,0.0,0.021586746683854265,0.03036010226537224,0.03008783806602746,0.009433336669010542,1.0914680236842644,0.09095566864035537,SIM,,CQ P30,0.0,0.0,,SUCCINATO DE DESVENLAFAXINA MONOIDRATADO COMPRIMIDO REVESTIDO DE LIBERAÇÃO PROLONGADA 100MG CLONE E AVIV COMPRIMIDO REVESTIDO DE LIBERAÇÃO PROLONGADA 100MG CLONE (MATRIZ SUCCINATO DE DESVENLAFAXINA COMPRIMIDO REVESTIDO 100MG ALTHAIA),
SIM,LINHA,Sólidos P19,Não,21921-0,DORALGINA CPRV DISPL EMB MULT 10X10,MPR00711,6.0,0.0,7.0,2.0,2.0,2.0,1.0,0.0,0.9374778696850963,1.5883107880681633,4.018820620873719,2.7172892113572376,29.261898489984215,2.438491540832018,SIM,,CQ P30,4.0,1.0,8.285714285714286,DORALGINA COMPRIMIDO REVESTIDO,8.285714285714286
SIM,LINHA,Sólidos P19,Não,21922-0,DORALGINA CPRV DISPL EMB MULT 25X4,MPR00711,4.0,0.0,6.0,0.0,3.0,1.0,5.0,0.0,8.109325206791468,2.966603996748356,4.363952802359883,2.9602329955965976,37.4001150014963,3.116676250124692,SIM,,CQ P30,4.0,1.0,8.285714285714286,DORALGINA COMPRIMIDO REVESTIDO,8.285714285714286
SIM,LINHA,Sólidos P19,Não,21928-0,DORALGINA CPRV CT BL 2X10,MPR00711,13.0,11.0,0.0,11.0,12.0,2.0,14.0,14.0,15.913958918747772,13.943222248167908,9.513458897444739,10.120350019937739,126.49099008429815,10.54091584035818,SIM,,CQ P30,4.0,2.0,8.285714285714286,DORALGINA COMPRIMIDO REVESTIDO,8.285714285714286
SIM,LINHA,Sólidos P19,Não,21948-0,CORISTINA D PRO CP CT BL X 16,MPR00658,0.0,0.0,1.0,0.0,2.0,0.0,3.0,1.0,0.15556533221442356,0.3705381060055207,0.2739539504086636,0.14530023816196214,7.945357626790569,0.6621131355658808,SIM,,CQ P30,4.0,1.0,3.7777777777777777,CORISTINA D PRO COMPRIMIDO,3.7777777777777777
SIM,LINHA,Sólidos P19,Não,21949-1,SULF HIDROXICLOROQUINA 400MG CPRV X30,MPR00625,0.0,0.0,1.0,0.0,0.0,0.0,1.0,0.0,0.0,0.711976401179941,0.26802359882005894,0.0,2.9799999999999995,0.2483333333333333,SIM,,CQ P30,3.0,0.0,,SULFATO DE HIDROXICLOROQUINA 400 MG COMPRIMIDO REVESTIDO,
SIM,LINHA,Dermocosméticos P22,Não,21960-0,GLYCARE CONTROL GEL DE LIMP FR 150G,MPR00724,0.0,3.0,1.0,1.0,1.0,0.0,0.0,1.0,0.6496333970372493,0.9460137748111175,1.6056721449641806,1.1847165255867642,11.386035842399313,0.9488363201999427,SIM,,CQ P30,1.0,1.0,5.833333333333333,GLYCARE CONTROL GEL DE LIMPEZA GEL,5.833333333333333
SIM,LINHA,Dermocosméticos P22,Não,21961-0,GLYCARE CONTROL GEL DE LIMP FR 300G,MPR00724,2.0,2.0,2.0,2.0,2.0,0.0,1.0,1.0,0.6815846756639092,3.719321350463356,1.989275179098188,0.2978502415458937,18.688031446771348,1.5573359538976124,SIM,,CQ P30,1.0,1.0,5.833333333333333,GLYCARE CONTROL GEL DE LIMPEZA GEL,5.833333333333333
SIM,LINHA,Dermocosméticos P22,Não,21962-0,GLYCARE CONTROL GEL DE LIMP SCH 2G AG,MPR00724,0.0,1.0,0.0,1.0,0.0,0.0,1.0,0.0,0.08734084656026724,0.03439575814175573,0.0353769753908618,0.10370950252577535,3.26082308261866,0.27173525688488837,SIM,,CQ P30,1.0,1.0,5.833333333333333,GLYCARE CONTROL GEL DE LIMPEZA GEL,5.833333333333333
SIM,LINHA,Sólidos P19,Não,21963-0,CORISTINA D PRO CP CT BL X 8,MPR00658,0.0,1.0,1.0,0.0,3.0,0.0,0.0,0.0,0.15556533221442356,0.21879069894812092,0.2168286214177979,0.16076397900206946,5.751948631582412,0.47932905263186765,SIM,,CQ P30,4.0,1.0,3.7777777777777777,CORISTINA D PRO COMPRIMIDO,3.7777777777777777
SIM,LINHA,Sólidos P19,Não,21963-1,CORISTINA D PRO CP CT BL X 8,MPR00658,0.0,0.0,0.0,0.0,0.0,0.0,0.0,0.0,0.0,0.0,0.0,0.0,0.0,0.0,SIM,,CQ P30,4.0,0.0,3.7777777777777777,CORISTINA D PRO COMPRIMIDO,3.7777777777777777
SIM,LINHA,Sólidos P19,Não,21964-0,CORISTINA D PRO CP BL X 200 (50X4),MPR00658,1.0,1.0,1.0,4.0,2.0,4.0,0.0,0.0,0.5999373568120526,1.147517894859753,0.9505465903175431,0.7177987124645342,16.415800554453885,1.3679833795378238,SIM,,CQ P30,4.0,1.0,3.7777777777777777,CORISTINA D PRO COMPRIMIDO,3.7777777777777777
SIM,LINHA,Sólidos P01,Não,21972-0,ETORICOXIBE 90MG CT BL X 7 CPRV C1,MPR01212,0.0,0.0,0.0,0.0,0.0,0.0,0.0,0.0,1.0,0.0,0.3261109455799722,0.14073437986481466,1.4668453254447869,0.12223711045373224,SIM,,CQ P30,3.0,0.0,,ETORICOXIBE 90 MG COMPRIMIDO REVESTIDO,
SIM,LINHA,Sólidos P01,Não,21974-0,ETORICOXIBE 90MG CT BL X 14 CPRV C1,MPR01212,0.0,0.0,0.0,0.0,0.0,1.0,0.0,0.0,0.1574462175245806,0.062004001925638846,0.0,0.0,1.2194502194502195,0.10162085162085162,SIM,,CQ P30,3.0,0.0,,ETORICOXIBE 90 MG COMPRIMIDO REVESTIDO,
SIM,LINHA,Sólidos P19,Não,21982-0,ALEKTOS 20MG CPR BL X 20,MPR01000,1.0,3.0,0.0,1.0,4.0,3.0,2.0,2.0,1.9814819329560296,1.3803790025686231,1.3680000000000003,1.1190855530515402,21.848946488576196,1.820745540714683,SIM,,CQ P30,4.0,1.0,2.75,BILASTINA 20 MG COMPRIMIDO,2.75
SIM,LINHA,Dermocosméticos P22,Não,21998-0,GLYCARE CONTROL ESPUMA LIMP FR 30ML AG,MPR00745,0.0,0.0,0.0,0.0,1.0,1.0,0.0,1.0,0.0,0.0,0.0,0.1653876896274849,3.165387689627485,0.2637823074689571,SIM,,CQ P30,1.0,0.0,4.0,GLYCARE CONTROL ESPUMA DE LIMPEZA LÍQUIDO,4.0
SIM,LINHA,Dermocosméticos P22,Não,21999-0,GLYCARE CONTROL ESPUMA LIMP FR 150ML,MPR00745,0.0,2.0,0.0,0.0,3.0,1.0,2.0,0.0,0.0,0.0,0.0,0.5063779548325229,8.506377954832523,0.7088648295693769,SIM,,CQ P30,1.0,0.0,4.0,GLYCARE CONTROL ESPUMA DE LIMPEZA LÍQUIDO,4.0
SIM,LINHA,Sólidos P19,Não,22004-1,IBUFRAN 400MG CAP GEL MOLE CT BL AL X20,MPR01113,0.0,0.0,0.0,0.0,0.0,0.0,0.0,0.0,0.0,0.0,0.0,0.0,0.0,0.0,SIM,,CQ P30,3.0,0.0,3.0,"ALIVIUM 400,0 MG CÁPSULA MOLE / IBUFRAN 400,0 MG CÁPSULA MOLE (CATALENT / SOROCABA)",3.0
SIM,LINHA,Dermocosméticos P22,Não,22017-0,IVY C ACQUA SCH 2ML AG,MPR01017,0.0,1.0,0.0,0.0,1.0,0.0,0.0,0.0,0.0,0.0,0.0,0.0,2.0,0.16666666666666666,SIM,,CQ P30,1.0,0.0,2.0,IVY C ACQUA,2.0
SIM,LINHA,Dermocosméticos P22,Não,22018-0,IVY C ACQUA FR 30ML,MPR01017,0.0,1.0,0.0,0.0,0.0,1.0,0.0,0.0,0.0,0.0,0.0,0.0,2.0,0.16666666666666666,SIM,,CQ P30,1.0,0.0,2.0,IVY C ACQUA,2.0
SIM,LINHA,Terceiro,Sim,22038-0,ROSUVASTATINA CALCICA 5MG C/ 30CPRV,MPR01479,0.0,0.0,0.0,0.0,0.0,0.0,0.0,0.0,0.0,0.0,0.0,0.0,0.0,0.0,SIM,,CQ P30,0.0,0.0,,ROSUVASTATINA CÁLCICA 20 MG COMPRIMIDO REVESTIDO CLONE (MATRIZ ROSUVASTATINA CÁLCICA 20 MGCOMPRIMIDO REVESTIDO ACCORD),
SIM,LINHA,Terceiro,Sim,22060-0,ROSUVASTATINA CALCICA 20MG C/ 30CPRV,EPR00790,0.0,0.0,0.0,0.0,0.0,0.0,0.0,0.0,0.0,0.0,0.0,0.0,0.0,0.0,SIM,,CQ P30,0.0,0.0,,ROSUVASTATINA CÁLCICA 20 MG COMPRIMIDO REVESTIDO CLONE (MATRIZ ROSUVASTATINA CÁLCICA 20 MG COMPRIMIDO REVESTIDO ACCORD),
SIM,LINHA,Terceiro,Sim,22062-0,ROSUVASTATINA CALCICA 10MG C/ 30CPRV,MPR01480,0.0,0.0,1.0,0.0,0.0,0.0,0.0,0.0,0.0,0.0,0.0,0.0,1.0,0.08333333333333333,SIM,,CQ P30,0.0,0.0,,ROSUVASTATINA CALCICA USP 10 MG COMPRIMIDO REVESTIDO CLONE (MATRIZ ROSUVASTATINA CÁLCICA USP 10 MG COMPRIMIDO REVESTIDO ACCORD),
SIM,LINHA,Sólidos P19,Não,22063-0,ALIVIUM 400MG CT BL 8 CAP MOLE,MPR01113,0.0,2.0,0.0,1.0,1.0,0.0,1.0,0.0,1.1406216804527645,0.19777359978322379,0.0536047197640118,0.07119764011799412,6.463197640117994,0.5385998033431662,SIM,,CQ P30,3.0,1.0,3.0,"ALIVIUM 400,0 MG CÁPSULA MOLE / IBUFRAN 400,0 MG CÁPSULA MOLE (CATALENT / SOROCABA)",3.0
SIM,LINHA,Sólidos P19,Não,22064-0,ALIVIUM 400MG CT BL 10 CAP MOLE,MPR01113,0.0,1.0,0.0,0.0,2.0,0.0,1.0,0.0,1.117184733710637,0.16481133315268648,0.19596558505408065,0.33228305865503827,5.810244710572443,0.4841870592143702,SIM,,CQ P30,3.0,1.0,3.0,"ALIVIUM 400,0 MG CÁPSULA MOLE / IBUFRAN 400,0 MG CÁPSULA MOLE (CATALENT / SOROCABA)",3.0
SIM,LINHA,Sólidos P19,Não,22066-0,ALIVIUM 400MG DIS BL 96 CAPMOLE 32X3 36M,MPR01113,1.0,1.0,0.0,0.0,3.0,0.0,0.0,0.0,1.0,0.42128781134907756,0.7905255624792726,0.8888458844359044,8.100659258264255,0.6750549381886879,SIM,,CQ P30,3.0,1.0,3.0,"ALIVIUM 400,0 MG CÁPSULA MOLE / IBUFRAN 400,0 MG CÁPSULA MOLE (CATALENT / SOROCABA)",3.0
SIM,LINHA,Sólidos P19,Não,22067-0,ALIVIUM 400MG CT BL 20 CAP MOLE,MPR01113,0.0,0.0,0.0,1.0,0.0,0.0,0.0,1.0,0.08788855028297779,0.0346114497170222,0.11866273352999021,0.14284070260641557,2.384003436136406,0.19866695301136716,SIM,,CQ P30,3.0,1.0,3.0,"ALIVIUM 400,0 MG CÁPSULA MOLE / IBUFRAN 400,0 MG CÁPSULA MOLE (CATALENT / SOROCABA)",3.0
SIM,LINHA,Cosmed P01,Sim,22075-0,PICBAM 5 MG COMP REV BL X60,EPR00783,0.0,0.0,0.0,0.0,0.0,0.0,0.0,0.0,0.0,0.0,0.0,0.0,0.0,0.0,SIM,,CQ P30,0.0,0.0,,APIXABANA 5 MG COMPRIMIDO REVESTIDO CLONE / PICBAM 5 MG COMPRIMIDO REVESTIDO CLONE (MATRIZ APIXABANA 5 MG COMPRIMIDO REVESTIDO ZYDUS),
SIM,LINHA,Cosmed P01,Sim,22076-0,PICBAM 5 MG COMP REV BL X20,EPR00783,0.0,0.0,0.0,0.0,0.0,0.0,0.0,0.0,0.0,0.0,0.0,0.0,0.0,0.0,SIM,,CQ P30,0.0,0.0,,APIXABANA 5 MG COMPRIMIDO REVESTIDO CLONE / PICBAM 5 MG COMPRIMIDO REVESTIDO CLONE (MATRIZ APIXABANA 5 MG COMPRIMIDO REVESTIDO ZYDUS),
SIM,LINHA,Cosmed P01,Sim,22078-0,PICBAM 5MG COMP REV BL X5 AG,EPR00783,0.0,0.0,0.0,0.0,0.0,0.0,0.0,0.0,0.0,0.0,0.0,0.0,0.0,0.0,SIM,,CQ P30,0.0,0.0,,APIXABANA 5 MG COMPRIMIDO REVESTIDO CLONE / PICBAM 5 MG COMPRIMIDO REVESTIDO CLONE (MATRIZ APIXABANA 5 MG COMPRIMIDO REVESTIDO ZYDUS),
SIM,LINHA,Cosmed P01,Sim,22079-0,"PICBAM 2,5MG COMP REV BL X60",EPR00782,0.0,0.0,0.0,0.0,0.0,0.0,0.0,0.0,0.0,0.0,0.0,0.0,0.0,0.0,SIM,,CQ P30,0.0,0.0,,"APIXABANA 2,5 MG COMPRIMIDO REVESTIDO CLONE / PICBAM 2,5 MG COMPRIMIDO REVESTIDO CLONE (MATRIZ APIXABANA 2,5 MG COMPRIMIDO REVESTIDO ZYDUS)",
SIM,LINHA,Cosmed P01,Sim,22080-0,"PICBAM 2,5MG COMP REV BL X20",EPR00782,0.0,0.0,0.0,0.0,0.0,0.0,0.0,0.0,0.0,0.0,0.0,0.0,0.0,0.0,SIM,,CQ P30,0.0,0.0,,"APIXABANA 2,5 MG COMPRIMIDO REVESTIDO CLONE / PICBAM 2,5 MG COMPRIMIDO REVESTIDO CLONE (MATRIZ APIXABANA 2,5 MG COMPRIMIDO REVESTIDO ZYDUS)",
SIM,LINHA,Cosmed P01,Sim,22082-0,"PICBAM 2,5MG COMP REV BL X5 AG",EPR00782,0.0,0.0,0.0,0.0,0.0,0.0,0.0,0.0,0.0,0.0,0.0,0.0,0.0,0.0,SIM,,CQ P30,0.0,0.0,,"APIXABANA 2,5 MG COMPRIMIDO REVESTIDO CLONE / PICBAM 2,5 MG COMPRIMIDO REVESTIDO CLONE (MATRIZ APIXABANA 2,5 MG COMPRIMIDO REVESTIDO ZYDUS)",
SIM,LINHA,Sólidos P01,Sim,22083-0,APIXABANA 5MG COMP REV BL X60,EPR00783,0.0,0.0,0.0,0.0,0.0,0.0,0.0,1.0,0.0,0.0,0.0,0.0,1.0,0.08333333333333333,SIM,,CQ P30,0.0,0.0,,APIXABANA 5 MG COMPRIMIDO REVESTIDO CLONE / PICBAM 5 MG COMPRIMIDO REVESTIDO CLONE (MATRIZ APIXABANA 5 MG COMPRIMIDO REVESTIDO ZYDUS),
SIM,LINHA,Sólidos P01,Sim,22084-0,APIXABANA 5MG COMP REV X20,EPR00783,0.0,0.0,0.0,1.0,0.0,0.0,0.0,0.0,0.0,0.0,0.0,0.0,1.0,0.08333333333333333,SIM,,CQ P30,0.0,0.0,,APIXABANA 5 MG COMPRIMIDO REVESTIDO CLONE / PICBAM 5 MG COMPRIMIDO REVESTIDO CLONE (MATRIZ APIXABANA 5 MG COMPRIMIDO REVESTIDO ZYDUS),
SIM,LINHA,Sólidos P01,Sim,22085-0,"APIXABANA 2,5MG COMP REV X60",EPR00782,0.0,0.0,1.0,0.0,0.0,1.0,0.0,0.0,2.0,0.0,0.0,0.0,4.0,0.3333333333333333,SIM,,CQ P30,0.0,0.0,,"APIXABANA 2,5 MG COMPRIMIDO REVESTIDO CLONE / PICBAM 2,5 MG COMPRIMIDO REVESTIDO CLONE (MATRIZ APIXABANA 2,5 MG COMPRIMIDO REVESTIDO ZYDUS)",
SIM,LINHA,Sólidos P01,Sim,22086-0,"APIXABANA 2,5MG COMP REV BL X20",EPR00782,0.0,0.0,0.0,1.0,0.0,2.0,0.0,0.0,1.0,0.0,0.0,0.0,4.0,0.3333333333333333,SIM,,CQ P30,0.0,0.0,,"APIXABANA 2,5 MG COMPRIMIDO REVESTIDO CLONE / PICBAM 2,5 MG COMPRIMIDO REVESTIDO CLONE (MATRIZ APIXABANA 2,5 MG COMPRIMIDO REVESTIDO ZYDUS)",
SIM,LINHA,Líquidos P01,Não,22087-1,BENEGRIP MULTI SOLUCAO ORAL FR 240ML,MPR00148,3.0,0.0,7.0,15.0,0.0,18.0,12.0,12.0,8.134262080975184,8.627368766053893,7.169637589549094,7.6064013326248805,98.53766976920306,8.211472480766922,SIM,,CQ P30,4.0,0.0,,BENEGRIP MULTI SOLUÇÃO ORAL,
SIM,LINHA,Sólidos P19,Não,22093-0,BENEGRIP MULTI NOITE 12 COMP,"MPR00693
MPR01477",0.0,1.0,0.0,1.0,1.0,1.0,0.0,0.0,1.0,0.23732546705998042,0.32666666666666677,0.10241867954911435,5.666410813275761,0.47220090110631346,SIM,,CQ P30,4.0,0.0,,NEOLEFRIN COMPRIMIDO / FLUVIRAL NOITE COMPRIMIDO / BENEGRIP MULTI NOITE COMPRIMIDO,
SIM,LINHA,Sólidos P19,Não,22094-0,BENEGRIP MULTI DIA 12 COMP,MPR00694,0.0,1.0,0.0,1.0,1.0,0.0,0.0,1.0,0.0878887700049028,0.12360880888653708,0.12250030625076566,0.03840710084867,4.372404985990876,0.36436708216590635,SIM,,CQ P30,4.0,1.0,5.0,NEOLEFRIN DIA COMPRIMIDO / FLUVIRAL DIA COMPRIMIDO / BENEGRIP MULTI DIA COMPRIMIDO,5.0
SIM,LINHA,Cosmed P01,Não,22117-0,FOQ XR 36MG FR X30 CPRV LIB PROL A3,MPR01191,0.0,0.0,0.0,0.0,0.0,0.0,0.0,0.0,0.6642968954760667,0.26160721187133945,0.0,0.0,0.9259041073474061,0.07715867561228384,SIM,,CQ P30,3.0,0.0,,FOQ XR 36 MG COMPRIMIDO REVESTIDO DE LIBERAÇÃO PROLONGADA,
SIM,LINHA,Cosmed P01,Não,22118-0,FOQ XR 18MG FR X30 CPRV LIB PROL A3,MPR01190,0.0,0.0,0.0,0.0,0.0,0.0,0.0,0.0,1.3186300810804308,0.5192906083866503,0.0,0.0,1.8379206894670812,0.1531600574555901,SIM,,CQ P30,3.0,0.0,,FOQ XR 18 MG COMPRIMIDO REVESTIDO DE LIBERAÇÃO PROLONGADA,
SIM,LINHA,Sólidos P01,Não,22124-0,"E CANNABIS S 160,32MG/ML SOL GTS FR 10ML",MPR01241,0.0,0.0,5.0,0.0,0.0,2.0,0.0,0.0,0.0,0.0,2.4846523388116313,1.6658167060591071,11.15046904487074,0.9292057537392283,SIM,,CQ P30,2.0,0.0,3.0,"EXTRATO DE CANNABIS SATIVA 160,32 MG/ML SOLUÇÃO GOTAS",3.0
SIM,LINHA,Efervescentes P35,Não,22125-0,ESTOMAZIL SEM SABOR PO EF FR PL 24X100,MPR00820,0.0,0.0,0.0,0.0,0.0,0.0,0.0,1.0,0.0,0.6901812052254531,0.25981879477454695,0.0,1.95,0.1625,SIM,,CQ P30,2.0,0.0,3.0,ESTOMAZIL SEM SABOR PÓ EFERVESCENTE FRASCO,3.0
SIM,LINHA,Efervescentes P35,Não,22126-0,ESTOMAZIL ABACAXI PO EF FR PL 24X100G,MPR00812,0.0,8.0,4.0,1.0,6.0,1.0,5.0,2.0,1.0,0.6901812052254531,1.6401812052254532,4.046606509219053,34.37696891966996,2.8647474099724968,SIM,,CQ P30,2.0,1.0,3.4,ESTOMAZIL SABOR ABACAXI PÓ EFERVESCENTE FRASCO,3.4
SIM,LINHA,Cosmed P01,Não,22127-0,COLEDUE-R 10MG+20MG CAP DURA CT X 5 AG,MPR00149,0.0,0.0,0.0,0.0,0.0,0.0,0.0,1.0,0.0,0.0,0.0,0.0,1.0,0.08333333333333333,SIM,,CQ P30,4.0,0.0,2.4,COLEDUE R (EZETIMIBA 10 MG + ROSUVASTATINA 20 MG) CÁPSULA DURA,2.4
SIM,LINHA,Sólidos P01,Sim,22134-0,EPAREMA DRAG X 10,EPR00583,0.0,0.0,0.0,0.0,0.0,1.0,0.0,0.0,0.7308211398883901,0.28780516977400805,0.0,0.0,2.018626309662398,0.16821885913853318,SIM,,CQ P30,0.0,0.0,,EPAREMA 125MG DRÁGEA,
SIM,LINHA,Estéreis P23,Não,22143-0,DIPROSPAN AMPOLA SOL INJ 6X1ML,"MPR01368
MPR01369",1.0,0.0,3.0,2.0,1.0,2.0,0.0,0.0,3.8295167609925986,1.9555443430950539,1.7000000000000002,1.150525721125952,17.635586825213604,1.469632235434467,SIM,,CQ P30,3.0,0.0,,DIPROSPAN SUSPENSÃO INJETÁVEL / BECLONATO SUSPENSÃO INJETÁVEL,
SIM,LINHA,Sólidos P19,Não,22148-0,MIRADOR COLICA CPRV X 20,MPR00581,3.0,0.0,5.0,6.0,3.0,4.0,2.0,0.0,3.635164940844664,2.299733978067489,2.2791103574758456,0.7145616531409777,31.928570929528977,2.6607142441274148,SIM,,CQ P30,4.0,1.0,3.6666666666666665,BUSCOPAN COMPOSTO COMPRIMIDO REVESTIDO / MIRADOR CÓLICA COMPRIMIDO REVESTIDO / LISADOR CÓLICA COMPRIMIDO REVESTIDO,3.6666666666666665
SIM,LINHA,Sólidos P19,Sim,22156-0,DESVENLAFAXINA 100MG C1 30 CPRV LIB PROL,EPR00809,0.0,1.0,0.0,0.0,0.0,0.0,1.0,0.0,0.13877322114708526,0.19517388365296623,0.19342359767891684,0.06064343714667489,2.5880141396256433,0.21566784496880362,SIM,,CQ P30,0.0,0.0,,SUCCINATO DE DESVENLAFAXINA MONOIDRATADO COMPRIMIDO REVESTIDO DE LIBERAÇÃO PROLONGADA 100MG CLONE E AVIV COMPRIMIDO REVESTIDO DE LIBERAÇÃO PROLONGADA 100MG CLONE (MATRIZ SUCCINATO DE DESVENLAFAXINA COMPRIMIDO REVESTIDO 100MG ALTHAIA),
SIM,LINHA,Cosmed P01,Sim,22157-0,ECOXE 90MG CT BL X 7 CPRV C1,EPR00857,0.0,0.0,0.0,1.0,0.0,0.0,0.0,0.0,0.0,1.1305179446772369,0.4255836114243194,0.0,2.5561015561015563,0.21300846300846302,SIM,,CQ P30,0.0,0.0,,ECOXE 90 MG COMPRIMIDO REVESTIDO CLONE / ETORICOXIBE 90 MG COMPRIMIDO REVESTIDO CLONE (MATRIZ ETORICOXIBE 90 MG COMPRIMIDO REVESTIDO ZYDUS),
SIM,LINHA,Terceiro,Sim,22158-0,ECOXE 60MG CT BL X 7 CPRV C1,EPR00851,0.0,0.0,0.0,1.0,0.0,0.0,0.0,0.0,0.0,0.4428884177738878,0.16672539625014682,0.0,1.6096138140240348,0.1341344845020029,SIM,,CQ P30,0.0,0.0,,ECOXE 60 MG COMPRIMIDO REVESTIDO CLONE / ETORICOXIBE 60 MG COMPRIMIDO REVESTIDO CLONE (MATRIZ ETORICOXIBE 60 MG COMPRIMIDO REVESTIDO ZYDUS),
SIM,LINHA,Terceiro,Sim,22159-0,ECOXE 60MG CT BL X 14 CPRV C1,EPR00851,0.0,0.0,0.0,1.0,0.0,0.0,0.0,0.0,0.0,0.0,0.0,0.0,1.0,0.08333333333333333,SIM,,CQ P30,0.0,0.0,,ECOXE 60 MG COMPRIMIDO REVESTIDO CLONE / ETORICOXIBE 60 MG COMPRIMIDO REVESTIDO CLONE (MATRIZ ETORICOXIBE 60 MG COMPRIMIDO REVESTIDO ZYDUS),
SIM,LINHA,Cosmed P01,Sim,22160-0,ECOXE 90MG CT BL X 2 CPRV C1 AG,EPR00857,0.0,0.0,0.0,2.0,0.0,0.0,0.0,0.0,0.0,0.0,0.0,0.0,2.0,0.16666666666666666,SIM,,CQ P30,0.0,0.0,,ECOXE 90 MG COMPRIMIDO REVESTIDO CLONE / ETORICOXIBE 90 MG COMPRIMIDO REVESTIDO CLONE (MATRIZ ETORICOXIBE 90 MG COMPRIMIDO REVESTIDO ZYDUS),
SIM,LINHA,Cosmed P01,Sim,22164-0,ECOXE 90MG CT BL X 14 CPRV C1,EPR00857,0.0,0.0,0.0,1.0,0.0,0.0,0.0,0.0,0.0,0.0,0.0,0.0,1.0,0.08333333333333333,SIM,,CQ P30,0.0,0.0,,ECOXE 90 MG COMPRIMIDO REVESTIDO CLONE / ETORICOXIBE 90 MG COMPRIMIDO REVESTIDO CLONE (MATRIZ ETORICOXIBE 90 MG COMPRIMIDO REVESTIDO ZYDUS),
SIM,LINHA,Sólidos P19,Não,22167-1,AAS PROTECT 100MG BL 3X10 CPRV LIB RETAR,MPR01253,2.0,3.0,0.0,2.0,3.0,0.0,3.0,2.0,1.1718473371063705,1.6481133315268646,2.5826352015732548,2.345720918301911,22.7483167885084,1.8956930657090334,SIM,,CQ P30,2.0,1.0,2.2,AAS PROTECT 100 MG COMPRIMIDO REVESTIDO DE LIBERAÇÃO RETARDADA,2.2
SIM,LINHA,Sólidos P19,Não,22170-1,BUCLINA 25MG CPR TABCA BL2X15,MPR01176,3.0,6.0,0.0,4.0,3.0,0.0,5.0,3.0,6.109325206791467,2.966603996748356,3.651976401179941,5.500882561669019,42.22878816638878,3.5190656805323983,SIM,,CQ P30,3.0,0.0,,BUCLINA 25 MG COMPRIMIDO,
SIM,LINHA,Sólidos P19,Não,22171-0,HIDANTAL 100MG TAB BL25 M35 BR,MPR01215,0.0,0.0,0.0,0.0,0.0,0.0,0.0,0.0,0.0,0.0,0.0,0.0,0.0,0.0,SIM,,CQ P30,2.0,0.0,2.6666666666666665,HIDANTAL 100 MG COMPRIMIDO,2.6666666666666665
SIM,LINHA,Sólidos P19,Não,22171-1,HIDANTAL 100MG CPR TAB BL25 C1,MPR01215,0.0,3.0,4.0,0.0,1.0,1.0,1.0,1.0,2.234369467421274,0.8474756083393133,3.02696338790428,1.8537287012233112,18.96253716488818,1.5802114304073482,SIM,,CQ P30,2.0,1.0,2.6666666666666665,HIDANTAL 100 MG COMPRIMIDO,2.6666666666666665
SIM,LINHA,Terceiro,Não,22172-1,AAS INFANTIL 100MG CT FR 120 CPR,MPR01254,0.0,0.0,1.0,0.0,0.0,0.0,0.0,1.0,1.6676747843238295,0.9390333350806959,0.25451637039139297,0.6760958745065663,5.537320364302484,0.4614433636918737,SIM,,CQ P30,2.0,1.0,2.0,AAS INFANTIL COMPRIMIDO 100 MG,2.0
SIM,LINHA,Sólidos P19,Não,22173-2,AAS INFANTIL 100MG CT BL 2X15 CPR,MPR01254,0.0,2.0,1.0,0.0,2.0,0.0,0.0,0.0,0.4687389348425482,0.6592453326107458,0.6271783734484773,0.20483735909822867,6.96,0.58,SIM,,CQ P30,2.0,1.0,2.0,AAS INFANTIL COMPRIMIDO 100 MG,2.0
SIM,LINHA,Sólidos P01,Não,22175-1,PEPSAMAR 230MG TAB CPR MAST BL20X10,MPR01224,0.0,0.0,0.0,6.0,0.0,0.0,7.0,3.0,1.3631693513278187,3.9877366747994465,3.3696375895490944,1.5837319298631343,26.304275545539493,2.192022962128291,SIM,,CQ P30,2.0,1.0,4.0,PEPSAMAR 230 MG COMPRIMIDO MASTIGÁVEL,4.0
SIM,LINHA,Sólidos P01,Não,22176-1,PEPSAMAR 230MG TAB CPR MAST BL5X10,MPR01224,0.0,0.0,0.0,1.0,1.0,0.0,0.0,1.0,0.6815846756639093,0.26841532433609055,0.6901812052254531,0.9880314467713469,5.628212651996799,0.46901772099973327,SIM,,CQ P30,2.0,1.0,4.0,PEPSAMAR 230 MG COMPRIMIDO MASTIGÁVEL,4.0
SIM,LINHA,Líquidos P24,Sim,22177-0,NATURETTI 10/4G/+ GEL BT1 M23 S BR 130G,EPR01066,0.0,0.0,0.0,0.0,0.0,0.0,0.0,0.0,0.0,0.0,0.0,0.0,0.0,0.0,SIM,,CQ P30,0.0,0.0,,"NATURETTI 19,5 MG / 5 G + 28,9 MG / 5 G GELEIA (EXTRATO SECO DE CASSIA FISTULA + EXTRATO ÁCIDO DE SENNA ALEXANDRINA MILLER 19,5 MG / 5 G + 28,9 MG / 5 G)",
SIM,PROJETO,Terceiro,Não,22183-0,ESOMEPRA MAG 40MG FRX28 CAP DURA LIB RET,MPR00795,2.0,0.0,0.0,1.0,3.0,2.0,4.0,1.0,0.0,0.6901812052254531,2.319744238062822,2.9595120289056425,18.969437472193917,1.5807864560161597,SIM,,CQ P30,3.0,0.0,3.0,ESOL XR 40 MG CÁPSULA DURA DE LIBERAÇÃO RETARDADA,3.0
SIM,LINHA,Sólidos P19,Não,22184-0,EZETIMIBA+SINVASTATINA 10+20MG CPR 1X30,MPR01014,0.0,0.0,0.0,0.0,0.0,0.0,0.0,0.0,0.0,0.0,0.0,0.0,0.0,0.0,SIM,,CQ P30,4.0,0.0,,EZETIMIBA 10 MG + SINVASTATINA 20 MG COMPRIMIDO,
SIM,LINHA,Líquidos P24,Não,22185-1,BENEGRIP MULTI FEBRE E DOR SUSP GTS 15ML,MPR01001,0.0,0.0,0.0,0.0,0.0,0.0,0.0,0.0,0.0,0.6901812052254531,0.25981879477454695,0.0,0.9500000000000001,0.07916666666666668,SIM,,CQ P30,4.0,0.0,3.5,PRATIUM 140 MG/ML SUSPENSÃO GOTAS,3.5
SIM,PROJETO,Terceiro,Não,22190-0,ESOL XR 40MG FRX28 CAP DURA LIB RETARD,MPR00795,0.0,1.0,2.0,0.0,0.0,0.0,0.0,1.0,0.6815846756639093,0.26841532433609055,0.0,0.6901812052254531,5.640181205225454,0.47001510043545447,SIM,,CQ P30,3.0,1.0,3.0,ESOL XR 40 MG CÁPSULA DURA DE LIBERAÇÃO RETARDADA,3.0
SIM,PROJETO,Terceiro,Não,22191-0,ESOL XR 20MG FRX28 CAP DURA LIB RETARD,MPR00794,0.0,0.0,0.0,0.0,1.0,0.0,0.0,0.0,0.0,0.6901812052254531,0.25981879477454695,0.0,1.95,0.1625,SIM,,CQ P30,4.0,0.0,,ESOL XR 20 MG CÁPSULA DURA DE LIBERAÇÃO RETARDADA,
SIM,LINHA,Sólidos P19,Não,22192-0,"PERSUR 2,5MG BL X 5 AG CPR",MPR00779,0.0,0.0,0.0,1.0,1.0,0.0,1.0,1.0,0.0367126750189458,0.05163355943970164,0.051170518518518525,0.043731288315702305,4.1832480412928685,0.3486040034410724,SIM,,CQ P30,3.0,1.0,4.4,"BESILATO DE LEVANLODIPINO HEMIPENTAIDRATADO 2,5 MG COMPRIMIDO / PERSUR  2,5 MG COMPRIMIDO",4.4
SIM,LINHA,Sólidos P19,Não,22194-0,"BESILATO DE LEVANLODIPINO 2,5MG 30X CPR",MPR00779,0.0,3.0,1.0,1.0,2.0,0.0,4.0,2.0,0.648340163885261,0.9118406755116583,2.383075253031793,2.345720918301911,19.288977010730623,1.6074147508942185,SIM,,CQ P30,3.0,1.0,4.4,"BESILATO DE LEVANLODIPINO HEMIPENTAIDRATADO 2,5 MG COMPRIMIDO / PERSUR  2,5 MG COMPRIMIDO",4.4
SIM,LINHA,Sólidos P19,Não,22195-0,"BESILATO DE LEVANLODIPINO 2,5MG 2X30 CPR",MPR00779,0.0,2.0,0.0,1.0,0.0,0.0,2.0,0.0,0.44225518502394423,0.6219979713182386,1.5925396460176993,0.9705002778846565,8.627293080244538,0.7189410900203782,SIM,,CQ P30,3.0,1.0,4.4,"BESILATO DE LEVANLODIPINO HEMIPENTAIDRATADO 2,5 MG COMPRIMIDO / PERSUR  2,5 MG COMPRIMIDO",4.4
SIM,LINHA,Sólidos P19,Não,22196-0,BESILATO DE LEVANLODIPINO 5MG 2X15 CPR,MPR00780,0.0,3.0,1.0,3.0,2.0,0.0,2.0,3.0,1.7075733708317231,2.401570876951673,2.380034000485721,1.4581802979505851,21.9473585462197,1.8289465455183083,SIM,,CQ P30,3.0,1.0,3.0,BESILATO DE LEVANLODIPINO HEMIPENTAIDRATADO 5 MG COMPRIMIDO / PERSUR 5 MG COMPRIMIDO,3.0
SIM,LINHA,Sólidos P19,Não,22200-0,PERSUR 5MG BL X 5 AG CPR,MPR00780,0.0,0.0,0.0,1.0,0.0,0.0,1.0,1.0,0.07664085586556378,0.1077894810117224,0.10682284340000003,0.048748436862151266,3.340001617139437,0.2783334680949531,SIM,,CQ P30,3.0,1.0,3.0,BESILATO DE LEVANLODIPINO HEMIPENTAIDRATADO 5 MG COMPRIMIDO / PERSUR 5 MG COMPRIMIDO,3.0
SIM,LINHA,Sólidos P19,Não,22201-0,PERSUR 5MG BL 2X15 CPR,MPR00780,0.0,1.0,0.0,1.0,0.0,0.0,0.0,0.0,0.09905337933813128,0.13931097494582886,0.13806165797311143,0.04328599807949242,2.419712010336564,0.20164266752804702,SIM,,CQ P30,3.0,1.0,3.0,BESILATO DE LEVANLODIPINO HEMIPENTAIDRATADO 5 MG COMPRIMIDO / PERSUR 5 MG COMPRIMIDO,3.0
SIM,LINHA,Sólidos P19,Não,22203-0,"PERSUR 2,5MG BL 2X30 CPR",MPR00779,0.0,0.0,0.0,0.0,1.0,0.0,0.0,0.0,0.021250670378413557,0.029887436738158732,0.06743208229310234,0.1632534407820672,1.2818236301917418,0.10681863584931182,SIM,,CQ P30,3.0,1.0,4.4,"BESILATO DE LEVANLODIPINO HEMIPENTAIDRATADO 2,5 MG COMPRIMIDO / PERSUR  2,5 MG COMPRIMIDO",4.4
SIM,LINHA,Terceiro,Não,22205-0,KELAC 10MG CT BL x 2 CP SUBL AG,MPR01181,0.0,0.0,0.0,0.0,1.0,0.0,0.0,0.0,0.0,0.0,0.0,0.0,1.0,0.08333333333333333,SIM,,CQ P30,4.0,0.0,3.0,TROMETAMOL CETOROLACO 10 MG COMPRIMIDO SUBLINGUAL / KELAC 10 MG COMPRIMIDO SUBLINGUAL,3.0
SIM,LINHA,Terceiro,Não,22207-0,KELAC 10MG CT BL x 10 CP SUBL,MPR01181,0.0,2.0,0.0,0.0,0.0,0.0,0.0,0.0,0.0,0.0,0.0,0.0,2.0,0.16666666666666666,SIM,,CQ P30,4.0,0.0,3.0,TROMETAMOL CETOROLACO 10 MG COMPRIMIDO SUBLINGUAL / KELAC 10 MG COMPRIMIDO SUBLINGUAL,3.0
SIM,LINHA,Terceiro,Não,22208-0,KELAC 10MG CT BL x 20 CP SUBL,MPR01181,0.0,1.0,0.0,0.0,0.0,0.0,0.0,0.0,0.0,1.3168105250737463,0.4957134749262536,0.0,2.8125240000000002,0.23437700000000003,SIM,,CQ P30,4.0,0.0,3.0,TROMETAMOL CETOROLACO 10 MG COMPRIMIDO SUBLINGUAL / KELAC 10 MG COMPRIMIDO SUBLINGUAL,3.0
SIM,LINHA,Terceiro,Não,22210-0,TROMET CETOROLACO 10MG CT BL x 10CP SUBL,MPR01181,2.0,0.0,0.0,0.0,0.0,0.0,0.0,0.0,0.0,0.0,0.0,0.0,2.0,0.16666666666666666,SIM,,CQ P30,4.0,0.0,3.0,TROMETAMOL CETOROLACO 10 MG COMPRIMIDO SUBLINGUAL / KELAC 10 MG COMPRIMIDO SUBLINGUAL,3.0
SIM,LINHA,Terceiro,Não,22212-0,TROMET CETOROLACO 10MG CT BL X 30CP SUBL,MPR01181,1.0,0.0,0.0,0.0,0.0,0.0,0.0,0.0,0.0,0.0,0.0,0.0,1.0,0.08333333333333333,SIM,,CQ P30,4.0,0.0,3.0,TROMETAMOL CETOROLACO 10 MG COMPRIMIDO SUBLINGUAL / KELAC 10 MG COMPRIMIDO SUBLINGUAL,3.0
SIM,LINHA,Terceiro,Não,22213-0,TROMET CETOROLACO 10MG CT BL X 20CP SUBL,MPR01181,1.0,0.0,0.0,0.0,0.0,0.0,0.0,0.0,0.0,0.0,0.0,0.0,1.0,0.08333333333333333,SIM,,CQ P30,4.0,0.0,3.0,TROMETAMOL CETOROLACO 10 MG COMPRIMIDO SUBLINGUAL / KELAC 10 MG COMPRIMIDO SUBLINGUAL,3.0
SIM,LINHA,Sólidos P01,Não,22214-0,"E CANNABIS S. 79,14MG/ML SOL GTS FR 30ML",MPR01230,0.0,0.0,5.0,3.0,4.0,0.0,0.0,10.0,0.0,0.0,4.8312684365781715,6.465175463264098,33.29644389984227,2.7747036583201887,SIM,,CQ P30,2.0,0.0,12.0,"EXTRATO DE CANNABIS SATIVA 79,14 MG/ML SOLUÇÃO GOTAS",12.0
SIM,LINHA,Sólidos P01,Não,22215-0,"CANABIDIOL 23,75MG/ML SOL GOTAS FR 10ML",MPR01229,0.0,0.0,5.0,2.0,0.0,0.0,0.0,0.0,0.0,0.0,0.6901812052254531,1.6782126519968,9.368393857222253,0.7806994881018544,SIM,,CQ P30,2.0,0.0,2.6,"CANABIDIOL 23,75 MG/ML SOLUÇÃO GOTAS",2.6
SIM,LINHA,Terceiro,Sim,22230-0,ONDAVON 8MG CT BL X 10 CPR ORODISP,MPR01420,0.0,1.0,0.0,0.0,2.0,0.0,0.0,0.0,0.0,0.0,0.0,0.0,3.0,0.25,SIM,,CQ P30,0.0,0.0,,ONDANSETRONA 8 MG COMPRIMIDO ORODISPERSÍVEL CLONE / ONDAVON 8 MG COMPRIMIDO ORODISPERSÍVEL CLONE (MATRIZ ONDANSETRONA 8 MG COMPRIMDO REVESTIDO ALTHAIA),
SIM,LINHA,Terceiro,Sim,22232-0,ONDAVON 4MG CT BL X 10 CPR ORODISP,MPR01421,0.0,2.0,1.0,0.0,1.0,0.0,0.0,0.0,0.17039616891597734,0.06710383108402264,0.0,0.0,4.2375,0.35312499999999997,SIM,,CQ P30,0.0,0.0,,ONDANSETRONA 4 MG COMPRIMIDO ORODISPERSÍVEL CLONE / ONDAVON 4 MG COMPRIMIDO ORODISPERSÍVEL CLONE (MATRIZ ONDANSETRONA 4 MG COMPRIMDO REVESTIDO ALTHAIA),
SIM,LINHA,Terceiro,Sim,22235-0,CL ONDANSETRONA 4MG CT BLX10 CPR ORODISP,MPR01421,0.0,1.0,1.0,0.0,0.0,0.0,0.0,0.0,0.17039616891597734,0.06710383108402264,0.0,0.0,2.2375000000000003,0.18645833333333336,SIM,,CQ P30,0.0,0.0,,ONDANSETRONA 4 MG COMPRIMIDO ORODISPERSÍVEL CLONE / ONDAVON 4 MG COMPRIMIDO ORODISPERSÍVEL CLONE (MATRIZ ONDANSETRONA 4 MG COMPRIMDO REVESTIDO ALTHAIA),
SIM,LINHA,Terceiro,Sim,22236-0,CL ONDANSETRONA 8MG CT BLX10 CPR ORODISP,MPR01420,0.0,1.0,0.0,0.0,2.0,0.0,0.0,0.0,0.0,0.34509060261272656,0.12990939738727347,0.0,3.475,0.28958333333333336,SIM,,CQ P30,0.0,0.0,,ONDANSETRONA 8 MG COMPRIMIDO ORODISPERSÍVEL CLONE / ONDAVON 8 MG COMPRIMIDO ORODISPERSÍVEL CLONE (MATRIZ ONDANSETRONA 8 MG COMPRIMDO REVESTIDO ALTHAIA),
SIM,LINHA,Sólidos P01,Não,22237-0,LEVETIRACETAM 750MG CT BL X 30 CPRV,MPR01246,0.0,0.0,0.0,0.0,1.0,0.0,0.0,0.0,0.0,0.0,0.0,0.5647001304132164,1.5647001304132164,0.1303916775344347,SIM,,CQ P30,3.0,0.0,,LEVETIRACETAM 750 MG COMPRIMIDO REVESTIDO,
SIM,LINHA,Terceiro,Não,22238-0,LEVETIRACETAM 250MG CT BL X 30 CPRV,MPR01245,0.0,2.0,0.0,0.0,1.0,0.0,0.0,0.0,0.0,0.0,0.0,0.0,3.0,0.25,SIM,,CQ P30,3.0,0.0,,LEVETIRACETAM 250 MG COMPRIMIDO REVESTIDO,
SIM,LINHA,Líquidos P24,Não,22244-0,GASTROL TC SUS OR CT FR 1X240ML,MPR01155,0.0,0.0,0.0,0.0,0.0,0.0,0.0,1.0,0.0,0.6901812052254531,0.25981879477454695,0.0,1.95,0.1625,SIM,,CQ P30,2.0,0.0,2.5,GASTROL TC SUSPENSÃO ORAL,2.5
SIM,LINHA,Dermocosméticos P22,Não,22247-0,FLAVONID TOPICO BG 200G,MPR00813,0.0,7.0,1.0,1.0,1.0,3.0,1.0,4.0,2.0447540269917277,1.4954271782337247,0.25981879477454695,0.6901812052254531,22.490181205225454,1.8741817671021213,SIM,,CQ P30,1.0,1.0,3.0,FLAVONID,3.0
SIM,LINHA,Sólidos P19,Não,22252-0,DUXXEN 30MG CAP DURA LIB RETARD X 30 C1,MPR01090,0.0,0.0,1.0,0.0,0.0,1.0,0.0,0.0,0.2343694674212741,0.3296226663053729,0.8013176007866275,0.307256038647343,3.6725657731606174,0.30604714776338476,SIM,,CQ P30,3.0,1.0,2.3333333333333335,DUXXEN 30 MG CÁPSULA DURA  DE LIBERAÇÃO RETARDADA,2.3333333333333335
SIM,LINHA,Sólidos P19,Não,22253-0,DUXXEN 30MG CAP DURA LIB RETARD X 60 C1,MPR01090,1.0,0.0,3.0,0.0,0.0,4.0,0.0,2.0,0.4687389348425482,0.6592453326107458,0.6533333333333333,0.9168137602781699,12.6981313610648,1.0581776134220666,SIM,,CQ P30,3.0,1.0,2.3333333333333335,DUXXEN 30 MG CÁPSULA DURA  DE LIBERAÇÃO RETARDADA,2.3333333333333335
SIM,LINHA,Sólidos P19,Não,22254-0,DUXXEN 60MG CAP DURA LIB RETARD X 30 C1,MPR01091,1.0,0.0,0.0,0.0,0.0,0.0,0.0,0.0,0.11718473371063705,0.16481133315268645,0.08940076322337177,0.019303466797086707,1.3907002968837818,0.11589169140698181,SIM,,CQ P30,3.0,1.0,2.3333333333333335,DUXXEN 60 MG CÁPSULA DURA  DE LIBERAÇÃO RETARDADA,2.3333333333333335
SIM,LINHA,Sólidos P19,Não,22255-0,DUXXEN 60MG CAP DURA LIB RETARD X 60 C1,MPR01091,1.0,1.0,0.0,0.0,1.0,1.0,2.0,1.0,1.1718473371063705,1.6481133315268646,1.6333333333333335,0.5120933977455717,11.96538739971214,0.9971156166426783,SIM,,CQ P30,3.0,1.0,2.3333333333333335,DUXXEN 60 MG CÁPSULA DURA  DE LIBERAÇÃO RETARDADA,2.3333333333333335
SIM,LINHA,Efervescentes P35,Não,22270-0,GASTROL PO EFER CT 6 X ABACAXI,MPR00137,0.0,0.0,2.0,0.0,0.0,0.0,2.0,0.0,0.6815846756639093,0.9585965295615437,0.25981879477454695,0.6901812052254531,6.590181205225454,0.5491817671021212,SIM,,CQ P30,2.0,1.0,2.0,GASTROL LIMÃO PÓ EFERVESCENTE,2.0
SIM,LINHA,Efervescentes P35,Não,22271-0,GASTROL PO EFER CT 6 X LARANJA,MPR00137,2.0,0.0,0.0,0.0,0.0,1.0,1.0,1.0,0.6815846756639093,0.9585965295615437,0.25981879477454695,0.6901812052254531,7.590181205225454,0.6325151004354544,SIM,,CQ P30,2.0,1.0,2.0,GASTROL LIMÃO PÓ EFERVESCENTE,2.0
SIM,PROJETO,Dermocosméticos P22,Não,22275-0,BLANCY 8 BG 30G,MPR00914,0.0,1.0,0.0,0.0,0.0,1.0,0.0,0.0,0.36708777328117753,0.14456308547298802,0.0,0.0,2.5116508587541655,0.2093042382295138,SIM,,CQ P30,1.0,1.0,2.0,BLANCY 8,2.0
SIM,PROJETO,Dermocosméticos P22,Não,22276-0,BLANCY 8 SCH 2G AG,MPR00914,0.0,1.0,0.0,0.0,0.0,1.0,0.0,0.0,0.34045188594600867,0.1340735885794658,0.0,0.0,2.4745254745254748,0.20621045621045622,SIM,,CQ P30,1.0,1.0,2.0,BLANCY 8,2.0
SIM,LINHA,Líquidos P24,Não,22282-0,BENETOSSE HEDERA 15MG/ML XPE FR X100ML,MPR00065,0.0,0.0,0.0,0.0,1.0,1.0,0.0,0.0,2.0,0.0,0.0,0.0,4.0,0.3333333333333333,SIM,,CQ P30,2.0,1.0,2.3333333333333335,"BLUMEL HEDERA 15,0 MG/ML XAROPE / BENETOSSE HEDERA 15,0 MG/ML XAROPE",2.3333333333333335
SIM,LINHA,Líquidos P24,Não,22284-0,RINOSORO 3% SIC XT SOL SPRAY FR 50ML,MPR00922,0.0,0.0,0.0,0.0,1.0,0.0,0.0,0.0,0.0,0.0,0.0,0.0,1.0,0.08333333333333333,SIM,,CQ P30,2.0,0.0,,"RINOSORO SIC XT 3,0 % SOLUÇÃO SPRAY",
SIM,LINHA,Semissólidos P01,Sim,22286-0,ALBOCRESIL GEL 5% 50G BG 9 APL,EPR00568,0.0,0.0,4.0,0.0,0.0,0.0,0.0,0.0,0.6815846756639093,0.26841532433609055,0.0,1.3036756098703004,6.2536756098703,0.5211396341558584,SIM,,CQ P30,0.0,0.0,,ALBOCRESIL GEL,
SIM,LINHA,Semissólidos P01,Não,22287-0,M-LIX CREME 1MG CT BG AL X 10G AG,MPR00168,0.0,0.0,0.0,0.0,0.0,0.0,0.0,0.0,0.0,0.0,0.0,0.0,0.0,0.0,SIM,,CQ P30,2.0,0.0,2.6666666666666665,"FUROATO DE MOMETASONA 1,0 MG/G CREME GENÉRICO / M-LIX 1,0 MG/G CREME",2.6666666666666665
SIM,PROJETO,Sólidos P19,Não,22305-0,DUXXEN 60MG CAP DURA LIB RETARD 10 C1 AG,MPR01091,0.0,0.0,0.0,0.0,0.0,1.0,0.0,0.0,0.23436946742127415,0.32962266630537296,0.32666666666666677,0.10241867954911435,1.9930774799424285,0.16608978999520238,SIM,,CQ P30,3.0,1.0,2.3333333333333335,DUXXEN 60 MG CÁPSULA DURA  DE LIBERAÇÃO RETARDADA,2.3333333333333335
SIM,PROJETO,Sólidos P19,Não,22308-0,DUXXEN 30MG CAP DURA LIB RETARD 10 C1 AG,MPR01090,0.0,0.0,0.0,0.0,0.0,2.0,0.0,1.0,0.35656179695681944,0.40590236934191315,0.6415301130685134,0.28682138827525094,4.690815667642497,0.3909013056368747,SIM,,CQ P30,3.0,1.0,2.3333333333333335,DUXXEN 30 MG CÁPSULA DURA  DE LIBERAÇÃO RETARDADA,2.3333333333333335
SIM,LINHA,Cosmed P01,Não,22309-0,AMMY 4MG CPRV CT BL X 24 + 4 PLAC AG,"MPR00732
MPR00734",0.0,0.0,0.0,4.0,1.0,0.0,0.0,3.0,0.0,0.0,0.6436491883691531,0.27776917826086955,8.921418366630023,0.7434515305525019,SIM,,CQ P30,2.0,0.0,,"AMMY 4,0 MG COMPRIMIDO REVESTIDO + PLACEBO COMPRIMIDO REVESTIDO",
SIM,LINHA,Cosmed P01,Não,22310-0,AMMY 4MG CPRV CT BL X 24 + 4 PLAC,"MPR00732
MPR00734",0.0,0.0,2.0,4.0,5.0,0.0,0.0,5.0,0.0,2.7607248209018125,2.419637589549094,0.5957004830917875,21.776062893542694,1.8146719077952245,SIM,,CQ P30,2.0,0.0,,"AMMY 4,0 MG COMPRIMIDO REVESTIDO + PLACEBO COMPRIMIDO REVESTIDO",
SIM,LINHA,Terceiro,Sim,22311-0,CLARITROMICINA 500MG PO LIOF SOL FR,EPR00930,0.0,0.0,0.0,0.0,3.0,0.0,0.0,0.0,1.0,0.6901812052254531,0.25981879477454695,0.6901812052254531,5.640181205225454,0.47001510043545447,SIM,,CQ P30,0.0,0.0,,CLARITROMICINA 500 MG PÓ LIOFILIZADO PARA SOLUÇÃO INJETÁVEL CLONE (MATRIZ CLARITROMICINA 500 MG PÓ LIOFILIZADO PARA SOLUÇÃO INJETÁVEL MANDALA),
SIM,LINHA,Dermocosméticos P22,Não,22316-0,PIELUS DI FR 200ML,MPR00827,1.0,0.0,2.0,2.0,0.0,2.0,1.0,0.0,0.6815846756639093,0.26841532433609055,0.6006635391780532,0.2592185630055703,9.809882102183623,0.8174901751819686,SIM,,CQ P30,1.0,1.0,3.375,PIELUS DI NOVA GERACAO,3.375
SIM,LINHA,Dermocosméticos P22,Não,22317-0,PIELUS DI FR 400ML,MPR00827,3.0,0.0,3.0,5.0,0.0,5.0,2.0,1.0,2.7263387026556374,1.7638425025698155,0.9500000000000001,1.6782126519968,26.11839385722225,2.176532821435188,SIM,,CQ P30,1.0,1.0,3.375,PIELUS DI NOVA GERACAO,3.375
SIM,LINHA,Dermocosméticos P22,Não,22318-0,PIELUS DI SCH 7ML AG,MPR00827,0.0,0.0,0.0,1.0,0.0,1.0,1.0,1.0,0.0,0.13096889740340792,0.1366158548900591,0.037680073417687254,4.305264825711154,0.3587720688092628,SIM,,CQ P30,1.0,0.0,3.375,PIELUS DI NOVA GERACAO,3.375
SIM,LINHA,Dermocosméticos P22,Não,22319-0,PIELUS SENSICARE FR 400ML,MPR00886,0.0,0.0,0.0,0.0,0.0,0.0,0.0,0.0,0.0,0.0,0.0,0.0,0.0,0.0,SIM,,CQ P30,1.0,0.0,4.333333333333333,PIELUS SENSICARE CREME,4.333333333333333
SIM,LINHA,Dermocosméticos P22,Não,22320-0,PIELUS SENSICARE SCH 7ML AG,MPR00886,0.0,0.0,0.0,0.0,0.0,0.0,0.0,0.0,0.0,0.0,0.0,0.0,0.0,0.0,SIM,,CQ P30,1.0,0.0,4.333333333333333,PIELUS SENSICARE CREME,4.333333333333333
SIM,PROJETO,Terceiro,Não,22321-0,ESOL XR 40MG FRX7 CAP DURA LIB RETARD AG,MPR00795,0.0,0.0,3.0,3.0,0.0,0.0,0.0,3.0,0.0,0.0,2.070543615676359,0.893550724637681,11.96409434031404,0.9970078616928366,SIM,,CQ P30,3.0,0.0,3.0,ESOL XR 40 MG CÁPSULA DURA DE LIBERAÇÃO RETARDADA,3.0
SIM,PROJETO,Terceiro,Não,22324-0,ESOL XR 20MG FRX7 CAP DURA LIB RETARD AG,MPR00794,0.0,0.0,3.0,0.0,0.0,0.0,0.0,3.0,0.0,0.0,2.070543615676359,0.893550724637681,8.96409434031404,0.7470078616928366,SIM,,CQ P30,4.0,0.0,,ESOL XR 20 MG CÁPSULA DURA DE LIBERAÇÃO RETARDADA,
SIM,PROJETO,Dermocosméticos P22,Não,22325-0,EPISOL FPS60 ANTIOX SCH 2ML AG,MPR00009,0.0,1.0,0.0,1.0,1.0,0.0,0.0,0.0,0.0,0.0,0.0,0.0,3.0,0.25,SIM,,CQ P30,2.0,0.0,,EPISOL FPS 60 ANTIOX EMULSÃO,
SIM,LINHA,Terceiro,Sim,22327-0,EPISOL INTENSE HYDRA SPRAY FPS50 12ML AG,MPR00998,0.0,0.0,1.0,0.0,0.0,0.0,1.0,1.0,0.0,0.0,0.21226156221181622,0.09160225908360717,3.303863821295423,0.2753219851079519,SIM,Resultados COA (não faz análise interna),CQ P30,0.0,0.0,,EPISOL INTENSE HYDRA SPRAY FPS50 ,
SIM,LINHA,Dermocosméticos P22,Não,22328-0,EPISOL FPS60 ANTIOX BG 60ML,MPR00009,1.0,2.0,0.0,2.0,1.0,0.0,0.0,0.0,1.0,0.0,0.690181205225453,0.2978502415458937,7.988031446771347,0.6656692872309456,SIM,,CQ P30,2.0,0.0,,EPISOL FPS 60 ANTIOX EMULSÃO,
SIM,LINHA,Terceiro,Sim,22338-0,BLANCY TX CLAREADOR SCH 2G AG,MPR00941,1.0,3.0,0.0,0.0,4.0,0.0,3.0,1.0,0.0429398775067038,0.01691018234335605,0.04348145941066296,0.06224604339263825,12.165577562653361,1.0137981302211134,SIM,,CQ P30,0.0,1.0,2.0,BLANCY TX CLAREADOR,2.0
SIM,LINHA,Sólidos P19,Não,22340-0,NQ VITAMINA D3 7/000 UI X 4 CAP MOLE,MPR00302,0.0,0.0,0.0,0.0,0.0,0.0,0.0,0.0,0.0,0.0,0.0,0.0,0.0,0.0,SIM,,CQ P30,2.0,0.0,6.071428571428571,ADDERA D3 7.000 UI CÁPSULA MOLE / NEO QUÍMICA VIT D 7.000 UI CÁPSULA MOLE,6.071428571428571
SIM,PROJETO,Sólidos P19,Não,22340-1,NQ VITAMINA D3 7.000UI CT BL 4 CAP MOLE,MPR00302,0.0,1.0,1.0,0.0,0.0,1.0,0.0,1.0,0.09554629016106947,0.13437852321381244,0.13317343962377223,0.41198114036034633,4.775079393359,0.3979232827799167,SIM,,CQ P30,2.0,1.0,6.071428571428571,ADDERA D3 7.000 UI CÁPSULA MOLE / NEO QUÍMICA VIT D 7.000 UI CÁPSULA MOLE,6.071428571428571
SIM,LINHA,Sólidos P19,Não,22341-0,NQ VITAMINA D3 7/000 UI X 10 CAP MOLE,MPR00302,0.0,0.0,0.0,0.0,0.0,0.0,0.0,0.0,0.0,0.0,0.0,0.0,0.0,0.0,SIM,,CQ P30,2.0,0.0,6.071428571428571,ADDERA D3 7.000 UI CÁPSULA MOLE / NEO QUÍMICA VIT D 7.000 UI CÁPSULA MOLE,6.071428571428571
SIM,PROJETO,Sólidos P19,Não,22341-1,NQ VITAMINA D3 7.000UI CT BL 10 CAP MOLE,MPR00302,0.0,2.0,1.0,0.0,0.0,1.0,1.0,1.0,0.7031084022638223,0.5142170647961579,0.7443594886922321,0.7460582764995085,8.70774323225172,0.7256452693543101,SIM,,CQ P30,2.0,1.0,6.071428571428571,ADDERA D3 7.000 UI CÁPSULA MOLE / NEO QUÍMICA VIT D 7.000 UI CÁPSULA MOLE,6.071428571428571
SIM,LINHA,Sólidos P19,Não,22342-0,NQ VITAMINA D3 7.000 UI X 30 CAP MOLE,MPR00302,0.0,0.0,0.0,0.0,0.0,0.0,0.0,0.0,0.0,0.0,0.0,0.0,0.0,0.0,SIM,,CQ P30,2.0,0.0,6.071428571428571,ADDERA D3 7.000 UI CÁPSULA MOLE / NEO QUÍMICA VIT D 7.000 UI CÁPSULA MOLE,6.071428571428571
SIM,PROJETO,Sólidos P19,Não,22342-1,NQ VITAMINA D3 7.000UI CT BL 30 CAP MOLE,MPR00302,2.0,1.0,10.0,3.0,11.0,13.0,0.0,7.0,0.2343694674212741,1.8975300686528784,6.788582005311397,7.7627974119862575,63.683278953371804,5.306939912780984,SIM,,CQ P30,2.0,1.0,6.071428571428571,ADDERA D3 7.000 UI CÁPSULA MOLE / NEO QUÍMICA VIT D 7.000 UI CÁPSULA MOLE,6.071428571428571
SIM,LINHA,Sólidos P19,Não,22343-0,NQ VITAMINA D3 10.000 UI X 4 CAP MOLE,MPR00303,0.0,0.0,0.0,0.0,0.0,0.0,0.0,0.0,0.0,0.0,0.0,0.0,0.0,0.0,SIM,,CQ P30,2.0,0.0,3.5,ADDERA D3 10.000 U.I. CÁPSULA MOLE / NEO QUÍMICA VIT D 10.000 U.I. CÁPSULA MOLE,3.5
SIM,PROJETO,Sólidos P19,Não,22343-1,NQ VITAMINA D3 10.000UI CT BL 4 CAP MOLE,MPR00303,1.0,0.0,1.0,0.0,0.0,2.0,1.0,0.0,0.04420897489766307,0.06217652982161554,0.061618941347046166,0.7312955765104884,5.8993000225768135,0.49160833521473446,SIM,,CQ P30,2.0,1.0,3.5,ADDERA D3 10.000 U.I. CÁPSULA MOLE / NEO QUÍMICA VIT D 10.000 U.I. CÁPSULA MOLE,3.5
SIM,LINHA,Sólidos P19,Não,22344-0,NQ VITAMINA D3 50/000 UI X 4 CAP MOLE,MPR00799,0.0,0.0,0.0,0.0,0.0,0.0,0.0,0.0,0.0,0.0,0.0,0.0,0.0,0.0,SIM,,CQ P30,2.0,0.0,,EPISOL COLOR FPS30 CLARO EMULSÃO,
SIM,PROJETO,Sólidos P19,Não,22344-1,NQ VITAMINA D3 50.000UI CT BL 4 CAP MOLE,MPR00307,2.0,2.0,3.0,2.0,2.0,1.0,2.0,2.0,0.46873893484254814,0.6592453326107457,0.20716145526057025,0.3540389141122654,17.68918463682613,1.4740987197355109,SIM,,CQ P30,2.0,1.0,3.0,ADDERA D3 50.000 U.I. CÁPSULA MOLE / NEO QUÍMICA VIT D 50.000 U.I. CÁPSULA MOLE,3.0
SIM,LINHA,Sólidos P19,Não,22345-0,NQ VITAMINA D3 50/000 UI X 8 CAP MOLE,MPR00694,0.0,0.0,0.0,0.0,0.0,0.0,0.0,0.0,0.0,0.0,0.0,0.0,0.0,0.0,SIM,,CQ P30,4.0,0.0,5.0,NEOLEFRIN DIA COMPRIMIDO / FLUVIRAL DIA COMPRIMIDO / BENEGRIP MULTI DIA COMPRIMIDO,5.0
SIM,PROJETO,Sólidos P19,Não,22345-1,NQ VITAMINA D3 50.000UI CT BL 8 CAP MOLE,MPR00307,0.0,6.0,6.0,1.0,6.0,3.0,7.0,5.0,1.6188488893164608,2.2767867039729714,1.1866832688680051,1.8406319695609423,40.92295083171838,3.4102459026431986,SIM,,CQ P30,2.0,1.0,3.0,ADDERA D3 50.000 U.I. CÁPSULA MOLE / NEO QUÍMICA VIT D 50.000 U.I. CÁPSULA MOLE,3.0
SIM,LINHA,Líquidos P24,Não,22346-0,CALMINEX DICLO GEL 60G,MPR01068,0.0,1.0,0.0,0.0,0.0,1.0,2.0,0.0,0.6815846756639095,0.26841532433609055,0.6901812052254532,0.29785024154589373,5.9380314467713475,0.4948359538976123,SIM,,CQ P30,3.0,0.0,,"NEOCOFLAN 11,6MG/G GEL / CALMINEX DICLO 11,6MG/G GEL (NF)",
SIM,LINHA,Dermocosméticos P22,Não,22349-0,EPIDRAT CORPO INTENSIVO BG 200ML OR,MPR00961,0.0,0.0,0.0,1.0,0.0,2.0,0.0,0.0,0.6815846756639093,0.26841532433609055,1.3803624104509062,0.5957004830917875,5.926062893542694,0.49383857446189117,SIM,,CQ P30,1.0,1.0,7.5,EPIDRAT CORPO INTENSIVO,7.5
SIM,PROJETO,Probióticos P01,Não,22352-0,FLOMICIN 200MG CAP DURA CT FR VD 1X6,MPR01280,0.0,0.0,1.0,0.0,1.0,1.0,1.0,2.0,1.3631693513278187,1.5721024565103607,1.4250000000000003,1.1369565675442939,11.497228375382473,0.9581023646152061,SIM,,CQ P30,1.0,0.0,,FLOMICIN 200 MG CÁPSULA DURA,
SIM,LINHA,Sólidos P19,Não,22353-0,PREDSIM 10MG CPRV CT BL 10,MPR01030,0.0,0.0,0.0,1.0,0.0,0.0,0.0,1.0,0.18502950075100985,0.26022979039787547,0.2578960941899695,0.0808572778402368,2.784012663179092,0.23200105526492432,SIM,,CQ P30,3.0,1.0,2.0,PREDSIM 10 MG COMPRIMIDO REVESTIDO,2.0
SIM,LINHA,Sólidos P19,Não,22355-0,PREDSIM 10MG CPRV CT BL 2 AG,MPR01030,0.0,0.0,0.0,2.0,0.0,0.0,0.0,1.0,0.08788855028297779,0.12360849986451483,0.12250000000000001,0.03840700483091788,3.3724040549784107,0.2810336712482009,SIM,,CQ P30,3.0,1.0,2.0,PREDSIM 10 MG COMPRIMIDO REVESTIDO,2.0
SIM,LINHA,Líquidos P24,Não,22376-0,ESTOMAZIL LEITE MAG 80MG/ML SUSP FR100ML,MPR00975,0.0,0.0,0.0,1.0,0.0,0.0,1.0,0.0,0.6815846756639093,0.26841532433609055,0.0,0.0,2.9499999999999997,0.24583333333333332,SIM,,CQ P30,2.0,1.0,2.0,ESTOMAZIL LEITE DE MAGNÉSIA 80 MG/ML SUSPENSÃO,2.0
SIM,LINHA,Líquidos P24,Não,22377-0,ESTOMAZIL LEITE MAG 80MG/ML SUSP FR300ML,MPR00975,1.0,0.0,0.0,2.0,0.0,0.0,3.0,1.0,0.6815846756639092,1.6487777347869965,1.209818794774547,0.2978502415458937,10.838031446771346,0.9031692872309455,SIM,,CQ P30,2.0,1.0,2.0,ESTOMAZIL LEITE DE MAGNÉSIA 80 MG/ML SUSPENSÃO,2.0
SIM,LINHA,Líquidos P01,Não,22381-0,DIPIRONA 500MG/ML GTS VD 1X20ML,MPR00387,0.0,0.0,0.0,1.0,3.0,7.0,7.0,5.0,2.743385305860024,3.910145670874101,3.449349980225466,1.028859485454758,34.13174044241435,2.844311703534529,SIM,,CQ P30,3.0,1.0,4.285714285714286,DIPIRONA 500 MG/ML SOLUÇÃO GOTAS,4.285714285714286
SIM,LINHA,Sólidos P19,Não,22383-0,FLAVONID 900MG+100MG BL 60 CPRV,MPR01193,2.0,0.0,1.0,4.0,3.0,1.0,0.0,4.0,2.493822807206577,3.5073703586441045,3.086569761176409,1.63374451712197,25.721507444149058,2.143458953679088,SIM,,CQ P30,4.0,1.0,5.5,FLAVONID 900MG + 100MG COMPRIMIDO REVESTIDO,5.5
SIM,LINHA,Sólidos P19,Não,22387-0,FLAVONID 900MG+100MG BL 30 CPRV,MPR01193,7.0,1.0,0.0,5.0,2.0,3.0,4.0,3.0,6.117112669857877,4.787434264842523,4.496545443427054,4.92204989903577,45.32314227716322,3.776928523096935,SIM,,CQ P30,4.0,2.0,5.5,FLAVONID 900MG + 100MG COMPRIMIDO REVESTIDO,5.5
SIM,LINHA,Sólidos P19,Não,22391-0,"PERSUR 2,5MG BL X 30 CPR",MPR00779,0.0,1.0,0.0,0.0,0.0,0.0,0.0,1.0,0.011718473371063704,0.06394622672726472,0.08166666666666667,0.08493603665227367,2.2422674034172685,0.18685561695143904,SIM,,CQ P30,3.0,1.0,4.4,"BESILATO DE LEVANLODIPINO HEMIPENTAIDRATADO 2,5 MG COMPRIMIDO / PERSUR  2,5 MG COMPRIMIDO",4.4
SIM,LINHA,Bioage,Sim,22406-0,NEBACETIN BABY CREME PREVENT 5G SCH AG,MPR00977,0.0,0.0,0.0,0.0,0.0,0.0,0.0,0.0,0.0,0.0,0.0,0.0,0.0,0.0,SIM,,CQ P30,0.0,0.0,4.5,NEBACETIN BABY CREME PREVENT CREME,4.5
SIM,LINHA,Terceiro,Sim,22412-0,NEBACETIN BABY CREME 5G SCH AG,MPR00978,0.0,0.0,0.0,0.0,0.0,0.0,0.0,0.0,0.0,0.0,0.0,0.0,0.0,0.0,SIM,,CQ P30,0.0,0.0,2.0,NEBACETIN BABY CREME TRATAMENTO PASTA,2.0
SIM,LINHA,Terceiro,Sim,22420-0,CEPACOL CITRUS FUSION S/ ALCOOL 250ML,EPR01067,0.0,0.0,1.0,1.0,0.0,2.0,0.0,0.0,0.0,0.6901812052254531,0.9500000000000001,0.29785024154589373,5.9380314467713475,0.4948359538976123,SIM,,CQ P30,0.0,0.0,,CEPACOL CITRUS FUSION SEM ÁLCOOL ,
SIM,LINHA,Terceiro,Sim,22422-0,CEPACOL CITRUS FUSION S ALCOOL LP500ML,EPR01067,5.0,4.0,4.0,2.0,0.0,3.0,0.0,0.0,2.044754026991728,1.495427178233725,0.9500000000000001,1.6782126519968,24.168393857222256,2.014032821435188,SIM,,CQ P30,0.0,0.0,,CEPACOL CITRUS FUSION SEM ÁLCOOL ,
SIM,LINHA,Terceiro,Sim,22423-0,CEPACOL MENTA ICE S ALCOOL LP500ML,EPR01064,8.0,3.0,6.0,0.0,9.0,3.0,4.0,1.0,2.7263387026556374,3.834386118246175,3.1098187947745473,4.344456750764946,48.015000366441306,4.0012500305367755,SIM,,CQ P30,0.0,0.0,,CEPACOL MENTA ICE SEM ALCOOL ,
SIM,LINHA,Terceiro,Sim,22424-0,KIT CEPACOL CITRUS FUSION S ALCOOL 750ML,EPR01067,4.0,3.0,4.0,0.0,4.0,4.0,10.0,8.0,1.3631693513278187,3.814828992122203,4.505788948047776,3.3688107428159775,50.052598034313775,4.1710498361928146,SIM,,CQ P30,0.0,0.0,,CEPACOL CITRUS FUSION SEM ÁLCOOL ,
SIM,LINHA,Terceiro,Sim,22425-0,KIT CEPACOL MENTA ICE S/ ALCOOL 750ML,EPR01064,10.0,10.0,8.0,0.0,6.0,0.0,12.0,12.0,6.4722937248012995,7.787857637996169,6.061954488748496,7.003938422662876,85.32604427420884,7.110503689517404,SIM,,CQ P30,0.0,0.0,,CEPACOL MENTA ICE SEM ALCOOL ,
SIM,LINHA,Terceiro,Sim,22426-0,CEPACOL MENTA ICE S/ ALCOOL 250ML,EPR01064,1.0,2.0,0.0,0.0,0.0,0.0,0.0,2.0,0.0,0.6901812052254531,0.9500000000000001,0.9880314467713469,7.628212651996801,0.6356843876664001,SIM,,CQ P30,0.0,0.0,,CEPACOL MENTA ICE SEM ALCOOL ,
SIM,LINHA,Líquidos P24,Sim,22429-0,"RINOSORO 0,9% SIC XT S SPRAY FR 25ML AG",MPR00932,2.0,0.0,0.0,0.0,3.0,0.0,0.0,2.0,1.0,0.0,0.0,0.0,8.0,0.6666666666666666,SIM,,CQ P30,2.0,1.0,5.0,"RINOSORO SIC XT 0,9 % SOLUÇÃO SPRAY ADULTO",5.0
SIM,LINHA,Líquidos P24,Não,22430-0,"RINOSORO 0,9% SIC XT INF S SPRAY FR 50ML",MPR00932,0.0,0.0,1.0,0.0,0.0,0.0,1.0,0.0,0.6815846756639093,0.26841532433609055,0.0,0.0,2.9499999999999997,0.24583333333333332,SIM,,CQ P30,2.0,1.0,5.0,"RINOSORO SIC XT 0,9 % SOLUÇÃO SPRAY ADULTO",5.0
SIM,LINHA,Líquidos P24,Não,22431-0,"RINOSORO 0,9% SIC XT SOL SPRAY FR 50ML",MPR00932,0.0,0.0,0.0,0.0,1.0,0.0,1.0,0.0,0.6815846756639093,0.26841532433609055,0.0,0.6901812052254531,3.6401812052254527,0.30334843376878773,SIM,,CQ P30,2.0,1.0,5.0,"RINOSORO SIC XT 0,9 % SOLUÇÃO SPRAY ADULTO",5.0
SIM,LINHA,Líquidos P24,Não,22432-0,"RINOSORO 0,9% SIC XT INF S SPRAY 25ML AG",MPR00932,0.0,0.0,0.0,0.0,3.0,0.0,0.0,0.0,0.0,0.0,0.0,0.0,3.0,0.25,SIM,,CQ P30,2.0,0.0,5.0,"RINOSORO SIC XT 0,9 % SOLUÇÃO SPRAY ADULTO",5.0
SIM,LINHA,Dermocosméticos P22,Não,22481-0,EPIDRAT CALM B5 FPS50 BG 50ML,MPR00959,2.0,0.0,1.0,0.0,0.0,0.0,0.0,1.0,0.6588432030515872,0.2594594895512622,0.6441246034954171,0.2779743454099027,5.840401641508169,0.4867001367923474,SIM,,CQ P30,2.0,1.0,2.0,EPIDRAT CALM B5 FPS50,2.0
SIM,LINHA,Dermocosméticos P22,Não,22482-0,EPIDRAT CALM B5 FPS50 SCH 2ML AG,MPR00959,1.0,0.0,1.0,0.0,0.0,0.0,0.0,1.0,0.024645840980992675,0.009705795386325393,0.04991337639886756,0.02154030145158399,3.10580531421777,0.2588171095181475,SIM,,CQ P30,2.0,1.0,2.0,EPIDRAT CALM B5 FPS50,2.0
SIM,LINHA,Sólidos P01,Não,22496-0,DORIL COM BL CT X 10,MPR00209,0.0,1.0,0.0,0.0,0.0,1.0,0.0,1.0,0.0,0.0,0.6901812052254531,0.29785024154589373,3.988031446771347,0.3323359538976122,SIM,,CQ P30,3.0,0.0,3.0,DORIL COMPRIMIDO,3.0
SIM,LINHA,Terceiro,Sim,22503-0,EPISOL PO TOM 1 EXT CLARO FPS50 10G,EPR00398,0.0,0.0,0.0,0.0,0.0,0.0,0.0,0.0,0.0,0.0,0.0,0.0,0.0,0.0,SIM,,CQ P30,0.0,0.0,,EPISOL PÓ TOM 1 EXTRA CLARO FPS 50 - PÓ COMPACTO,
SIM,LINHA,Terceiro,Sim,22504-0,EPISOL PO TOM 2 CLARO FPS50 10G,EPR00400,0.0,0.0,0.0,0.0,0.0,0.0,0.0,0.0,0.0,0.0,0.0,0.0,0.0,0.0,SIM,,CQ P30,0.0,0.0,,EPISOL PÓ TOM 2 CLARO FPS 50 - PÓ COMPACTO,
SIM,LINHA,Terceiro,Sim,22507-0,EPISOL PO TOM 3 MEDIO FPS50 10G,EPR00401,0.0,0.0,0.0,0.0,0.0,0.0,0.0,0.0,0.0,0.0,0.0,0.0,0.0,0.0,SIM,,CQ P30,0.0,0.0,,EPISOL PÓ TOM 3 MÉDIO FPS 50 - PÓ COMPACTO,
SIM,LINHA,Terceiro,Sim,22508-0,EPISOL PO TOM 4 MEDIO ESCURO FPS50 10G,EPR00402,0.0,0.0,0.0,0.0,0.0,0.0,0.0,0.0,0.0,0.0,0.0,0.0,0.0,0.0,SIM,,CQ P30,0.0,0.0,,EPISOL PÓ TOM 4 MÉDIO ESCURO FPS 50 - PÓ COMPACTO,
SIM,PROJETO,Terceiro,Sim,22509-0,LEVOFLOXACINO 750MG CT BL X7CPRV,EPR01293,2.0,0.0,0.0,0.0,0.0,0.0,0.0,0.0,0.0,0.0,0.0,0.0,2.0,0.16666666666666666,SIM,,CQ P30,0.0,0.0,,LEVOFLOXACINO 750 MG COMPRIMIDO REVESTIDO CLONE (MATRIZ LEVOFLOXACINO 750 MG COMPRIMIDO REVESTIDO ZYDUS),
SIM,PROJETO,Terceiro,Sim,22510-0,LEVOFLOXACINO 750MG CT BL X5CPRV,EPR01293,1.0,0.0,0.0,2.0,0.0,0.0,0.0,0.0,0.0,0.0,0.0,0.0,3.0,0.25,SIM,,CQ P30,0.0,0.0,,LEVOFLOXACINO 750 MG COMPRIMIDO REVESTIDO CLONE (MATRIZ LEVOFLOXACINO 750 MG COMPRIMIDO REVESTIDO ZYDUS),
SIM,LINHA,Sólidos P19,Não,22524-0,BILASTINA 20 MG COMP BL X15,MPR01000,0.0,0.0,1.0,0.0,0.0,4.0,1.0,1.0,0.4867710998064909,0.42902112469008513,0.32666666666666666,1.5263714819089964,9.768830373072241,0.81406919775602,SIM,,CQ P30,4.0,1.0,2.75,BILASTINA 20 MG COMPRIMIDO,2.75
SIM,LINHA,Sólidos P19,Não,22525-0,BILASTINA 20 MG COMP BL X30,MPR01000,1.0,1.0,1.0,0.0,0.0,2.0,1.0,1.0,1.4062168045276446,1.2657595966522963,0.9800000000000001,1.7312088410072253,12.383185242187167,1.0319321035155973,SIM,,CQ P30,4.0,1.0,2.75,BILASTINA 20 MG COMPRIMIDO,2.75
SIM,LINHA,Sólidos P19,Não,22530-0,NEO FOLICO 5MG COMP REV CT BL 1X20 HOSP,MPR00743,1.0,0.0,3.0,3.0,0.0,0.0,3.0,1.0,0.314650809585647,0.44253221186161507,0.4878651357613798,0.870753994872643,13.115802152081285,1.0929835126734404,SIM,,CQ P30,3.0,1.0,2.5,NEO FÓLICO 5 MG COMPRIMIDO REVESTIDO,2.5
SIM,LINHA,Sólidos P19,Não,22531-0,BESIL ANLODIPINO 10MG CP CT BL 2X15 HOSP,MPR00442,0.0,0.0,0.0,0.0,0.0,0.0,3.0,0.0,0.9374778696850966,1.3184906652214918,1.306666666666667,1.1216511193763985,7.684286320949655,0.6403571934124712,SIM,,CQ P30,4.0,1.0,5.0,BESILATO DE ANLODIPINO  10 MG COMPRIMIDO / TENSALIV 10 MG COMPRIMIDO,5.0
SIM,LINHA,Sólidos P19,Não,22532-0,FLAVONID COMP REV CT BL 6X10 HOSP,MPR00292,5.0,7.0,15.0,22.0,12.0,17.0,8.0,14.0,15.031084022638222,8.464727186801305,7.12802359882006,4.286721474071225,134.9105562823308,11.242546356860899,SIM,,CQ P30,4.0,3.0,6.913043478260869,FLAVONID COMPRIMIDO REVESTIDO E VELUNID COMPRIMIDO REVESTIDO,6.913043478260869
SIM,LINHA,Sólidos P19,Não,22533-0,PREDNISONA 20MG COMP CT BL X20 HOSP,MPR00286,10.0,5.0,0.0,0.0,6.0,13.0,12.0,9.0,8.839265648903035,6.806055685078654,6.745020142918856,4.250672233855928,81.64101371075647,6.803417809229706,SIM,,CQ P30,2.0,2.0,8.6,CORTICORTEN 20 MG COMPRIMIDO / PREDNISONA 20 MG COMPRIMIDO,8.6
SIM,LINHA,Sólidos P19,Não,22534-0,MAL ENALAPRIL 20MG CT ENV 30 COMP HOSP,MPR00437,0.0,0.0,0.0,0.0,0.0,0.0,0.0,0.0,0.0,0.0,0.0,0.0,0.0,0.0,SIM,,CQ P30,3.0,0.0,2.3333333333333335,RENALAPRIL 20 MG COMPRIMIDO / MALEATO DE ENALAPRIL 20 MG COMPRIMIDO,2.3333333333333335
SIM,LINHA,Penicilínicos,Não,22535-0,AMOXICILINA 500MG CAP CT BL 3X7 HOSP,MPR00104,1.0,0.0,4.0,6.0,33.0,24.0,19.0,8.0,0.0,0.0,0.0,0.0,95.0,7.916666666666667,SIM,,CQ P30,2.0,0.0,9.933333333333334,AMOXICILINA 500 MG CÁPSULA DURA,9.933333333333334
SIM,LINHA,Sólidos P19,Não,22536-0,DIAZEPAM 10MG B-1 COMP CT BL 2X15 HOSP,MPR00175,0.0,0.0,0.0,0.0,0.0,0.0,0.0,0.0,0.7031084022638223,0.2768915977361776,0.0,0.0,0.98,0.08166666666666667,SIM,,CQ P30,2.0,0.0,,DIAZEPAM (B-1) 10 MG COMPRIMIDO,
SIM,LINHA,Sólidos P19,Não,22537-0,LOSARTANA POTA 50MG CPRV CT BL 2X15 HOSP,MPR00130,0.0,0.0,0.0,0.0,0.0,18.0,19.0,20.0,11.275647055555721,8.890790411676456,8.293886752882518,8.434122652527929,93.89444687264263,7.824537239386886,SIM,,CQ P30,3.0,1.0,17.789473684210527,LOSARTANA POTÁSSICA 50 MG COMPRIMIDO REVESTIDO,17.789473684210527
SIM,LINHA,Sólidos P19,Não,22538-0,FUROSEMIDA 40MG CT BL 20 COMP HOSP,MPR00132,1.0,0.0,0.0,0.0,0.0,0.0,0.0,0.0,0.0,0.0,0.0,0.0,1.0,0.08333333333333333,SIM,,CQ P30,3.0,0.0,11.2,FUROSEMIDA 40 MG COMPRIMIDO / NEOSEMID 40 MG COMPRIMIDO,11.2
SIM,LINHA,Sólidos P19,Não,22539-0,NEO FEDIPINA 10MG COMP CT BL 1X30 HOSP,MPR00738,0.0,0.0,0.0,0.0,1.0,2.0,0.0,1.0,0.07949272588110722,0.11180041728607107,0.36255813128585157,0.8553625525487012,5.409213827001731,0.45076781891681095,SIM,,CQ P30,2.0,1.0,2.6666666666666665,NEO FEDIPINA 10 MG COMPRIMIDO,2.6666666666666665
SIM,LINHA,Efervescentes P35,Não,22540-0,AZITROMICINA PO SUSP EXT FR 600MG HOSP,MPR00271,0.0,0.0,0.0,0.0,3.0,3.0,10.0,0.0,3.407923378319547,4.102801442582265,3.1098187947745473,0.8935507246376813,27.514094340314042,2.29284119502617,SIM,,CQ P30,4.0,2.0,3.0,ZITRONEO 200 MG/5 ML PÓ PARA SUSPENSÃO ORAL EM FRASCO DE 600MG/ AZITROMICINA DI-HIDRATADA 200 MG/5 ML PÓ PARA SUSPENSÃO ORAL EM FRASCO DE 600MG,3.0
SIM,LINHA,Sólidos P19,Não,22541-0,CLOR CIPROFLOXACINO 500MG CPRV 2X7 HOSP,MPR00270,0.0,0.0,0.0,0.0,0.0,0.0,0.0,0.0,0.0,0.011075311521815994,0.45848319742114374,0.9080372361792562,1.377595745122216,0.11479964542685134,SIM,,CQ P30,2.0,0.0,8.666666666666666,CLORIDRATO DE CIPROFLOXACINO  500 MG COMPRIMIDO REVESTIDO,8.666666666666666
SIM,LINHA,Sólidos P19,Não,22542-0,NEO FEDIPINA 20MG COMP CT BL 1X30 HOSP,MPR00588,0.0,3.0,0.0,0.0,0.0,2.0,2.0,0.0,0.0,0.969673477209563,1.3347071701962254,0.41846616109050744,9.722846808496294,0.8102372340413578,SIM,,CQ P30,2.0,0.0,3.8,NEO FEDIPINA 20 MG COMPRIMIDO,3.8
SIM,LINHA,Sólidos P19,Não,22543-0,DIAZEPAM 5MG B-1 COMP CT BL 1X30 HOSP,MPR00173,0.0,10.0,7.0,0.0,7.0,0.0,0.0,2.0,2.8124336090552893,1.463554591534681,4.405870206489676,4.691441836603822,39.37330024368347,3.2811083536402887,SIM,,CQ P30,3.0,1.0,4.666666666666667,DIAZEPAM (B-1) 5MG COMPRIMIDO,4.666666666666667
SIM,LINHA,Sólidos P19,Não,22544-0,PREDNISONA 5MG COMP CT BL X20 HOSP,MPR00476,0.0,0.0,0.0,0.0,0.0,0.0,2.0,2.0,0.0,1.6818698813732498,2.315009993328725,1.2637548681718695,9.260634742873844,0.7717195619061537,SIM,,CQ P30,2.0,0.0,2.6,CORTICORTEN 5 MG COMPRIMIDO / PREDNISONA 5 MG COMPRIMIDO,2.6
SIM,LINHA,Estéreis P23,Não,22548-0,DIP BET+FOS BET INJ 1X1ML S/SERINGA HOSP,MPR00231 E MPR00232,0.0,0.0,0.0,0.0,0.0,0.0,0.0,0.0,0.0,0.0,0.0,0.0,0.0,0.0,SIM,,CQ P30,4.0,0.0,,"DETERMINAÇÃO DA PORCENTAGEM DISSOLVIDA DE DIPROPIONATO DE BETAMETASONA 6,43 MG/ML EM DIPROPIONATO DE BETAMETASONA + FOSFATO DISSÓDICO DE BETAMETASONA SUSP INJ",
SIM,LINHA,Líquidos P24,Não,22551-0,DESCON XPE CT FR X 25 ML AG,MPR00963,0.0,0.0,0.0,2.0,1.0,1.0,0.0,0.0,1.0,0.0,0.6901812052254531,0.29785024154589373,5.988031446771347,0.49900262056427896,SIM,,CQ P30,4.0,1.0,5.0,"MALEATO DE BRONFENIRAMINA 0,4 MG/ML + CLORIDRATO DE FENILEFRINA 1,0 MG/ML XAROPE / CORISTINA D CONGEST XAROPE / DESCON XAROPE / HISCONGEX XAROPE / BENEDESC PLUS XAROPE",5.0
SIM,LINHA,Terceiro,Sim,22567-0,HEMOVIRTUS PRO POMADA CT BG 1X30G 10 APL,EPR01020,0.0,14.0,0.0,2.0,4.0,0.0,3.0,6.0,1.3631693513278187,3.2975554695739935,3.8000000000000003,2.571763376634481,40.03248819753629,3.336040683128024,SIM,,CQ P30,0.0,0.0,,HEMOVIRTUS PRÓ 25 MG POMADA,
SIM,LINHA,Líquidos P24,Não,22575-0,DESCON SOL GOTAS FR X 20ML,MPR00964,0.0,0.0,0.0,0.0,0.0,0.0,0.0,0.0,1.6815846756639092,0.26841532433609055,0.0,0.6901812052254531,2.6401812052254527,0.22001510043545439,SIM,,CQ P30,4.0,0.0,,"MALEATO DE BRONFENIRAMINA 2,0 MG/ML + CLORIDRATO DE FENILEFRINA 2,5 MG/ML SOLUÇÃO GOTAS / HISCONGEX SOLUÇÃO GOTAS / DESCON SOLUÇÃO GOTAS",
SIM,LINHA,Líquidos P24,Não,22576-0,DESCON SOL GOTAS FRX10ML AG,MPR00964,0.0,1.0,0.0,0.0,0.0,3.0,0.0,0.0,0.0,0.6901812052254531,0.25981879477454695,0.0,4.95,0.41250000000000003,SIM,,CQ P30,4.0,0.0,,"MALEATO DE BRONFENIRAMINA 2,0 MG/ML + CLORIDRATO DE FENILEFRINA 2,5 MG/ML SOLUÇÃO GOTAS / HISCONGEX SOLUÇÃO GOTAS / DESCON SOLUÇÃO GOTAS",
SIM,LINHA,Líquidos P24,Não,22577-0,"MAL BRON+CL FENI 2+2,5MG/ML SOL GTSX20ML",MPR00964,0.0,2.0,0.0,0.0,3.0,1.0,0.0,1.0,1.6815846756639092,0.26841532433609055,1.3803624104509062,1.9760628935426938,12.306425303993603,1.025535441999467,SIM,,CQ P30,4.0,0.0,,"MALEATO DE BRONFENIRAMINA 2,0 MG/ML + CLORIDRATO DE FENILEFRINA 2,5 MG/ML SOLUÇÃO GOTAS / HISCONGEX SOLUÇÃO GOTAS / DESCON SOLUÇÃO GOTAS",
SIM,LINHA,Líquidos P24,Não,22589-0,MAL BRONFE + CL FENIL XPE CT FR X 120ML,MPR00963,12.0,5.0,7.0,0.0,8.0,7.0,5.0,0.0,4.089508053983456,2.99085435646745,1.9000000000000001,4.046606509219053,57.02696891966996,4.7522474099724965,SIM,,CQ P30,4.0,1.0,5.0,"MALEATO DE BRONFENIRAMINA 0,4 MG/ML + CLORIDRATO DE FENILEFRINA 1,0 MG/ML XAROPE / CORISTINA D CONGEST XAROPE / DESCON XAROPE / HISCONGEX XAROPE / BENEDESC PLUS XAROPE",5.0
SIM,LINHA,Terceiro,Sim,22591-0,GLYCARE CONTROL SABONETE BAR 70G,MPR00981,0.0,0.0,0.0,0.0,0.0,0.0,0.0,0.0,0.0,0.0,0.0,0.0,0.0,0.0,SIM,,CQ P30,0.0,0.0,,GLYCARE CONTROL SABONETE BARRA,
SIM,LINHA,Terceiro,Sim,22592-0,HYDRAPORIN AI BRUMA CORPORAL FR 10ML AG,MPR00891,0.0,0.0,0.0,0.0,0.0,0.0,0.0,0.0,0.0,0.0,0.0,0.0,0.0,0.0,SIM,,CQ P30,0.0,0.0,,HYDRAPORIN AI BRUMA CORPORAL,
SIM,PROJETO,Terceiro,Sim,22605-0,"EPISOL COLOR STICK FPS50 CLARO 2,5G AG",MPR01112,0.0,1.0,0.0,0.0,0.0,1.0,0.0,1.0,0.0,0.0,0.687719170594724,0.2967877414315687,3.984506912026293,0.33204224266885773,SIM,,CQ P30,0.0,0.0,2.25,EPISOL COLOR STICK FPS50 CLARO,2.25
SIM,PROJETO,Terceiro,Sim,22607-0,"EPISOL COLOR STICK FPS50 MEDIO 2,5G AG",MPR01114,0.0,1.0,0.0,0.0,0.0,1.0,0.0,0.0,0.0,0.687719170594724,0.25889196155219013,0.687719170594724,3.6343303027416383,0.30286085856180317,SIM,,CQ P30,0.0,0.0,2.0,EPISOL COLOR STICK FPS50 MEDIO,2.0
SIM,LINHA,Terceiro,Sim,22609-0,"EPISOL COLOR STICK FPS50 MED ESC 2,5G AG",MPR01147,0.0,0.0,0.0,0.0,0.0,0.0,0.0,0.0,0.0,0.0,0.0,0.0,0.0,0.0,SIM,,CQ P30,0.0,0.0,,EPISOL COLOR STICK FPS50 MEDIO ESCURO,
SIM,LINHA,Terceiro,Sim,22617-0,EPIDRAT CORPO CREME SCH 7G AG,MPR01034,0.0,1.0,0.0,1.0,2.0,1.0,1.0,0.0,0.0,0.0,0.0,0.08748775840886026,6.0874877584088605,0.5072906465340717,SIM,,CQ P30,0.0,0.0,,EPIDRAT CORPO CREME,
SIM,LINHA,Terceiro,Sim,22638-0,HYDRAPORIN AI OLEO LIMPEZA SCH 7ML AG,MPR01016,2.0,1.0,0.0,1.0,0.0,3.0,0.0,1.0,0.0,0.20040104681343007,0.07544099732129704,0.0,8.275842044134727,0.6896535036778939,SIM,,CQ P30,0.0,0.0,3.5,HYDRAPORIN AI OLEO DE LIMPEZA LÍQUIDO VISCOSO,3.5
SIM,LINHA,Dermocosméticos P22,Sim,22643-0,"EPIDRAT LABIOS FPS30 TUBO 5,5G",MPR00180,0.0,0.0,1.0,0.0,1.0,2.0,0.0,0.0,0.0,0.0,0.0,0.0,4.0,0.3333333333333333,SIM,,CQ P30,0.0,0.0,,EPIDRAT LÁBIOS FPS 30,
SIM,PROJETO,Dermocosméticos P22,Sim,22646-0,"EPIDRAT LABIOS FPS30 2,2G AG TRIB",MPR00180,0.0,0.0,0.0,0.0,0.0,0.0,0.0,0.0,0.0,0.0,0.0,0.0,0.0,0.0,SIM,,CQ P30,0.0,0.0,,EPIDRAT LÁBIOS FPS 30,
SIM,LINHA,Sólidos P19,Não,22653-0,ZISQUE 35MG CT BL 4X15 CPRV LIB PROL,MPR01173,0.0,0.0,0.0,0.0,0.0,0.0,0.0,0.0,1.0,0.0,0.0,0.056253620912028,1.056253620912028,0.08802113507600233,SIM,,CQ P30,3.0,1.0,2.0,DICLORIDRATO DE TRIMETAZIDINA 35 MG COMPRIMIDO REVESTIDO DE LIBERAÇÃO PROLONGADA / ZISQUE 35 MG COMPRIMIDO REVESTIDO DE LIBERAÇÃO PROLONGADA,2.0
SIM,LINHA,Sólidos P19,Não,22654-0,ZISQUE 35MG CT BL X5 CPRV LIB PROL AG,MPR01173,0.0,0.0,0.0,0.0,0.0,0.0,0.0,0.0,0.0,0.0,0.0,0.0,0.0,0.0,SIM,,CQ P30,3.0,0.0,2.0,DICLORIDRATO DE TRIMETAZIDINA 35 MG COMPRIMIDO REVESTIDO DE LIBERAÇÃO PROLONGADA / ZISQUE 35 MG COMPRIMIDO REVESTIDO DE LIBERAÇÃO PROLONGADA,2.0
SIM,LINHA,Terceiro,Sim,22687-0,"HYBLUT 20MG SOL INJ 10 SE 0,2ML+ DIS SEG",EPR01229,0.0,0.0,0.0,0.0,0.0,0.0,0.0,0.0,0.1135974459439849,0.15976608826025726,0.46891487568478724,0.41373471736178546,1.156013127250815,0.09633442727090125,SIM,,CQ P30,0.0,0.0,,HYBLUT 100 MG/ML SOLUÇÃO INJETÁVEL,
SIM,LINHA,Terceiro,Sim,22691-0,"HYBLUT 40MG SOL INJ 10 SE 0,4ML+ DIS SEG",EPR01229,0.0,0.0,0.0,0.0,0.0,0.0,0.0,0.0,0.7971750592560344,1.3270090489988704,1.4206794025378098,1.3970118153570124,4.941875326149726,0.41182294384581053,SIM,,CQ P30,0.0,0.0,,HYBLUT 100 MG/ML SOLUÇÃO INJETÁVEL,
SIM,LINHA,Terceiro,Sim,22694-0,"HYBLUT 80MG SOL INJ 10 SE 0,8ML+ DIS SEG",EPR01229,0.0,0.0,0.0,0.0,0.0,0.0,0.0,0.0,1.2555507183282542,2.310715611212412,1.9914454277286138,2.2353128492643695,7.793024606533649,0.6494187172111374,SIM,,CQ P30,0.0,0.0,,HYBLUT 100 MG/ML SOLUÇÃO INJETÁVEL,
SIM,LINHA,Sólidos P19,Não,22701-0,SUCCINATO SOLIFENACINA 5MG X 30 CPRV,MPR01162,0.0,0.0,0.0,0.0,1.0,0.0,0.0,0.0,0.0,0.0,0.0,0.0,1.0,0.08333333333333333,SIM,,CQ P30,3.0,0.0,,SUCCINATO DE SOLIFENACINA 5 MG COMPRIMIDO REVESTIDO,
SIM,LINHA,Sólidos P19,Não,22702-0,SUCCINATO SOLIFENACINA 10MG X 30 CPRV,MPR01163,0.0,1.0,0.0,0.0,0.0,0.0,0.0,0.0,0.0,0.0,0.0,0.0,1.0,0.08333333333333333,SIM,,CQ P30,3.0,0.0,,SUCCINATO DE SOLIFENACINA 10 MG COMPRIMIDO REVESTIDO,
SIM,PROJETO,Sólidos P19,Não,22754-0,CETOPROFENO 150MG CPR LIB PROL X 10,MPR01153,0.0,6.0,6.0,2.0,0.0,3.0,1.0,3.0,2.771188681505468,2.4910409284598463,2.4687016998896,3.534728397340629,32.26565970719554,2.6888049755996284,SIM,,CQ P30,3.0,0.0,,CETOPROFENO BI-CAMADA 150 MG COMPRIMIDO DE LIBERAÇÃO PROLONGADA,
SIM,PROJETO,Terceiro,Sim,22773-0,"EPIDRAT HYALU STICK 2,5G AG",MPR01095,1.0,3.0,1.0,0.0,0.0,0.0,0.0,0.0,0.4259904222899434,0.1677595777100566,0.0,0.0,5.59375,0.4661458333333333,SIM,,CQ P30,0.0,1.0,4.5,EPIDRAT HYALU STICK,4.5
SIM,PROJETO,Terceiro,Sim,22781-0,EPISOL INTENSE STICK FPS 50 17G,MPR01328,2.0,0.0,0.0,0.0,0.0,1.0,0.0,0.0,1.3577383977368713,1.222123360455811,0.9462151394422311,0.9840950665053256,7.510171964140239,0.6258476636783533,SIM,,CQ P30,0.0,0.0,,EPISOL INTENSE STICK  FPS 50,
SIM,PROJETO,Terceiro,Sim,22782-0,"EPISOL INTENSE STICK FPS 50 2,5G AG",MPR01328,0.0,0.0,1.0,0.0,0.0,0.0,0.0,0.0,0.0,0.0,0.0,0.0,1.0,0.08333333333333333,SIM,,CQ P30,0.0,0.0,,EPISOL INTENSE STICK  FPS 50,
SIM,LINHA,Semissólidos P01,Não,22784-0,"ZELLA 150MG/G GEL BG AL X 7,5G AG",MPR01175,4.0,0.0,0.0,1.0,1.0,1.0,1.0,1.0,0.6815846756639092,0.2684153243360905,0.690181205225453,0.9880314467713467,11.6282126519968,0.9690177209997333,SIM,,CQ P30,3.0,1.0,6.0,ZELLA 150MG/G GEL,6.0
SIM,LINHA,Semissólidos P01,Não,22785-0,ZELLA 150MG/G GEL BG AL X 30G,MPR01175,1.0,1.0,1.0,6.0,0.0,5.0,5.0,3.0,9.771092729647364,10.161081733058072,3.117825537294564,0.6901812052254532,45.74018120522545,3.8116817671021206,SIM,,CQ P30,3.0,2.0,6.0,ZELLA 150MG/G GEL,6.0
SIM,LINHA,Dermocosméticos P22,Sim,22798-0,URBY MEN SHAMPOO ANTIQUEDA FR 200ML,MPR01027,0.0,0.0,0.0,0.0,0.0,0.0,0.0,0.0,0.0,0.0,0.0,0.0,0.0,0.0,SIM,,CQ P30,0.0,0.0,,URBY MEN SHAMPOO ANTIQUEDA,
SIM,LINHA,Sólidos P01,Não,22808-0,BUSCOFEM GIRLS 200MG CAP MOLE CT BL X10,MPR01260,0.0,1.0,0.0,0.0,0.0,0.0,0.0,0.0,1.0,0.0,0.0,0.0,2.0,0.16666666666666666,SIM,,CQ P30,3.0,0.0,,BUSCOFEM GIRLS 200 MG CÁPSULA MOLE,
SIM,PROJETO,Sólidos P19,Não,22830-0,HEMIFUM BISOPROLOL 10MG BL X 30 CPRV,MPR01248,0.0,0.0,0.0,1.0,0.0,0.0,0.0,1.0,0.49014832965615535,0.6893560030837079,0.18684362019725925,0.0,3.3663479529371227,0.28052899607809356,SIM,,CQ P30,2.0,1.0,2.0,HEMIFUMARATO DE BISOPROLOL 10 MG COMPRIMIDO REVESTIDO,2.0
SIM,LINHA,Sólidos P19,Não,22831-0,"HEMIFUM BISOPROLOL 1,25MG BL X 30 CPRV",MPR01247,0.0,0.0,0.0,0.0,0.0,1.0,1.0,0.0,0.0,0.0,0.24838013037850776,0.10718936022645377,2.3555694906049616,0.19629745755041347,SIM,,CQ P30,3.0,0.0,,"HEMIFUMARATO DE BISOPROLOL 1,25 MG COMPRIMIDO REVESTIDO",
SIM,PROJETO,Sólidos P19,Não,22832-0,HEMIFUM BISOPROLOL 5MG BL X 30 CPRV,MPR01251,0.0,0.0,0.0,0.0,0.0,0.0,0.0,0.0,0.5578011917999384,0.4094978259097114,0.40967169508870055,0.4959486659400284,1.8729193787383789,0.1560766148948649,SIM,,CQ P30,3.0,0.0,,HEMIFUMARATO DE BISOPROLOL 5 MG COMPRIMIDO REVESTIDO,
SIM,LINHA,Terceiro,Sim,22833-0,PABEXHY PO LIOF SOL INJ 40MG/2ML 10FR C1,EPR01101,2.0,0.0,0.0,0.0,0.0,0.0,0.0,0.0,1.0,0.0,1.30411094978626,0.5627938843533109,4.866904834139571,0.40557540284496424,SIM,,CQ P30,0.0,0.0,,PABEXHY 40 MG PÓ LIOFILIZADO PARA SOLUÇÃO INJETÁVEL CLONE (MATRIZ PARECOXIBE SÓDICO 40 MG PÓ LIOFILIZADO PARA SOLUÇÃO INJETÁVEL MANDALA),
SIM,LINHA,Sólidos P19,Não,22834-0,"HEMIFUM BISOPROLOL 2,5MG BL X 30 CPRV",MPR01250,0.0,0.0,0.0,0.0,0.0,0.0,0.0,0.0,0.0,0.07218243059311036,0.7391494855505494,0.307256038647343,1.1185879547910027,0.09321566289925022,SIM,,CQ P30,3.0,0.0,,"HEMIFUMARATO DE BISOPROLOL 2,5 MG COMPRIMIDO REVESTIDO",
SIM,LINHA,Sólidos P19,Não,22840-0,OLZICAR ANLO 20MG+5MG CT BL X 10 CPRV,MPR01131,0.0,0.0,0.0,0.0,0.0,0.0,0.0,0.0,0.0,0.0,0.0,0.0,0.0,0.0,SIM,,CQ P30,4.0,0.0,,OLMESARTANA MEDOXOMILA 20 MG + ANLODIPINO 5 MG COMPRIMIDO REVESTIDO / OLZICAR ANLO 20MG + 5MG COMPRIMIDO REVESTIDO,
SIM,PROJETO,Sólidos P19,Não,22841-0,OLZICAR ANLO 40MG+5MG CT BL X 5 CPRV AG,MPR01138,0.0,0.0,0.0,1.0,0.0,0.0,0.0,1.0,0.0,0.030513274336283192,0.011486725663716814,0.0,2.042,0.17016666666666666,SIM,,CQ P30,4.0,0.0,,OLMESARTANA MEDOXOMILA 40 MG + ANLODIPINO 5 MG COMPRIMIDO REVESTIDO / OLZICAR ANLO 40MG + 5MG COMPRIMIDO REVESTIDO,
SIM,LINHA,Sólidos P19,Não,22842-0,OLZICAR ANLO 40MG+10MG CT BL X 10 CPRV,MPR01134,0.0,0.0,0.0,0.0,0.0,0.0,0.0,0.0,0.0,0.0,0.0,0.0,0.0,0.0,SIM,,CQ P30,4.0,0.0,,OLMESARTANA MEDOXOMILA 40 MG + ANLODIPINO 10 MG COMPRIMIDO REVESTIDO / OLZICAR ANLO 40MG + 10MG COMPRIMIDO REVESTIDO,
SIM,PROJETO,Sólidos P19,Não,22843-0,OLZICAR ANLO 40MG+10MG CT BL X 5 CPRV AG,MPR01134,0.0,0.0,0.0,1.0,0.0,0.0,0.0,1.0,0.17577710056595558,0.10838160149894116,0.026607571288102268,0.005120933977455717,2.3158872073304546,0.19299060061087123,SIM,,CQ P30,4.0,0.0,,OLMESARTANA MEDOXOMILA 40 MG + ANLODIPINO 10 MG COMPRIMIDO REVESTIDO / OLZICAR ANLO 40MG + 10MG COMPRIMIDO REVESTIDO,
SIM,LINHA,Sólidos P19,Não,22844-0,OLZICAR ANLO 40MG+5MG CT BL X 10 CPRV,MPR01138,0.0,0.0,0.0,0.0,0.0,0.0,0.0,0.0,0.0,0.0,0.0,0.0,0.0,0.0,SIM,,CQ P30,4.0,0.0,,OLMESARTANA MEDOXOMILA 40 MG + ANLODIPINO 5 MG COMPRIMIDO REVESTIDO / OLZICAR ANLO 40MG + 5MG COMPRIMIDO REVESTIDO,
SIM,PROJETO,Sólidos P19,Não,22845-0,OLZICAR ANLO 20MG+5MG CT BL X 5 CPRV AG,MPR01131,0.0,0.0,1.0,0.0,0.0,0.0,0.0,0.0,0.058592366855318524,0.08240566657634323,0.02233529990167158,0.033818879056047205,1.1971522123893805,0.09976268436578171,SIM,,CQ P30,4.0,0.0,,OLMESARTANA MEDOXOMILA 20 MG + ANLODIPINO 5 MG COMPRIMIDO REVESTIDO / OLZICAR ANLO 20MG + 5MG COMPRIMIDO REVESTIDO,
SIM,PROJETO,Sólidos P19,Não,22846-0,OLZICAR ANLO 40MG+5MG CT BL X 30 CPRV,MPR01138,0.0,0.0,0.0,0.0,0.0,0.0,0.0,1.0,0.0,0.12205379479538875,0.04594716521009703,0.0,1.168000960005486,0.09733341333379049,SIM,,CQ P30,4.0,0.0,,OLMESARTANA MEDOXOMILA 40 MG + ANLODIPINO 5 MG COMPRIMIDO REVESTIDO / OLZICAR ANLO 40MG + 5MG COMPRIMIDO REVESTIDO,
SIM,PROJETO,Sólidos P19,Não,22847-0,OLZICAR ANLO 20MG+5MG CT BL X 30 CPRV,MPR01131,0.0,0.0,1.0,0.0,0.0,0.0,0.0,0.0,0.31640194503817043,0.2313999931582027,0.04020394186242748,0.0,1.5880058800588004,0.13233382333823338,SIM,,CQ P30,4.0,0.0,,OLMESARTANA MEDOXOMILA 20 MG + ANLODIPINO 5 MG COMPRIMIDO REVESTIDO / OLZICAR ANLO 20MG + 5MG COMPRIMIDO REVESTIDO,
SIM,PROJETO,Sólidos P19,Não,22848-0,OLZICAR ANLO 40MG+10MG CT BL X 30 CPRV,MPR01134,0.0,0.0,0.0,0.0,0.0,0.0,0.0,0.0,1.0,0.07119835210151514,0.24039768421283036,0.09217773337153662,1.403773769685882,0.1169811474738235,SIM,,CQ P30,4.0,0.0,,OLMESARTANA MEDOXOMILA 40 MG + ANLODIPINO 10 MG COMPRIMIDO REVESTIDO / OLZICAR ANLO 40MG + 10MG COMPRIMIDO REVESTIDO,
SIM,PROJETO,Sólidos P19,Não,22849-0,OLME+ANLO 40MG+5MG CT BL X 30 CPRV,MPR01138,0.0,0.0,0.0,2.0,0.0,0.0,0.0,1.0,0.7031084022638223,0.5142170647961579,0.32666666666666666,0.10241867954911434,4.646410813275761,0.3872009011063134,SIM,,CQ P30,4.0,0.0,,OLMESARTANA MEDOXOMILA 40 MG + ANLODIPINO 5 MG COMPRIMIDO REVESTIDO / OLZICAR ANLO 40MG + 5MG COMPRIMIDO REVESTIDO,
SIM,PROJETO,Sólidos P19,Não,22850-0,OLME+ANLO 40MG+10MG CT BL X 30 CPRV,MPR01134,1.0,0.0,0.0,1.0,0.0,0.0,0.0,1.0,1.7031084022638223,0.5142170647961579,0.8013176007866274,0.6477657901418241,6.666408857988433,0.5555340714990361,SIM,,CQ P30,4.0,0.0,,OLMESARTANA MEDOXOMILA 40 MG + ANLODIPINO 10 MG COMPRIMIDO REVESTIDO / OLZICAR ANLO 40MG + 10MG COMPRIMIDO REVESTIDO,
SIM,PROJETO,Sólidos P19,Não,22851-0,OLME+ANLO 20MG+5MG CT BL X 30 CPRV,MPR01131,0.0,0.0,1.0,2.0,0.0,0.0,0.0,0.0,0.0,0.0,0.7119764011799411,0.5365873837939171,4.248563784973858,0.35404698208115487,SIM,,CQ P30,4.0,0.0,,OLMESARTANA MEDOXOMILA 20 MG + ANLODIPINO 5 MG COMPRIMIDO REVESTIDO / OLZICAR ANLO 20MG + 5MG COMPRIMIDO REVESTIDO,
SIM,LINHA,Sólidos P19,Não,22853-0,PARACETAMOL 750MG CPR CT BL 2X10,MPR01227,8.0,0.0,0.0,0.0,0.0,0.0,0.0,0.0,5.001492758371519,5.639622711628176,3.7548196129712412,3.9601719549960546,26.356107037966993,2.196342253163916,SIM,,CQ P30,3.0,0.0,,PARACETAMOL 750 MG COMPRIMIDO,
SIM,LINHA,Sólidos P19,Não,22854-0,PARACETAMOL 750MG CPR DISPL BL 50X4,MPR01227,0.0,0.0,0.0,1.0,0.0,0.0,1.0,0.0,0.0,0.0,0.0,0.0,2.0,0.16666666666666666,SIM,,CQ P30,3.0,0.0,,PARACETAMOL 750 MG COMPRIMIDO,
SIM,LINHA,Sólidos P19,Não,22859-0,IBUFRAN 400MG CAP GEL MOLE CT BL AL X8,MPR01113,0.0,0.0,0.0,0.0,0.0,0.0,0.0,0.0,0.0,0.0,0.0,0.0,0.0,0.0,SIM,,CQ P30,3.0,0.0,3.0,"ALIVIUM 400,0 MG CÁPSULA MOLE / IBUFRAN 400,0 MG CÁPSULA MOLE (CATALENT / SOROCABA)",3.0
SIM,PROJETO,Sólidos P19,Não,22860-0,LISADOR MUSCULAR CT BL X 16 CPRV,MPR01349,0.0,2.0,3.0,0.0,3.0,2.0,4.0,0.0,0.0,1.0644685109138807,1.4651878053356373,0.45937530708349206,16.98903162333301,1.4157526352777507,SIM,,CQ P30,4.0,0.0,,LISADOR MUSCULAR COMPRIMIDO REVESTIDO,
SIM,LINHA,Sólidos P19,Não,22861-0,LISADOR MUSCULAR CT BL X 4 CPRV,MPR01349,0.0,0.0,0.0,0.0,0.0,0.0,0.0,0.0,0.0,0.0,0.0,0.0,0.0,0.0,SIM,,CQ P30,4.0,0.0,,LISADOR MUSCULAR COMPRIMIDO REVESTIDO,
SIM,PROJETO,Sólidos P19,Não,22862-0,LISADOR MUSCULAR DISP CT BL X 120 CPRV,MPR01349,0.0,0.0,0.0,0.0,0.0,0.0,0.0,0.0,0.46873893484254814,0.6592453326107457,0.17868239921337262,0.0,1.3066666666666664,0.10888888888888887,SIM,,CQ P30,4.0,0.0,,LISADOR MUSCULAR COMPRIMIDO REVESTIDO,
SIM,PROJETO,Sólidos P19,Não,22863-0,LISADOR MUSCULAR CT BL X 2 CPRV AG,MPR01349,0.0,0.0,1.0,0.0,0.0,1.0,0.0,1.0,0.17403356576190704,0.24476485185656954,0.2425698425698426,0.07605209073808107,3.7374203509264006,0.3114516959105334,SIM,,CQ P30,4.0,0.0,,LISADOR MUSCULAR COMPRIMIDO REVESTIDO,
SIM,PROJETO,Sólidos P19,Não,22882-0,GLICLAZIDA 30MG X 30CPR LIB PROL,MPR01282,0.0,0.0,2.0,0.0,1.0,0.0,2.0,0.0,1.1418592583343643,1.4903112975450963,1.8156999413521853,1.3264884784746271,10.774358975706273,0.8978632479755227,SIM,,CQ P30,3.0,0.0,,GLICLAZIDA 30 MG COMPRIMIDO DE LIBERAÇÃO PROLONGADA,
SIM,PROJETO,Sólidos P19,Não,22883-0,GLICLAZIDA 30MG X 60CPR LIB PROL,MPR01282,0.0,0.0,1.0,0.0,1.0,0.0,2.0,1.0,1.1718473371063707,3.3093916009467272,2.548050080936589,1.3489305143250196,13.378219533314706,1.1148516277762255,SIM,,CQ P30,3.0,0.0,,GLICLAZIDA 30 MG COMPRIMIDO DE LIBERAÇÃO PROLONGADA,
SIM,PROJETO,Sólidos P19,Não,22885-0,GLICLAZIDA 60MG X 30CPR LIB PROL,MPR01285,0.0,1.0,1.0,0.0,3.0,0.0,0.0,2.0,2.112616244291405,1.5648093459153085,1.550776403602766,0.48620960673342756,12.714411600542908,1.0595343000452424,SIM,,CQ P30,3.0,0.0,,GLICLAZIDA 60 MG COMPRIMIDO DE LIBERAÇÃO PROLONGADA,
SIM,LINHA,Sólidos P19,Não,22886-0,DIPIRONA MONOIDRATADA 1G COMP CT BL X 20,MPR00357,5.0,2.0,4.0,4.0,7.0,11.0,4.0,5.0,5.033372702904346,2.536493069741616,4.441159170146065,3.631508540226456,57.64253348301848,4.803544456918207,SIM,,CQ P30,3.0,1.0,18.875,DIPIRONA MONOIDRATADA 1 G COMPRIMIDO / LISADOR DIP 1 G COMPRIMIDO / ATROVERAN DIP 1 G COMPRIMIDO / MIRADOR 1 G COMPRIMIDO / NEOSALDINA DIP 1 G COMPRIMIDO,18.875
SIM,LINHA,Sólidos P01,Sim,22887-0,FOSFATO DE SITAGLIPTINA 25MG BL X30 CPRV,EPR01138,0.0,0.0,0.0,0.0,0.0,0.0,0.0,0.0,0.0,0.0,0.0,0.0,0.0,0.0,SIM,,CQ P30,0.0,0.0,,FOSFATO DE SITAGLIPTINA 25 MG COMPRIMIDO REVESTIDO CLONE (MATRIZ SITAGLIPTINA 25 MG COMPRIMIDO REVESTIDO ACCORD) ,
SIM,LINHA,Sólidos P01,Sim,22888-0,FOSFATO DE SITAGLIPTINA 50MG BL X30 CPRV,EPR01139,0.0,0.0,3.0,0.0,0.0,0.0,0.0,0.0,0.0,0.0,0.0,0.0,3.0,0.25,SIM,,CQ P30,0.0,0.0,,FOSFATO DE SITAGLIPTINA 50 MG COMPRIMIDO REVESTIDO CLONE (MATRIZ SITAGLIPTINA 50 MG COMPRIMIDO REVESTIDO ACCORD) ,
SIM,LINHA,Terceiro,Sim,22889-0,FOSFATO DE SITAGLIPTINA 100MG BLX30 CPRV,EPR01140,0.0,0.0,0.0,0.0,0.0,0.0,0.0,0.0,0.0,0.0,0.0,0.0,0.0,0.0,SIM,,CQ P30,0.0,0.0,,FOSFATO DE SITAGLIPTINA 100 MG COMPRIMIDO REVESTIDO CLONE (MATRIZ SITAGLIPTINA 100 MG COMPRIMIDO REVESTIDO ACCORD),
SIM,LINHA,Terceiro,Não,22892-0,HYFOL 10MG/ML EMUL INJ AMP 5X20ML C1,MPR01208,0.0,4.0,0.0,0.0,0.0,5.0,5.0,0.0,0.0,0.0,3.3070445755250013,1.42716726877748,18.734211844302482,1.5611843203585403,SIM,,CQ P30,3.0,0.0,4.5,HYFOL 10 MG/ML EMULSÃO INJETÁVEL,4.5
SIM,LINHA,Terceiro,Não,22893-0,HYFOL 10MG/ML EMUL INJ AMP 10X20ML C1,MPR01208,0.0,0.0,0.0,0.0,0.0,1.0,0.0,0.0,0.0,0.0,0.0,0.0,1.0,0.08333333333333333,SIM,,CQ P30,3.0,0.0,4.5,HYFOL 10 MG/ML EMULSÃO INJETÁVEL,4.5
SIM,LINHA,Sólidos P19,Não,22941-1,DESCON CT BL X 12 CPRV LIB PROL,MPR01053,0.0,0.0,0.0,2.0,0.0,0.0,1.0,0.0,0.2343694674212741,0.3296226663053729,0.08934119960668632,0.0,3.6533333333333333,0.30444444444444446,SIM,,CQ P30,4.0,1.0,4.666666666666667,MALEATO DE BRONFENIRAMINA 12 MG + CLORIDRATO DE FENILEFRINA 15 MG / CORISTINA D CONGEST / HISCONGEX / DESCON COMPRIMIDO REVESTIDO DE LIBERAÇÃO PROLONGADA,4.666666666666667
SIM,PROJETO,Sólidos P19,Não,22943-1,DESCON CT BL X 2 CPRV LIB PROL AG,MPR01053,0.0,1.0,0.0,1.0,0.0,1.0,1.0,0.0,0.4687389348425482,0.6592453326107458,0.17868239921337264,0.0,5.306666666666667,0.44222222222222224,SIM,,CQ P30,4.0,1.0,4.666666666666667,MALEATO DE BRONFENIRAMINA 12 MG + CLORIDRATO DE FENILEFRINA 15 MG / CORISTINA D CONGEST / HISCONGEX / DESCON COMPRIMIDO REVESTIDO DE LIBERAÇÃO PROLONGADA,4.666666666666667
SIM,LINHA,Sólidos P19,Não,22944-1,CORISTINA D CONGEST BLX12 CPRV LIB PROL,MPR01053,0.0,0.0,0.0,2.0,0.0,0.0,1.0,0.0,0.2343694674212741,0.09229719924539254,0.0,0.0,3.3266666666666667,0.2772222222222222,SIM,,CQ P30,4.0,1.0,4.666666666666667,MALEATO DE BRONFENIRAMINA 12 MG + CLORIDRATO DE FENILEFRINA 15 MG / CORISTINA D CONGEST / HISCONGEX / DESCON COMPRIMIDO REVESTIDO DE LIBERAÇÃO PROLONGADA,4.666666666666667
SIM,LINHA,Sólidos P19,Não,22945-1,CORISTINA D CONGEST BLX120 CPRV LIB PROL,MPR01053,0.0,1.0,1.0,1.0,0.0,1.0,1.0,1.0,0.25312914998097524,0.21360574360355866,0.15680627225089006,0.049162932700882914,6.672704098536307,0.5560586748780255,SIM,,CQ P30,4.0,1.0,4.666666666666667,MALEATO DE BRONFENIRAMINA 12 MG + CLORIDRATO DE FENILEFRINA 15 MG / CORISTINA D CONGEST / HISCONGEX / DESCON COMPRIMIDO REVESTIDO DE LIBERAÇÃO PROLONGADA,4.666666666666667
SIM,LINHA,Sólidos P19,Não,22946-1,MAL BRONF+CL FENILE BL X12 CPRV LIB PROL,MPR01053,0.0,3.0,1.0,1.0,1.0,2.0,1.0,2.0,0.2343694674212741,0.09229719924539254,0.23732546705998037,0.8143950807290554,12.378387214455701,1.0315322678713084,SIM,,CQ P30,4.0,1.0,4.666666666666667,MALEATO DE BRONFENIRAMINA 12 MG + CLORIDRATO DE FENILEFRINA 15 MG / CORISTINA D CONGEST / HISCONGEX / DESCON COMPRIMIDO REVESTIDO DE LIBERAÇÃO PROLONGADA,4.666666666666667
SIM,PROJETO,Terceiro,Não,22949-0,EZHYUM 40MG PO LIO SOL INJ 10FA,MPR01252,0.0,0.0,0.0,0.0,0.0,0.0,0.0,0.0,0.0,0.0,0.0,0.0,0.0,0.0,SIM,,CQ P30,3.0,0.0,,EZHYUM 40 MG PÓ LIOFILIZADO PARA SOLUÇÃO INJETÁVEL,
SIM,LINHA,Terceiro,Sim,22950-0,EPISOL GOLD AGUA AUTOBRONZ FR 150ML,MPR01145,0.0,0.0,1.0,2.0,0.0,0.0,7.0,0.0,0.9541776467590162,0.3757653475404136,1.2077653403772743,0.5212155817030979,13.058923916379802,1.088243659698317,SIM,,CQ P30,0.0,1.0,3.0,EPISOL GOLD ÁGUA AUTOBRONZEADORA,3.0
SIM,PROJETO,Terceiro,Sim,22951-0,EPISOL GOLD AGUA AUTOBRONZ FR 30ML AG,MPR01145,0.0,1.0,0.0,0.0,0.0,0.0,0.0,1.0,0.11450737058524263,0.10307002642766555,0.021824997011032056,0.0,2.2394023940239403,0.1866168661686617,SIM,,CQ P30,0.0,1.0,3.0,EPISOL GOLD ÁGUA AUTOBRONZEADORA,3.0
SIM,PROJETO,Dermocosméticos P22,Não,22973-0,GLYCARE CONTROL SERUM FR 30ML,MPR01276,0.0,0.0,1.0,2.0,0.0,1.0,0.0,0.0,0.0,0.3136796125993487,0.11808472655277102,0.0,4.43176433915212,0.36931369492934335,SIM,,CQ P30,1.0,0.0,,GLYCARE CONTROL SERUM,
SIM,PROJETO,Dermocosméticos P22,Não,22974-0,GLYCARE CONTROL SERUM SCH 2ML AG,MPR01276,0.0,0.0,1.0,2.0,0.0,1.0,0.0,0.0,0.0,0.40764005776153595,0.15345614703436009,0.0,4.561096204795896,0.38009135039965797,SIM,,CQ P30,1.0,0.0,,GLYCARE CONTROL SERUM,
SIM,LINHA,Sólidos P19,Não,22978-1,HISCONGEX CT BL X 12 CPRV LIB PROL,MPR01053,0.0,0.0,0.0,0.0,0.0,1.0,0.0,1.0,0.07031112147086813,0.02768927053069989,0.07119792490969376,0.030725726767641376,2.1999240436789034,0.18332700363990861,SIM,,CQ P30,4.0,1.0,4.666666666666667,MALEATO DE BRONFENIRAMINA 12 MG + CLORIDRATO DE FENILEFRINA 15 MG / CORISTINA D CONGEST / HISCONGEX / DESCON COMPRIMIDO REVESTIDO DE LIBERAÇÃO PROLONGADA,4.666666666666667
SIM,LINHA,Líquidos P24,Não,22980-0,HISCONGEX XPE CT FR X 120ML,MPR00963,0.0,0.0,0.0,4.0,0.0,0.0,0.0,2.0,3.0,1.3803624104509062,1.209818794774547,0.9880314467713469,12.5782126519968,1.0481843876664,SIM,,CQ P30,4.0,1.0,5.0,"MALEATO DE BRONFENIRAMINA 0,4 MG/ML + CLORIDRATO DE FENILEFRINA 1,0 MG/ML XAROPE / CORISTINA D CONGEST XAROPE / DESCON XAROPE / HISCONGEX XAROPE / BENEDESC PLUS XAROPE",5.0
SIM,LINHA,Efervescentes P35,Não,22984-0,"RINOSORO AV INF 0,9% PO P SOL 15 FR120ML",MPR00523,0.0,0.0,2.0,0.0,2.0,0.0,0.0,0.0,0.0,0.0,0.0,0.0,4.0,0.3333333333333333,SIM,,CQ P30,2.0,0.0,3.375,RINOSORO ALTO VOLUME 9MG/ML PÓ PARA SOLUÇÃO,3.375
SIM,LINHA,Efervescentes P35,Não,22985-0,"RINOSORO AV INF 0,9% PO P SOL 15 SACHES",MPR00523,0.0,0.0,1.0,0.0,1.0,0.0,0.0,0.0,0.0,0.34509060261272656,0.12990939738727347,0.0,2.475,0.20625000000000002,SIM,,CQ P30,2.0,0.0,3.375,RINOSORO ALTO VOLUME 9MG/ML PÓ PARA SOLUÇÃO,3.375
SIM,LINHA,Efervescentes P35,Não,22986-0,"RINOSORO AV INF 0,9% PO SOL 2 FR120ML AG",MPR00523,0.0,0.0,1.0,0.0,0.0,0.0,0.0,0.0,0.0,0.0,0.0,0.0,1.0,0.08333333333333333,SIM,,CQ P30,2.0,0.0,3.375,RINOSORO ALTO VOLUME 9MG/ML PÓ PARA SOLUÇÃO,3.375
SIM,LINHA,Terceiro,Sim,22988-0,EVORTIA 5MG CPRV BL X10 C1 AG,MPR01391,0.0,0.0,0.0,0.0,0.0,0.0,1.0,0.0,0.0,0.0,0.18076174422571392,0.07800839659535312,1.258770140821067,0.10489751173508892,SIM,,CQ P30,0.0,0.0,,EVORTIA 5 MG COMPRIMIDO REVESTIDO / BROMIDRATO VORTIOXETINA 5 MG COMPRIMIDO REVESTIDO,
SIM,LINHA,Terceiro,Sim,22991-0,EVORTIA 10MG CPRV BL X10 C1 AG,MPR01392,0.0,0.0,0.0,1.0,0.0,0.0,0.0,3.0,0.0,0.0,0.0,0.31371872964793324,4.313718729647933,0.3594765608039944,SIM,,CQ P30,0.0,0.0,,EVORTIA 10 MG COMPRIMIDO REVESTIDO / BROMIDRATO VORTIOXETINA 10 MG COMPRIMIDO REVESTIDO,
SIM,LINHA,Terceiro,Sim,22992-0,EVORTIA 10MG CPRV BL X30 C1,MPR01392,0.0,0.0,0.0,0.0,0.0,0.0,0.0,1.0,0.1858901095466943,0.07320551037366785,0.0,0.0,1.259095619920362,0.1049246349933635,SIM,,CQ P30,0.0,0.0,,EVORTIA 10 MG COMPRIMIDO REVESTIDO / BROMIDRATO VORTIOXETINA 10 MG COMPRIMIDO REVESTIDO,
SIM,LINHA,Terceiro,Sim,22993-0,EVORTIA 10MG CPRV BL X60 C1,MPR01392,0.0,0.0,0.0,0.0,0.0,0.0,0.0,1.0,0.0,0.0,0.37646932047425574,0.16246672205634305,1.5389360425305987,0.12824467021088323,SIM,,CQ P30,0.0,0.0,,EVORTIA 10 MG COMPRIMIDO REVESTIDO / BROMIDRATO VORTIOXETINA 10 MG COMPRIMIDO REVESTIDO,
SIM,LINHA,Terceiro,Sim,22995-0,EVORTIA 15MG CPRV BL X10 C1 AG,MPR01393,1.0,0.0,0.0,0.0,0.0,0.0,0.0,0.0,0.0,0.0,0.0,0.0,1.0,0.08333333333333333,SIM,,CQ P30,0.0,0.0,,EVORTIA 15 MG COMPRIMIDO REVESTIDO / BROMIDRATO DE VOTIOXETINA 15 MG COMPRIMIDO REVESTIDO,
SIM,PROJETO,Terceiro,Sim,22997-0,EVORTIA 20MG CPRV BL X10 C1 AG,MPR01394,1.0,0.0,0.0,0.0,0.0,0.0,0.0,0.0,0.0,0.0,0.0,0.0,1.0,0.08333333333333333,SIM,,CQ P30,0.0,0.0,,EVORTIA 20 MG COMPRIMIDO REVESTIDO / BROMIDRATO VORTIOXETINA 20 MG COMPRIMIDO REVESTIDO,
SIM,LINHA,Terceiro,Sim,22998-0,EVORTIA 20MG CPRV BL X60 C1,MPR01394,0.0,0.0,0.0,1.0,0.0,0.0,0.0,1.0,0.0,0.0,0.0,0.6901812052254531,2.690181205225453,0.2241817671021211,SIM,,CQ P30,0.0,0.0,,EVORTIA 20 MG COMPRIMIDO REVESTIDO / BROMIDRATO VORTIOXETINA 20 MG COMPRIMIDO REVESTIDO,
SIM,PROJETO,Terceiro,Sim,23000-0,BROMIDRATO VORTIOXETIN 10MG BL 30CPRV C1,MPR01392,0.0,0.0,1.0,0.0,0.0,1.0,0.0,2.0,0.1917603235323794,0.07551726333283632,0.0,0.7119764011799411,4.979253988045156,0.4149378323370963,SIM,,CQ P30,0.0,0.0,,EVORTIA 10 MG COMPRIMIDO REVESTIDO / BROMIDRATO VORTIOXETINA 10 MG COMPRIMIDO REVESTIDO,
SIM,PROJETO,Terceiro,Sim,23001-0,BROMIDRATO VORTIOXETIN 15MG BL 60CPRV C1,MPR01393,0.0,0.0,0.0,1.0,0.0,0.0,0.0,0.0,0.0,0.6901812052254531,0.25981879477454695,0.0,1.95,0.1625,SIM,,CQ P30,0.0,0.0,,EVORTIA 15 MG COMPRIMIDO REVESTIDO / BROMIDRATO DE VOTIOXETINA 15 MG COMPRIMIDO REVESTIDO,
SIM,LINHA,Sólidos P19,Não,23002-0,ALIVIUM 400MG CT BL 2 CAP MOLE AG,MPR01113,0.0,0.0,0.0,0.0,0.0,0.0,0.0,0.0,0.0,0.0,0.0,0.0,0.0,0.0,SIM,,CQ P30,3.0,0.0,3.0,"ALIVIUM 400,0 MG CÁPSULA MOLE / IBUFRAN 400,0 MG CÁPSULA MOLE (CATALENT / SOROCABA)",3.0
SIM,LINHA,Sólidos P01,Não,23003-0,"NEOSORO FLUID AV 0,9% PO P SOL 30 SACHES",MPR00523,1.0,1.0,1.0,2.0,3.0,0.0,1.0,0.0,3.2206647290720705,1.9585133709825975,0.25981879477454695,0.6901812052254531,15.129178100054668,1.2607648416712223,SIM,,CQ P30,2.0,1.0,3.375,RINOSORO ALTO VOLUME 9MG/ML PÓ PARA SOLUÇÃO,3.375
SIM,LINHA,Sólidos P01,Não,23004-0,"NEOSORO FLUID AV 0,9% PO SOL 30 FR240ML",MPR00523,0.0,0.0,3.0,3.0,1.0,3.0,4.0,0.0,0.6815846756639093,0.9585965295615437,0.25981879477454695,0.6901812052254531,16.590181205225452,1.3825151004354543,SIM,,CQ P30,2.0,1.0,3.375,RINOSORO ALTO VOLUME 9MG/ML PÓ PARA SOLUÇÃO,3.375
SIM,LINHA,Sólidos P19,Não,23005-0,DOMPERIDONA 10MG CT BL X 30 CPR,MPR00187,2.0,0.0,0.0,0.0,1.0,1.0,0.0,2.0,0.620631458188421,0.8728705078010061,0.8650427545259727,0.2712138877716697,8.62975860828707,0.7191465506905891,SIM,,CQ P30,2.0,1.0,4.4,PERIDAL 10 MG COMPRIMIDO / DOMPERIDONA 10 MG COMPRIMIDO,4.4
SIM,LINHA,Sólidos P19,Não,23006-0,DOMPERIDONA 10MG CT BL X 60 CPR,MPR00187,1.0,0.0,2.0,0.0,5.0,2.0,0.0,2.0,0.7031084022638223,0.9888679989161187,1.6919764011799412,2.038464879654568,17.42241768201445,1.451868140167871,SIM,,CQ P30,2.0,1.0,4.4,PERIDAL 10 MG COMPRIMIDO / DOMPERIDONA 10 MG COMPRIMIDO,4.4
SIM,LINHA,Semissólidos P01,Não,23010-0,ESCABIN PRO 4% EMUL CT FR X 100ML,MPR01149,4.0,8.0,0.0,8.0,6.0,0.0,6.0,10.0,4.089508053983456,7.131941587820169,7.6000000000000005,7.214070368945322,68.03552001074895,5.6696266675624125,SIM,,CQ P30,2.0,1.0,4.571428571428571,ESCABIN PRO 4% EMULSÃO,4.571428571428571
SIM,LINHA,Dermocosméticos P22,Não,23017-0,PIELUS FORTE SHAMPOO FR 200ML,MPR01311,1.0,1.0,1.0,1.0,0.0,2.0,2.0,3.0,2.7263387026556374,4.5245673234716275,4.059818794774547,1.8815821714090282,24.19230699231084,2.01602558269257,SIM,,CQ P30,1.0,2.0,2.7142857142857144,PIELUS FORTE SHAMPOO,2.7142857142857144
SIM,LINHA,Dermocosméticos P22,Não,23018-0,PIELUS FORTE SHAMPOO FR 400ML,MPR01311,2.0,3.0,4.0,3.0,2.0,7.0,2.0,14.0,10.815846756639093,13.036871321742701,14.25,16.200834112021106,91.30355219040291,7.608629349200243,SIM,,CQ P30,1.0,4.0,2.7142857142857144,PIELUS FORTE SHAMPOO,2.7142857142857144
SIM,PROJETO,Dermocosméticos P22,Não,23019-0,PIELUS FORTE SHAMPOO SCH 7ML AG,MPR01311,0.0,1.0,1.0,1.0,0.0,1.0,0.0,1.0,0.0,0.0,0.0,0.0,5.0,0.4166666666666667,SIM,,CQ P30,1.0,0.0,2.7142857142857144,PIELUS FORTE SHAMPOO,2.7142857142857144
SIM,LINHA,Dermocosméticos P22,Não,23020-0,PIELUS FORTE LOCAO FR 120ML,MPR01320,0.0,3.0,0.0,2.0,1.0,2.0,2.0,1.0,0.6815846756639093,1.6487777347869967,2.5901812052254534,2.2739131350885877,18.19445675076495,1.5162047292304124,SIM,,CQ P30,1.0,0.0,,PIELUS FORTE LOÇÃO,
SIM,PROJETO,Dermocosméticos P22,Não,23021-0,PIELUS FORTE LOCAO FR 20ML AG,MPR01320,0.0,1.0,0.0,2.0,1.0,0.0,0.0,1.0,0.0,0.0,0.0,0.0,5.0,0.4166666666666667,SIM,,CQ P30,1.0,0.0,,PIELUS FORTE LOÇÃO,
SIM,LINHA,Dermocosméticos P22,Não,23022-0,IVY C FERULIC SACHE 2G AG,MPR00577,0.0,0.0,1.0,0.0,1.0,0.0,0.0,1.0,0.0,0.0,0.0,0.0,3.0,0.25,SIM,,CQ P30,1.0,0.0,,IVY C FERULIC CREME,
SIM,LINHA,Sólidos P19,Não,23025-0,PREDNISOLONA 5 MG CT BL X 10 CPRV,MPR00931,0.0,0.0,0.0,0.0,0.0,1.0,0.0,0.0,1.0407335030515241,0.05728854543867377,0.05677479157120812,0.017800405666528536,2.1725972457279346,0.18104977047732787,SIM,,CQ P30,3.0,1.0,2.6666666666666665,PREDSIM 5 MG COMPRIMIDO REVESTIDO / PREDNISOLONA 5 MG COMPRIMIDO REVESTIDO,2.6666666666666665
SIM,LINHA,Sólidos P19,Não,23026-0,PREDNISOLONA 5 MG CT BL X 20 CPRV,MPR00931,0.0,0.0,0.0,0.0,0.0,1.0,0.0,0.0,1.0,0.0,0.0,0.0,2.0,0.16666666666666666,SIM,,CQ P30,3.0,1.0,2.6666666666666665,PREDSIM 5 MG COMPRIMIDO REVESTIDO / PREDNISOLONA 5 MG COMPRIMIDO REVESTIDO,2.6666666666666665
SIM,LINHA,Sólidos P19,Não,23027-0,PREDNISOLONA 20 MG CT BL X 10 CPRV,MPR00947,0.0,1.0,0.0,1.0,0.0,1.0,1.0,0.0,1.0,0.09744377476399939,0.3741602769242064,0.370624720466087,5.842228772154293,0.48685239767952443,SIM,,CQ P30,3.0,1.0,4.2,PREDSIM 20 MG COMPRIMIDO REVESTIDO / PREDNISOLONA 20 MG COMPRIMIDO REVESTIDO,4.2
SIM,LINHA,Sólidos P19,Não,23028-0,PREDNISOLONA 20 MG CT BL X 20 CPRV,MPR00947,1.0,0.0,0.0,0.0,0.0,0.0,0.0,0.0,1.067209019808817,0.09452432756239657,0.09367664957576036,0.02937011863510554,2.284780115582079,0.19039834296517325,SIM,,CQ P30,3.0,1.0,4.2,PREDSIM 20 MG COMPRIMIDO REVESTIDO / PREDNISOLONA 20 MG COMPRIMIDO REVESTIDO,4.2
SIM,LINHA,Sólidos P19,Não,23029-0,PREDNISOLONA 40 MG CT BL X 7 CPRV,MPR01026,0.0,0.0,1.0,1.0,0.0,1.0,0.0,1.0,0.6562366962352216,0.922946542143518,0.9146697155657186,0.28677325864838227,6.78062621259284,0.5650521843827366,SIM,,CQ P30,4.0,1.0,3.0,PREDSIM 40 MG COMPRIMIDO REVESTIDO / PREDNISOLONA 40 MG COMPRIMIDO REVESTIDO,3.0
SIM,LINHA,Sólidos P19,Não,23030-0,PREDNISOLONA 40 MG CT BL X 10 CPRV,MPR01026,0.0,0.0,0.0,1.0,0.0,1.0,0.0,2.0,0.0,0.23732546705998037,0.32666666666666666,0.10241867954911434,4.6664108132757605,0.38886756777298004,SIM,,CQ P30,4.0,0.0,3.0,PREDSIM 40 MG COMPRIMIDO REVESTIDO / PREDNISOLONA 40 MG COMPRIMIDO REVESTIDO,3.0
SIM,LINHA,Dermocosméticos P22,Não,23035-0,EPIDRAT ROSTO FPS30 2 GER BG 50ML,MPR00874,0.0,0.0,0.0,0.0,0.0,0.0,1.0,0.0,0.0,0.6039085545722715,0.2273414454277286,0.0,1.8312500000000003,0.15260416666666668,SIM,,CQ P30,1.0,0.0,,EPIDRAT ROSTO FPS 30 2° GERAÇÃO,
SIM,PROJETO,Dermocosméticos P22,Não,23036-0,EPIDRAT ROSTO FPS30 2 GER SCH 2ML AG,MPR00874,0.0,0.0,0.0,0.0,0.0,0.0,0.0,0.0,0.0,0.08627265065318164,0.03247734934681837,0.0,0.11875000000000001,0.009895833333333335,SIM,,CQ P30,1.0,0.0,,EPIDRAT ROSTO FPS 30 2° GERAÇÃO,
SIM,LINHA,Sólidos P19,Não,23043-0,MIORRELAX CT BL 20 COM REV,MPR01326,0.0,0.0,0.0,0.0,0.0,0.0,0.0,0.0,0.0,0.0,0.0,0.0,0.0,0.0,SIM,,CQ P30,4.0,0.0,,NEOSALDINA MUSCULAR COMPRIMIDO REVESTIDO / MIORRELAX MUSCULAR COMPRIMIDO REVESTIDO,
SIM,LINHA,Sólidos P19,Não,23044-0,MIORRELAX CT BL 30 COM REV,MPR01326,0.0,0.0,0.0,0.0,0.0,0.0,0.0,0.0,0.0,0.0,0.0,0.0,0.0,0.0,SIM,,CQ P30,4.0,0.0,,NEOSALDINA MUSCULAR COMPRIMIDO REVESTIDO / MIORRELAX MUSCULAR COMPRIMIDO REVESTIDO,
SIM,PROJETO,Sólidos P19,Não,23044-1,MIORRELAX CT BL 30 CPRV,MPR01326,0.0,0.0,0.0,2.0,0.0,0.0,0.0,0.0,1.1047802582808017,1.5537886330623667,0.42114015388862974,0.7119764011799411,5.79168544641174,0.482640453867645,SIM,,CQ P30,4.0,0.0,,NEOSALDINA MUSCULAR COMPRIMIDO REVESTIDO / MIORRELAX MUSCULAR COMPRIMIDO REVESTIDO,
SIM,PROJETO,Sólidos P19,Não,23045-0,MIORRELAX DISP BL 200 COM REV,MPR01326,0.0,0.0,0.0,0.0,1.0,5.0,0.0,0.0,0.7031084022638223,0.9888679989161187,0.268023598820059,0.0,7.96,0.6633333333333333,SIM,,CQ P30,4.0,0.0,,NEOSALDINA MUSCULAR COMPRIMIDO REVESTIDO / MIORRELAX MUSCULAR COMPRIMIDO REVESTIDO,
SIM,LINHA,Sólidos P19,Não,23047-0,NQ VITAMINA D3 5/000 UI X 30 CAP MOLE,MPR00228,0.0,0.0,0.0,0.0,0.0,0.0,0.0,0.0,0.0,0.0,0.0,0.0,0.0,0.0,SIM,,CQ P30,2.0,0.0,2.2,ADDERA D3 5.000 UI CÁPSULA MOLE / VITAMINA D3 5.000 UI CÁPSULA MOLE,2.2
SIM,LINHA,Sólidos P19,Não,23047-1,NQ VITAMINA D3 5.000UI CT BL 30 CAP MOLE,MPR00228,0.0,0.0,2.0,1.0,5.0,2.0,2.0,1.0,0.06538468126084301,0.29925334878780363,1.8544926820824936,2.179832892635957,17.398963604767097,1.4499136337305913,SIM,,CQ P30,2.0,1.0,2.2,ADDERA D3 5.000 UI CÁPSULA MOLE / VITAMINA D3 5.000 UI CÁPSULA MOLE,2.2
SIM,LINHA,Sólidos P19,Não,23060-0,TRIMETAZIDINA 35MG 2X15 CPRV LIB PROL,MPR01173,0.0,0.0,0.0,0.0,0.0,0.0,0.0,0.0,1.182382398128361,0.2565068437441925,0.25420653428449336,0.07970050277808512,1.7727962789351321,0.14773302324459434,SIM,,CQ P30,3.0,1.0,2.0,DICLORIDRATO DE TRIMETAZIDINA 35 MG COMPRIMIDO REVESTIDO DE LIBERAÇÃO PROLONGADA / ZISQUE 35 MG COMPRIMIDO REVESTIDO DE LIBERAÇÃO PROLONGADA,2.0
SIM,LINHA,Sólidos P19,Não,23061-0,TRIMETAZIDINA 35MG 4X15 CPRV LIB PROL,MPR01173,0.0,0.0,0.0,0.0,0.0,0.0,0.0,0.0,0.27621842414258785,0.3884800117111314,0.38499618947543957,0.12070653476790351,1.1704011600970623,0.09753343000808852,SIM,,CQ P30,3.0,1.0,2.0,DICLORIDRATO DE TRIMETAZIDINA 35 MG COMPRIMIDO REVESTIDO DE LIBERAÇÃO PROLONGADA / ZISQUE 35 MG COMPRIMIDO REVESTIDO DE LIBERAÇÃO PROLONGADA,2.0
SIM,PROJETO,Cosmed P01,Sim,23076-0,COLEMONO 5MG CT BL X 30CPRV,MPR01444,0.0,0.0,0.0,0.0,0.0,0.0,0.0,0.0,0.42530883761427946,0.1674911623857205,0.0,0.0,0.5928,0.0494,SIM,,CQ P30,0.0,0.0,,COLEMONO 5MG COMPRIMIDO REVESTIDO CLONE (MATRIZ ROSUVASTATINA CÁLCICA 5MG COMPRIMIDO REVESTIDO ACCORD),
SIM,PROJETO,Cosmed P01,Sim,23077-0,COLEMONO 10MG CT BL X 30CPRV,MPR01445,0.0,0.0,0.0,0.0,0.0,0.0,0.0,0.0,0.0,0.4914617753080641,0.18501084232884776,0.0,0.6764726176369119,0.056372718136409324,SIM,,CQ P30,0.0,0.0,,COLEMONO 10MG COMPRIMIDO REVESTIDO CLONE (MATRIZ ROSUVASTATINA CÁLCICA 10MG COMPRIMIDO REVESTIDO ACCORD),
SIM,PROJETO,Cosmed P01,Sim,23078-0,COLEMONO 20MG CT BL X 30CPRV,MPR01446,0.0,0.0,0.0,0.0,0.0,0.0,0.0,0.0,0.0,0.0,0.22085798567214499,0.09531207729468599,0.316170062966831,0.026347505247235916,SIM,,CQ P30,0.0,0.0,,COLEMONO 20MG COMPRIMIDO REVESTIDO CLONE (MATRIZ ROSUVASTATINA CÁLCICA 20MG COMPRIMIDO REVESTIDO ACCORD),
SIM,PROJETO,Cosmed P01,Sim,23079-0,COLEMONO 5MG CT BL X 5CPRV AG,MPR01444,0.0,0.0,0.0,0.0,0.0,0.0,0.0,0.0,0.16358032215933827,0.06441967784066174,0.0,0.0,0.228,0.019,SIM,,CQ P30,0.0,0.0,,COLEMONO 5MG COMPRIMIDO REVESTIDO CLONE (MATRIZ ROSUVASTATINA CÁLCICA 5MG COMPRIMIDO REVESTIDO ACCORD),
SIM,PROJETO,Cosmed P01,Sim,23080-0,COLEMONO 10MG CT BL X 5CPRV AG,MPR01445,0.0,0.0,0.0,0.0,0.0,0.0,0.0,0.0,0.0,0.17069561567635905,0.06425838432364095,0.0,0.234954,0.0195795,SIM,,CQ P30,0.0,0.0,,COLEMONO 10MG COMPRIMIDO REVESTIDO CLONE (MATRIZ ROSUVASTATINA CÁLCICA 10MG COMPRIMIDO REVESTIDO ACCORD),
SIM,PROJETO,Cosmed P01,Sim,23081-0,COLEMONO 20MG CT BL X 5CPRV AG,MPR01446,0.0,0.0,0.0,0.0,0.0,0.0,0.0,0.0,0.0,0.0,0.0,0.11042899283607249,0.11042899283607249,0.009202416069672708,SIM,,CQ P30,0.0,0.0,,COLEMONO 20MG COMPRIMIDO REVESTIDO CLONE (MATRIZ ROSUVASTATINA CÁLCICA 20MG COMPRIMIDO REVESTIDO ACCORD),
SIM,PROJETO,Terceiro,Sim,23082-0,"TELMISARTANA+HCT 40+12,5MG CT BLX30CP",EPR01277,0.0,0.0,0.0,0.0,0.0,0.0,1.0,0.0,1.0022021070962124,0.3946778929037876,0.0,0.0,2.39688,0.19974,SIM,,CQ P30,0.0,0.0,,"TELMISARTANA E HIDROCLOROTIAZIDA 40 MG / 12,5 MG COMPRIMIDOS CLONE (MATRIZ TELMISARTANA E HIDROCLOROTIAZIDA 40 MG / 12,5 MG COMPRIMIDOS ACCORD)",
SIM,PROJETO,Terceiro,Sim,23083-0,"TELMISARTANA+HCT 80+12,5MG CT BLX30CP",EPR01280,0.0,0.0,0.0,0.0,3.0,0.0,1.0,0.0,0.30425939921636913,0.11982060078363083,0.36809664278690835,0.8490346673832632,5.6412113101701715,0.47010094251418094,SIM,,CQ P30,0.0,0.0,,"TELMISARTANA E HIDROCLOROTIAZIDA 80 MG / 12,5 MG COMPRIMIDOS CLONE (MATRIZ TELMISARTANA E HIDROCLOROTIAZIDA 80 MG / 12,5 MG COMPRIMIDOS ACCORD) ",
SIM,PROJETO,Terceiro,Sim,23084-0,TELMISARTANA+HCT 80+25MG CT BLX30CP,EPR01281,0.0,0.0,0.0,0.0,0.0,0.0,0.0,0.0,0.0,0.2300604017418177,0.33507149880601217,0.10722608695652175,0.6723579875043517,0.05602983229202931,SIM,,CQ P30,0.0,0.0,,TELMISARTANA E HIDROCLOROTIAZIDA 80 MG / 25 MG COMPRIMIDOS CLONE (MATRIZ TELMISARTANA E HIDROCLOROTIAZIDA 80 MG / 25 MG COMPRIMIDOS ACCORD) ,
SIM,PROJETO,Sólidos P19,Não,23086-0,"OLZICAR HCT 20MG+12,5MG BL 2X15 CPRV",MPR00958,3.0,0.0,0.0,0.0,0.0,0.0,0.0,0.0,0.46873893484254814,0.8965707996707262,0.7426745329400197,0.20483735909822864,5.312821626551524,0.44273513554596033,SIM,,CQ P30,3.0,1.0,7.75,"OLMESARTANA MEDOXOMILA 20 MG + HIDROCLOROTIAZIDA 12,5 MG COMPRIMIDO REVESTIDO / OLZICAR HCT 20 MG + 12,5 MG COMPRIMIDO REVESTIDO",7.75
SIM,PROJETO,Sólidos P19,Não,23088-0,"OLZICAR HCT 20MG+12,5MG BL 5 CPRV AG",MPR00958,0.0,1.0,0.0,0.0,2.0,0.0,2.0,0.0,2.0058356310163017,1.4146306095605587,1.4019444444444447,0.9883619756411536,10.810772660662458,0.9008977217218715,SIM,,CQ P30,3.0,1.0,7.75,"OLMESARTANA MEDOXOMILA 20 MG + HIDROCLOROTIAZIDA 12,5 MG COMPRIMIDO REVESTIDO / OLZICAR HCT 20 MG + 12,5 MG COMPRIMIDO REVESTIDO",7.75
SIM,PROJETO,Sólidos P19,Não,23089-0,OLZICAR HCT 40MG+25MG BL 3X10 CPRV,MPR00420,0.0,0.0,3.0,0.0,2.0,0.0,2.0,0.0,1.9374778696850963,1.0811651981615111,1.2173254670599802,0.4096747181964573,11.645643253103046,0.9704702710919205,SIM,,CQ P30,3.0,1.0,13.0,OLMESARTANA MEDOXOMILA 40 MG + HIDROCLOROTIAZIDA 25 MG COMPRIMIDO REVESTIDO / OLZICAR HCT 40 MG + 25 MG COMPRIMIDO REVESTIDO,13.0
SIM,PROJETO,Sólidos P19,Não,23090-0,OLZICAR HCT 40MG+25MG BL 1X10 CPRV,MPR00420,0.0,0.0,0.0,0.0,0.0,0.0,0.0,0.0,0.0,0.0,0.0,0.0,0.0,0.0,SIM,,CQ P30,3.0,0.0,13.0,OLMESARTANA MEDOXOMILA 40 MG + HIDROCLOROTIAZIDA 25 MG COMPRIMIDO REVESTIDO / OLZICAR HCT 40 MG + 25 MG COMPRIMIDO REVESTIDO,13.0
SIM,PROJETO,Sólidos P19,Não,23091-0,OLZICAR HCT 40MG+25MG BL X 5 CPRV AG,MPR00420,0.0,0.0,4.0,0.0,2.0,2.0,3.0,2.0,1.8749557393701928,2.636981330442983,2.6133333333333333,0.8193494363929147,20.944619839539424,1.7453849866282853,SIM,,CQ P30,3.0,1.0,13.0,OLMESARTANA MEDOXOMILA 40 MG + HIDROCLOROTIAZIDA 25 MG COMPRIMIDO REVESTIDO / OLZICAR HCT 40 MG + 25 MG COMPRIMIDO REVESTIDO,13.0
SIM,LINHA,Sólidos P19,Não,23099-0,NEOSALDINA MUSCULAR BL X 20 CPRV,MPR01326,0.0,0.0,0.0,0.0,0.0,0.0,0.0,0.0,0.0,0.0,0.0,0.0,0.0,0.0,SIM,,CQ P30,4.0,0.0,,NEOSALDINA MUSCULAR COMPRIMIDO REVESTIDO / MIORRELAX MUSCULAR COMPRIMIDO REVESTIDO,
SIM,LINHA,Sólidos P19,Não,23100-0,NEOSALDINA MUSCULAR BL X 30 CPRV,MPR01326,0.0,0.0,0.0,0.0,0.0,0.0,0.0,0.0,0.0,0.0,0.0,0.0,0.0,0.0,SIM,,CQ P30,4.0,0.0,,NEOSALDINA MUSCULAR COMPRIMIDO REVESTIDO / MIORRELAX MUSCULAR COMPRIMIDO REVESTIDO,
SIM,LINHA,Sólidos P01,Não,23105-0,RINOSORO AV BABY PO SOL 15SH FR60+SE20ML,MPR00523,0.0,1.0,0.0,0.0,0.0,0.0,1.0,0.0,0.5741706054711523,0.22611451635362737,0.44724028332390686,0.19300819177416648,3.440533596922853,0.28671113307690443,SIM,,CQ P30,2.0,1.0,3.375,RINOSORO ALTO VOLUME 9MG/ML PÓ PARA SOLUÇÃO,3.375
SIM,PROJETO,Sólidos P01,Não,23107-0,RINOSORO AV BABY PO SOL 2SH FR60+SE20 AG,MPR00523,0.0,0.0,0.0,0.0,1.0,0.0,0.0,0.0,0.0,0.0,0.0,0.05724675626546008,1.0572467562654602,0.08810389635545501,SIM,,CQ P30,2.0,0.0,3.375,RINOSORO ALTO VOLUME 9MG/ML PÓ PARA SOLUÇÃO,3.375
SIM,LINHA,Sólidos P01,Não,23108-0,RINOSORO AV BABY PO SOL REFIL 15 SCH,MPR00523,0.0,0.0,1.0,0.0,0.0,0.0,0.0,1.0,0.5697539085059896,0.22437517392013792,0.0,0.0,2.7941290824261276,0.2328440902021773,SIM,,CQ P30,2.0,1.0,3.375,RINOSORO ALTO VOLUME 9MG/ML PÓ PARA SOLUÇÃO,3.375
SIM,PROJETO,Sólidos P19,Não,23109-0,NEOSALDINA MUSCULAR BL 20 X 10 CPRV,MPR01326,0.0,1.0,0.0,0.0,0.0,1.0,0.0,2.0,0.47258260671045993,0.8980844787012328,0.7825062456285133,0.5973413863132686,6.750514717353475,0.5625428931127896,SIM,,CQ P30,4.0,0.0,,NEOSALDINA MUSCULAR COMPRIMIDO REVESTIDO / MIORRELAX MUSCULAR COMPRIMIDO REVESTIDO,
SIM,PROJETO,Sólidos P19,Não,23111-0,NEOSALDINA MAX 25 X 4 CPRV,MPR01373,0.0,0.0,0.0,0.0,0.0,0.0,0.0,0.0,2.044754026991728,3.1089635898485186,2.9377783797884938,0.8935507246376813,8.985046721266421,0.7487538934388684,SIM,,CQ P30,4.0,0.0,,NEOSALDINA MAX COMPRIMIDO REVESTIDO,
SIM,PROJETO,Sólidos P19,Não,23112-0,NEOSALDINA MUSCULAR MAX BL 30 X 4 CPRV,MPR01214,0.0,0.0,0.0,0.0,0.0,0.0,3.0,2.0,0.23436946742127407,0.6614304776096489,0.21425028866496656,0.0,6.1100502336958895,0.5091708528079908,SIM,,CQ P30,4.0,1.0,3.4,NEOSALDINA MUSCULAR MAX COMPRIMIDO REVESTIDO,3.4
SIM,PROJETO,Dermocosméticos P22,Não,23132-0,EPISOL SEC ACQUA FPS 60 SCH 2ML AG,MPR00499,1.0,0.0,1.0,1.0,0.0,0.0,2.0,0.0,1.045438978377594,0.08691247547828468,0.0351842955471274,0.04998341690230879,6.2175191663053155,0.5181265971921096,SIM,,CQ P30,3.0,1.0,2.75,EPISOL SEC ACQUA FPS 60,2.75
SIM,PROJETO,Sólidos P19,Não,23140-0,AAS PROTECT 100MG BL X 10 CPRV AG,MPR01253,0.0,0.0,0.0,1.0,1.0,0.0,1.0,0.0,0.0,0.0537227363393735,0.07394666666666669,0.11811443159049778,3.245783834596538,0.27048198621637815,SIM,,CQ P30,2.0,0.0,2.2,AAS PROTECT 100 MG COMPRIMIDO REVESTIDO DE LIBERAÇÃO RETARDADA,2.2
SIM,PROJETO,Terceiro,Não,23143-0,HEMITAR ZOLPIDEM 5MG 30CPR ORODISP B1,MPR01244,0.0,0.0,0.0,0.0,0.0,0.0,0.0,0.0,0.0,0.0,0.0,0.0,0.0,0.0,SIM,,CQ P30,3.0,0.0,,HEMITARTARATO DE ZOLPIDEM 5 MG COMPRIMIDO ORODISPERSÍVEL,
SIM,PROJETO,Sólidos P01,Não,23156-0,ESTOMAZIL PASTILHA CT X 20,MPR00471,0.0,2.0,0.0,1.0,0.0,0.0,0.0,0.0,1.0,0.6901812052254531,0.9500000000000001,0.29785024154589373,5.9380314467713475,0.4948359538976123,SIM,,CQ P30,2.0,1.0,6.818181818181818,GASTROL PASTILHA / ESTOMAZIL PASTILHA,6.818181818181818
SIM,PROJETO,Sólidos P01,Não,23157-0,ESTOMAZIL PASTILHA DISP BL 20X10,MPR00471,0.0,2.0,0.0,0.0,0.0,4.0,0.0,2.0,0.0,0.6901812052254531,0.9500000000000001,0.9880314467713469,10.6282126519968,0.8856843876663999,SIM,,CQ P30,2.0,0.0,6.818181818181818,GASTROL PASTILHA / ESTOMAZIL PASTILHA,6.818181818181818
SIM,LINHA,Sólidos P01,Sim,23161-0,NESINA CPRV 25MG X 60,EPR00570,0.0,0.0,0.0,0.0,4.0,0.0,0.0,0.0,0.0,0.0,0.0,0.0,4.0,0.3333333333333333,SIM,,CQ P30,0.0,0.0,,"NESINA MONO 25,0MG COMPRIMIDO REVESTIDO",
SIM,PROJETO,Dermocosméticos P22,Não,23164-0,GLYCARE CONTROL GEL DE LIMP BG 60G,MPR00724,0.0,0.0,0.0,0.0,0.0,0.0,1.0,0.0,0.0,0.0,0.0,0.0,1.0,0.08333333333333333,SIM,,CQ P30,1.0,0.0,5.833333333333333,GLYCARE CONTROL GEL DE LIMPEZA GEL,5.833333333333333
SIM,PROJETO,Sólidos P19,Não,23165-0,ATENOLOL 50MG CPR CT BL 2X15 HOSP,MPR00100,0.0,0.0,0.0,0.0,0.0,0.0,0.0,6.0,0.0,0.0,1.4239528023598822,1.3264884784746271,8.75044128083451,0.7292034400695425,SIM,,CQ P30,3.0,0.0,5.0,ATENOLOL 50 MG COMPRIMIDO,5.0
SIM,PROJETO,Sólidos P19,Não,23166-0,BESILATO ANLODI 5MG CPR CT BL 2X15 HOSP,MPR00441,0.0,0.0,0.0,0.0,0.0,3.0,4.0,4.0,18.631693513278186,16.41120577032906,8.049113894026956,8.581424676129844,62.67343785376404,5.2227864878136705,SIM,,CQ P30,4.0,5.0,4.538461538461538,BESILATO DE ANLODIPINO 5 MG COMPRIMIDO / TENSALIV 5 MG COMPRIMIDO,4.538461538461538
SIM,PROJETO,Sólidos P19,Não,23169-0,LORATADINA 10MG CT 12 CPR HOSP,MPR00445,0.0,0.0,0.0,0.0,0.0,3.0,6.0,4.0,6.062400745902504,7.119878071708342,1.9297776306149472,0.0,28.112056448225793,2.342671370685483,SIM,,CQ P30,3.0,1.0,10.125,LORATADINA 10 MG COMPRIMIDO E NEO LORATADIN 10 MG COMPRIMIDO,10.125
SIM,PROJETO,Dermocosméticos P22,Não,23170-0,ALEKTOS DERM SCH 7ML AG,MPR01275,1.0,0.0,1.0,0.0,2.0,1.0,1.0,1.0,0.0,0.690181205225453,0.25981879477454695,0.0,7.95,0.6625,SIM,,CQ P30,1.0,0.0,3.4,ALEKTOS DERM EMULSÃO,3.4
SIM,LINHA,Dermocosméticos P22,Não,23171-0,ALEKTOS DERM BG 200ML,MPR01275,0.0,1.0,0.0,0.0,3.0,5.0,0.0,1.0,3.407923378319547,2.032257826905906,3.710724820901812,1.4892512077294686,20.640157233856733,1.7200131028213945,SIM,,CQ P30,1.0,2.0,3.4,ALEKTOS DERM EMULSÃO,3.4
SIM,PROJETO,Dermocosméticos P22,Não,23172-0,PIELUS PRO HYALU MASCARA BG 200ML,MPR01341,1.0,0.0,0.0,1.0,0.0,0.0,0.0,0.0,0.0,0.0,0.0,0.0,2.0,0.16666666666666666,SIM,,CQ P30,1.0,0.0,,PIELUS PRO HYALU MÁSCARA,
SIM,LINHA,Dermocosméticos P22,Não,23173-0,REVILINE RETINOL SERUM FR 30ML,MPR00923,2.0,1.0,1.0,0.0,1.0,1.0,0.0,0.0,0.6815846756639093,0.7673576253705066,0.18782688710634332,0.0,7.636769188140759,0.6363974323450633,SIM,,CQ P30,1.0,1.0,2.0,REVILINE RETINOL SERUM,2.0
SIM,PROJETO,Dermocosméticos P22,Não,23174-0,REVILINE RETINOL SERUM SCH 2ML AG,MPR00923,1.0,1.0,1.0,0.0,1.0,1.0,0.0,0.0,0.0,0.25881795195954493,0.09743204804045512,0.0,5.356249999999999,0.4463541666666666,SIM,,CQ P30,1.0,0.0,2.0,REVILINE RETINOL SERUM,2.0
SIM,PROJETO,Dermocosméticos P22,Não,23175-0,PIELUS PRO HYALU MASCARA SCH 7ML AG,MPR01341,0.0,0.0,0.0,1.0,0.0,0.0,0.0,0.0,0.0,0.0,0.0,0.0,1.0,0.08333333333333333,SIM,,CQ P30,1.0,0.0,,PIELUS PRO HYALU MÁSCARA,
SIM,PROJETO,Dermocosméticos P22,Não,23176-0,PIELUS PRO HYALU COND BG 200ML,MPR01300,0.0,1.0,0.0,0.0,1.0,0.0,1.0,0.0,0.6815846756639093,0.26841532433609055,0.0,0.0,3.9499999999999997,0.32916666666666666,SIM,,CQ P30,1.0,1.0,3.0,PIELUS PRO HYALU CONDICIONADOR,3.0
SIM,PROJETO,Dermocosméticos P22,Não,23177-0,PIELUS PRO HYALU COND SCH 7ML AG,MPR01300,0.0,1.0,0.0,0.0,1.0,0.0,0.0,0.0,0.0,0.0,0.0,0.0,2.0,0.16666666666666666,SIM,,CQ P30,1.0,0.0,3.0,PIELUS PRO HYALU CONDICIONADOR,3.0
SIM,PROJETO,Dermocosméticos P22,Não,23178-0,PIELUS PRO HYALU SHAMPOO FR 400ML,MPR01329,0.0,1.0,1.0,0.0,0.0,1.0,1.0,0.0,0.6815846756639093,1.6487777347869967,0.5196375895490939,0.6901812052254531,7.540181205225453,0.6283484337687878,SIM,,CQ P30,1.0,0.0,,PIELUS PRO HYALU SHAMPOO,
SIM,PROJETO,Dermocosméticos P22,Não,23179-0,PIELUS PRO HYALU SHAMPOO SCH 7ML AG,MPR01329,0.0,1.0,0.0,0.0,0.0,1.0,0.0,0.0,0.0,0.0,0.0,0.0,2.0,0.16666666666666666,SIM,,CQ P30,1.0,0.0,,PIELUS PRO HYALU SHAMPOO,
SIM,LINHA,Semissólidos P01,Não,23180-0,"PROPIOSOL POM 0,5MG/G CT BG ALUM 1X30G",MPR00704,3.0,2.0,0.0,0.0,0.0,3.0,4.0,0.0,2.044754026991728,1.495427178233725,2.330362410450906,2.2739131350885877,20.14445675076495,1.6787047292304125,SIM,,CQ P30,2.0,1.0,5.333333333333333,"PROPIOSOL 0,5 MG/G POMADA",5.333333333333333
SIM,LINHA,Semissólidos P01,Não,23181-0,"PROPIOSOL CREM 0,5MG/G CT BG ALU 1X30G",MPR00676,2.0,0.0,0.0,0.0,0.0,3.0,1.0,0.0,0.6815846756639093,0.9585965295615437,1.6401812052254532,1.2858816883172406,10.566244098768149,0.8805203415640124,SIM,,CQ P30,3.0,1.0,5.5,"PROPIONATO DE CLOBETASOL 0,5 MG/G CREME",5.5
SIM,PROJETO,Terceiro,Sim,23191-0,BROMIDRATO VORTIOXETIN 10MG BL 60CPRV C1,MPR01392,0.0,0.0,0.0,1.0,0.0,0.0,0.0,1.0,0.0,0.0,0.6901812052254531,0.9880314467713469,3.6782126519968,0.30651772099973335,SIM,,CQ P30,0.0,0.0,,EVORTIA 10 MG COMPRIMIDO REVESTIDO / BROMIDRATO VORTIOXETINA 10 MG COMPRIMIDO REVESTIDO,
SIM,PROJETO,Terceiro,Sim,23192-0,BROMIDRATO VORTIOXETIN 20MG BL 30CPRV C1,MPR01394,0.0,0.0,0.0,1.0,0.0,0.0,0.0,1.0,0.0,0.0,0.0,0.0,2.0,0.16666666666666666,SIM,,CQ P30,0.0,0.0,,EVORTIA 20 MG COMPRIMIDO REVESTIDO / BROMIDRATO VORTIOXETINA 20 MG COMPRIMIDO REVESTIDO,
SIM,PROJETO,Terceiro,Sim,23195-0,BROMIDRATO VORTIOXETINA 5MG BL 30CPRV C1,MPR01391,0.0,0.0,1.0,0.0,1.0,0.0,1.0,0.0,0.0,0.0,0.4436879176449342,0.45440954514164267,3.8980974627865765,0.3248414552322147,SIM,,CQ P30,0.0,0.0,,EVORTIA 5 MG COMPRIMIDO REVESTIDO / BROMIDRATO VORTIOXETINA 5 MG COMPRIMIDO REVESTIDO,
SIM,LINHA,Terceiro,Sim,23196-0,BUSCOPAN COMPOSTO SOL GOT CT FR X20ML,EPR01324,1.0,8.0,2.0,4.0,1.0,0.0,2.0,3.0,0.0,0.0,2.0705436156763595,2.9640943403140407,26.0346379559904,2.1695531629992,SIM,,CQ P30,0.0,0.0,,BUSCOPAN COMPOSTO SOLUÇÃO GOTAS,
SIM,PROJETO,Terceiro,Sim,23199-0,NEOGERMINA FLORA 1BI CT BL 6 CAP DURA,MPR01263,0.0,1.0,4.0,0.0,0.0,2.0,0.0,2.0,0.0,0.0,0.6556721449641805,0.28295772946859904,9.93862987443278,0.8282191562027316,SIM,,CQ P30,0.0,0.0,4.875,NEOGERMINA FLORA CÁPSULA DURA,4.875
SIM,PROJETO,Terceiro,Sim,23200-0,NEOGERMINA FLORA 1BI CT BL 12 CAP DURA,MPR01263,0.0,0.0,0.0,0.0,0.0,0.0,0.0,5.0,2.003858946451894,0.7891410535481063,1.3527551622418883,1.2601640545508959,10.405919216792785,0.8671599347327321,SIM,,CQ P30,0.0,1.0,4.875,NEOGERMINA FLORA CÁPSULA DURA,4.875
SIM,LINHA,Dermocosméticos P22,Sim,23210-0,KIT EPISOL COLOR + EPISOL COLOR PO TOM 2,EPR01422,0.0,0.0,0.0,0.0,0.0,0.0,0.0,0.0,0.0,0.0,0.0,0.0,0.0,0.0,SIM,,CQ P30,0.0,0.0,,KIT EPISOL COLOR + EPISOL COLOR PO TOM 2 ,
SIM,LINHA,Dermocosméticos P22,Sim,23212-0,KIT EPISOL COLOR + EPISOL COLOR PO TOM 3,EPR01423,0.0,0.0,0.0,0.0,0.0,0.0,0.0,0.0,0.0,0.0,0.0,0.0,0.0,0.0,SIM,,CQ P30,0.0,0.0,,KIT EPISOL COLOR + EPISOL COLOR PO TOM 3  ,
SIM,PROJETO,Dermocosméticos P22,Não,23214-0,EPISOL SEC ACQUA FPS 60 FG 40ML,MPR00499,1.0,0.0,2.0,1.0,0.0,0.0,4.0,0.0,2.3631693513278185,1.1541259198059572,0.9225620816557435,0.9394408240435621,13.37929817683308,1.11494151473609,SIM,,CQ P30,3.0,1.0,2.75,EPISOL SEC ACQUA FPS 60,2.75
SIM,PROJETO,Terceiro,Sim,23217-0,BROMIDRATO VORTIOXETIN 15MG BL 30CPRV C1,MPR01393,0.0,0.0,0.0,1.0,0.0,0.0,0.0,0.0,0.6815846756639093,0.26841532433609055,0.0,0.0,1.9499999999999997,0.16249999999999998,SIM,,CQ P30,0.0,0.0,,EVORTIA 15 MG COMPRIMIDO REVESTIDO / BROMIDRATO DE VOTIOXETINA 15 MG COMPRIMIDO REVESTIDO,
SIM,PROJETO,Semissólidos P01,Não,23223-0,NITRATO DE MICONAZOL 20MG/ML LOC FR 30ML,MPR01295,0.0,0.0,0.0,0.0,0.0,0.0,0.0,0.0,0.6815846756639092,0.2684153243360905,0.690181205225453,0.2978502415458937,1.9380314467713464,0.16150262056427886,SIM,,CQ P30,4.0,0.0,,NITRATO DE MICONAZOL 20MG/ML LOÇÃO,
SIM,PROJETO,Semissólidos P01,Não,23224-0,NITRATO DE MICONAZOL 20MG/G CREM BG 28G,MPR01296,0.0,0.0,0.0,0.0,0.0,0.0,0.0,0.0,2.044754026991728,2.875789588684631,3.540181205225454,1.8815821714090282,10.342306992310842,0.8618589160259035,SIM,,CQ P30,4.0,0.0,,NITRATO DE MICONAZOL 20 MG/G CREME,
SIM,PROJETO,Dermocosméticos P22,Não,23225-0,EPISOL SEC ACQUA FPS 60 CLARO FG 40ML,"MPR01307
MPR01308",0.0,1.0,0.0,1.0,1.0,0.0,1.0,0.0,1.0,0.6385325331289587,0.889237913720354,0.9185514349130688,7.4463218817623815,0.6205268234801985,SIM,,CQ P30,3.0,0.0,,EPISOL SEC ACQUA,
SIM,PROJETO,Dermocosméticos P22,Não,23226-0,EPISOL SEC ACQUA FPS 60 CLARO SCH 2ML AG,"MPR01307
MPR01308",0.0,0.0,0.0,1.0,1.0,0.0,0.0,0.0,1.0552084884687245,0.07764650136376325,0.06576921903301239,0.07520555000847814,3.2738297588739784,0.2728191465728315,SIM,,CQ P30,3.0,0.0,,EPISOL SEC ACQUA,
SIM,PROJETO,Dermocosméticos P22,Não,23227-0,EPISOL SEC ACQUA FPS 60 MEDIO FG 40ML,"MPR01307
MPR01308",0.0,1.0,0.0,2.0,1.0,1.0,1.0,0.0,0.0,0.5512418584261671,0.8629614300793338,0.8688369899408359,8.283040278446336,0.6902533565371947,SIM,,CQ P30,3.0,0.0,,EPISOL SEC ACQUA,
SIM,PROJETO,Dermocosméticos P22,Não,23228-0,EPISOL SEC ACQUA FPS 60 MEDIO SCH 2ML AG,"MPR01307
MPR01308",0.0,1.0,0.0,1.0,1.0,1.0,1.0,0.0,0.03710859384144155,0.16492027381476335,0.09415953266531504,0.12894621731132247,5.4251346176328425,0.4520945514694035,SIM,,CQ P30,3.0,0.0,,EPISOL SEC ACQUA,
SIM,PROJETO,Dermocosméticos P22,Não,23229-0,EPISOL SEC ACQUA FPS60 MEDIO ESC FG 40ML,"MPR01307
MPR01308",0.0,0.0,0.0,1.0,1.0,0.0,0.0,0.0,0.0,0.0,0.0,0.6901812052254531,2.690181205225453,0.2241817671021211,SIM,,CQ P30,3.0,0.0,,EPISOL SEC ACQUA,
SIM,PROJETO,Dermocosméticos P22,Não,23230-0,EPISOL SEC ACQUA FPS60MED ESC SCH 2ML AG,"MPR01307
MPR01308",0.0,0.0,0.0,1.0,1.0,0.0,0.0,0.0,0.0,0.0,0.0,0.0,2.0,0.16666666666666666,SIM,,CQ P30,3.0,0.0,,EPISOL SEC ACQUA,
SIM,PROJETO,Terceiro,Sim,23236-0,REVILINE RETINOL CREME SCH 2G AG,MPR01333,1.0,0.0,0.0,3.0,0.0,0.0,4.0,0.0,0.0,0.10725426654630195,0.04037588108384568,0.053627133273150975,8.201257280903299,0.6834381067419416,SIM,,CQ P30,0.0,0.0,,REVILINE RETINOL CREME,
SIM,LINHA,Sólidos P19,Não,23245-0,DORII PRO 550MG CPRV CT BL 1X10,MPR00053,0.0,1.0,1.0,0.0,0.0,6.0,0.0,0.0,0.0,0.0,0.0,0.0,8.0,0.6666666666666666,SIM,,CQ P30,3.0,0.0,11.3,NAPROXENO SÓDICO 550 MG COMPRIMIDO REVESTIDO /  NAPRONAX 550 MG COMPRIMIDO REVESTIDO / DORII PRO 550 MG COMPRIMIDO REVESTIDO,11.3
SIM,PROJETO,Terceiro,Sim,23249-0,EPISOL COLOR STICK FPS50 MEDIO 18G,MPR01114,0.0,0.0,0.0,0.0,0.0,0.0,0.0,3.0,2.044754026991728,2.185608383459178,1.2022643914996278,0.9772169129348678,9.409843714885401,0.7841536429071168,SIM,,CQ P30,0.0,2.0,2.0,EPISOL COLOR STICK FPS50 MEDIO,2.0
SIM,PROJETO,Terceiro,Sim,23250-0,EPISOL COLOR STICK FPS50 MED ESC 18G,MPR01147,0.0,1.0,0.0,0.0,0.0,0.0,0.0,0.0,0.0,0.0,0.637118348487165,0.27495077025204484,1.9120691187392098,0.15933909322826748,SIM,,CQ P30,0.0,0.0,,EPISOL COLOR STICK FPS50 MEDIO ESCURO,
SIM,PROJETO,Terceiro,Sim,23251-0,EPISOL COLOR STICK FPS50 CLARO 18G,MPR01112,0.0,0.0,0.0,0.0,0.0,3.0,1.0,0.0,1.3631693513278187,2.6073742643485405,2.159818794774547,1.2328188315789523,11.36318124202986,0.946931770169155,SIM,,CQ P30,0.0,1.0,2.25,EPISOL COLOR STICK FPS50 CLARO,2.25
SIM,PROJETO,Sólidos P19,Não,23253-0,EPOCLER 100MG+20MG DISP BL 10X10 CPRV,MPR01277,0.0,2.0,0.0,0.0,0.0,1.0,0.0,1.0,0.0,0.0,0.0,0.0,4.0,0.3333333333333333,SIM,,CQ P30,3.0,0.0,,EPOCLER COMPRIMIDO REVESTIDO,
SIM,PROJETO,Sólidos P19,Não,23254-0,EPOCLER 100MG+20MG CT BL 30 CPRV,MPR01277,1.0,1.0,0.0,1.0,0.0,0.0,2.0,0.0,0.0,0.0,0.0,0.0,5.0,0.4166666666666667,SIM,,CQ P30,3.0,0.0,,EPOCLER COMPRIMIDO REVESTIDO,
SIM,PROJETO,Terceiro,Sim,23255-0,EPISOL COLOR PO FPS50 TOM 1 10G,MPR01344,1.0,0.0,0.0,0.0,0.0,0.0,0.0,0.0,0.0,0.6901812052254531,0.9500000000000001,0.29785024154589373,2.938031446771347,0.24483595389761226,SIM,,CQ P30,0.0,0.0,,EPISOL COLOR PÓ FPS 50 TOM 1,
SIM,PROJETO,Terceiro,Sim,23257-0,EPISOL COLOR PO FPS 50 TOM 2 10G,MPR01345,4.0,0.0,0.0,0.0,0.0,6.0,0.0,0.0,4.089508053983456,5.0613979721438085,1.299093973872735,0.0,20.450000000000003,1.7041666666666668,SIM,,CQ P30,0.0,0.0,,EPISOL COLOR PÓ FPS 50 TOM 2,
SIM,PROJETO,Líquidos P24,Não,23275-0,TOSSEXPEC XP 2+100+20+30/5ML FR 120ML,MPR01340,16.0,11.0,12.0,0.0,16.0,18.0,10.0,12.0,10.726338702655637,13.496922991402517,14.339275179098188,12.452077844347947,146.0146147175043,12.167884559792023,SIM,,CQ P30,4.0,0.0,,CLORIDRATO DE OXOMEMAZINA + IODETO DE POTÁSSIO + BENZOATO DE SÓDIO + GUAIFENESINA (2+100+20+30/5ML) XAROPE / TOSSEXPEC XAROPE / BENEXPEC XAROPE ,
SIM,PROJETO,Terceiro,Sim,23279-0,DIPIRONA MONO 500MG/ML SOL GOT FR 20ML,EPR01341,6.0,2.0,7.0,11.0,12.0,2.0,4.0,10.0,3.7487157161515015,6.997733925652123,5.7468634639696585,1.583074033816425,72.07638713958971,6.00636559496581,SIM,,CQ P30,0.0,0.0,,DIPIRONA MONOIDRATADA 500 MG/ML SOLUÇÃO GOTAS,
SIM,PROJETO,Sólidos P19,Não,23280-0,"RIVAROXABANA 2,5MG CPRV BL X 30",MPR01298,0.0,0.0,0.0,0.0,1.0,0.0,0.0,0.0,1.0298826300422381,0.0420276254373802,0.14755907195927553,0.512656644634798,2.7321259720736917,0.2276771643394743,SIM,,CQ P30,4.0,0.0,,"RIVAROXABANA 2,5 MG COMPRIMIDO REVESTIDO / VABAM 2,5 MG COMPRIMIDO REVESTIDO",
SIM,PROJETO,Sólidos P19,Não,23281-0,"RIVAROXABANA 2,5MG CPRV BL X 60",MPR01298,1.0,0.0,0.0,0.0,1.0,1.0,0.0,0.0,2.234369467421274,0.3296226663053729,0.5583638617805606,1.110194255362831,7.232550250870039,0.6027125209058366,SIM,,CQ P30,4.0,0.0,,"RIVAROXABANA 2,5 MG COMPRIMIDO REVESTIDO / VABAM 2,5 MG COMPRIMIDO REVESTIDO",
SIM,PROJETO,Sólidos P19,Não,23282-0,NEOSALDINA MUSCULAR MAX BL X 16 CPRV,MPR01214,2.0,0.0,2.0,0.0,1.0,2.0,0.0,2.0,1.4687389348425481,0.6592453326107458,0.6533333333333333,0.9168137602781697,12.6981313610648,1.0581776134220666,SIM,,CQ P30,4.0,1.0,3.4,NEOSALDINA MUSCULAR MAX COMPRIMIDO REVESTIDO,3.4
SIM,PROJETO,Líquidos P01,Não,23287-0,"ATURGYL 0,5 MG/ML FR SPR PLAS OPC 15 ML",MPR01283,2.0,1.0,3.0,3.0,0.0,0.0,0.0,0.0,5.3631693513278185,1.9171930591230875,1.209818794774547,0.9880314467713469,18.478212651996802,1.5398510543330668,SIM,,CQ P30,2.0,0.0,,"ATURGYL 0,5 MG/ML SOLUÇÃO NASAL",
SIM,PROJETO,Sólidos P19,Não,23288-0,"VABAM 2,5MG CPRV BL X 05 AG",MPR01298,0.0,0.0,0.0,0.0,0.0,0.0,0.0,0.0,0.0,0.0,0.0,0.0,0.0,0.0,SIM,,CQ P30,4.0,0.0,,"RIVAROXABANA 2,5 MG COMPRIMIDO REVESTIDO / VABAM 2,5 MG COMPRIMIDO REVESTIDO",
SIM,LINHA,Sólidos P19,Não,23289-0,"VABAM 2,5MG CPRV BL X 10",MPR01298,0.0,0.0,0.0,0.0,0.0,0.0,0.0,0.0,0.0,0.0,0.0,0.0,0.0,0.0,SIM,,CQ P30,4.0,0.0,,"RIVAROXABANA 2,5 MG COMPRIMIDO REVESTIDO / VABAM 2,5 MG COMPRIMIDO REVESTIDO",
SIM,PROJETO,Sólidos P19,Não,23290-0,"VABAM 2,5MG CPRV BL X 30",MPR01298,0.0,0.0,0.0,0.0,0.0,0.0,0.0,0.0,0.0,0.0,0.0,0.0,0.0,0.0,SIM,,CQ P30,4.0,0.0,,"RIVAROXABANA 2,5 MG COMPRIMIDO REVESTIDO / VABAM 2,5 MG COMPRIMIDO REVESTIDO",
SIM,PROJETO,Cosmed P01,Não,23304-0,AMMY 4MG CPRV CT BL X 72 + 12 PLAC,"MPR00732
MPR00734",0.0,5.0,1.0,0.0,3.0,0.0,0.0,0.0,3.0,2.4847517288807865,3.419639855126443,1.0720893009633428,18.97648088497057,1.581373407080881,SIM,,CQ P30,2.0,0.0,,"AMMY 4,0 MG COMPRIMIDO REVESTIDO + PLACEBO COMPRIMIDO REVESTIDO",
SIM,PROJETO,Terceiro,Sim,23314-0,PREGABALINA 75MG CT X30 CAP DURA C1,MPR01378,0.0,0.0,0.0,0.0,0.0,3.0,17.0,0.0,5.22711310090898,0.0894395646176749,0.0,1.881066274632405,27.19761894015906,2.266468245013255,SIM,,CQ P30,0.0,0.0,,PREGABALINA 75 MG CÁPSULA DURA,
SIM,PROJETO,Terceiro,Sim,23315-0,PREGABALINA 150MG CT X30 CAP DURA C1,MPR01379,0.0,0.0,0.0,0.0,0.0,3.0,3.0,0.0,1.0,0.0,0.0,0.6634069343330864,7.663406934333087,0.6386172445277573,SIM,,CQ P30,0.0,0.0,,PREGABALINA 150 MG CÁPSULA DURA,
SIM,PROJETO,Semissólidos P01,Não,23322-0,"UNYCA 20MG/G CREM BG 6,5G + APLIC 5G",MPR00031,1.0,1.0,0.0,2.0,0.0,0.0,0.0,0.0,1.0,0.6901812052254532,0.259818794774547,0.6901812052254532,6.640181205225454,0.5533484337687878,SIM,,CQ P30,3.0,1.0,3.0,"UMMA 20,0 MG/G CREME / NITRATO DE BUTOCONAZOL 20,0 MG/G CREME / UNYCA 20,0 MG/G CREME",3.0
SIM,PROJETO,Semissólidos P01,Não,23323-0,"UNYCA 20MG/G CREM BG 6,5G + APLIC 5G AG",MPR00031,1.0,1.0,0.0,2.0,1.0,1.0,2.0,0.0,1.0,0.6901812052254531,0.9500000000000001,0.29785024154589373,10.938031446771346,0.9115026205642788,SIM,,CQ P30,3.0,1.0,3.0,"UMMA 20,0 MG/G CREME / NITRATO DE BUTOCONAZOL 20,0 MG/G CREME / UNYCA 20,0 MG/G CREME",3.0
SIM,LINHA,Sólidos P19,Não,23324-0,AAS PROTECT 100MG BL X 20 CPRV,MPR01253,0.0,0.0,0.0,0.0,0.0,0.0,0.0,0.0,0.0,0.0,0.0,0.0,0.0,0.0,SIM,,CQ P30,2.0,0.0,2.2,AAS PROTECT 100 MG COMPRIMIDO REVESTIDO DE LIBERAÇÃO RETARDADA,2.2
SIM,LINHA,Sólidos P19,Não,23335-0,AAS INFANTIL 100MG DISP BL 10X20 CPR,MPR01254,0.0,3.0,0.0,0.0,2.0,1.0,0.0,0.0,0.30397714865841485,0.42752052705136756,0.42368659615799703,0.13283700526885991,7.2880212771366395,0.6073351064280533,SIM,,CQ P30,2.0,1.0,2.0,AAS INFANTIL COMPRIMIDO 100 MG,2.0
SIM,PROJETO,Sólidos P19,Não,23344-0,DESCON DISPLAY 30X4 CPRV LIB PROL,MPR01053,0.0,0.0,1.0,0.0,0.0,0.0,0.0,0.0,0.112501844435989,0.1582252088349324,0.2564869556434175,0.3057819632267143,1.8329959721410531,0.15274966434508777,SIM,,CQ P30,4.0,1.0,4.666666666666667,MALEATO DE BRONFENIRAMINA 12 MG + CLORIDRATO DE FENILEFRINA 15 MG / CORISTINA D CONGEST / HISCONGEX / DESCON COMPRIMIDO REVESTIDO DE LIBERAÇÃO PROLONGADA,4.666666666666667
SIM,PROJETO,Dermocosméticos P22,Não,23346-0,EPISOL SEC OC FPS 60 BG 40ML,MPR01008,0.0,1.0,1.0,0.0,0.0,1.0,0.0,0.0,0.0,0.0,0.0,0.0,3.0,0.25,SIM,,CQ P30,2.0,0.0,2.0,EPISOL SEC OC FPS 60,2.0
SIM,PROJETO,Terceiro,Sim,23360-0,NEOLYTE CT 4 SACHES NATURAL,EPR01269,4.0,24.0,0.0,1.0,6.0,1.0,13.0,0.0,0.0,0.0,0.0,0.0,49.0,4.083333333333333,SIM,,CQ P30,0.0,0.0,,SA SUPLEMENTO BIOTIN CÁPSULA MOLE,
SIM,PROJETO,Terceiro,Sim,23362-0,NEOLYTE CT 4 SACHES UVA,EPR01370,5.0,2.0,18.0,0.0,7.0,2.0,15.0,0.0,0.0,0.0,0.0,0.0,49.0,4.083333333333333,SIM,,CQ P30,0.0,0.0,,NEOLYTE UVA PÓ PARA REIDRATAÇÃO,
SIM,PROJETO,Terceiro,Sim,23364-0,NEOLYTE FR 500ML LIMAO,EPR01372,0.0,3.0,0.0,0.0,0.0,2.0,0.0,1.0,0.0,0.0,0.0,0.0,6.0,0.5,SIM,,CQ P30,0.0,0.0,,NEOLYTE LIMÃO SOLUÇÃO ORAL,
SIM,PROJETO,Terceiro,Sim,23365-0,NEOLYTE FR 500ML UVA,EPR01373,0.0,4.0,0.0,0.0,2.0,1.0,0.0,1.0,0.0,0.0,0.0,0.0,8.0,0.6666666666666666,SIM,,CQ P30,0.0,0.0,,NEOLYTE UVA SOLUÇÃO ORAL,
SIM,PROJETO,Terceiro,Sim,23366-0,NEOLYTE FR 500ML LARANJA,EPR01371,0.0,4.0,0.0,0.0,2.0,1.0,0.0,0.0,0.0,0.0,0.0,0.0,7.0,0.5833333333333334,SIM,,CQ P30,0.0,0.0,,NEOLYTE LARANJA SOLUÇÃO ORAL,
SIM,PROJETO,Dermocosméticos P22,Não,23377-0,EPIDRAT CORPO INTENSIVO BG 40ML,MPR00961,0.0,0.0,0.0,0.0,0.0,0.0,1.0,0.0,0.0,0.0,0.0,0.0,1.0,0.08333333333333333,SIM,,CQ P30,1.0,0.0,7.5,EPIDRAT CORPO INTENSIVO,7.5
SIM,LINHA,Terceiro,Sim,23395-0,LINAGLIPTINA 5MG CT BL X 30 CPRV,EPR01390,1.0,0.0,0.0,0.0,2.0,0.0,0.0,0.0,1.0,0.0,0.0,0.0,4.0,0.3333333333333333,SIM,,CQ P30,0.0,0.0,,LINAGLIPTINA 5 MG COMPRIMIDO REVESTIDO,
SIM,PROJETO,Estéreis P23,Não,23397-0,DIPROSPAN AMPOLA 1X1ML HOSP E,"MPR01368
MPR01369",0.0,0.0,2.0,0.0,0.0,1.0,1.0,0.0,2.6098389203308665,0.8576916317129601,0.8500000000000001,0.2664975845410628,8.58402813658489,0.7153356780487408,SIM,,CQ P30,3.0,0.0,,DIPROSPAN SUSPENSÃO INJETÁVEL / BECLONATO SUSPENSÃO INJETÁVEL,
SIM,PROJETO,Terceiro,Sim,23421-0,ISOAC 20MG CAP MOLE CT BL 30 C2,EPR01399,0.0,0.0,2.0,0.0,1.0,1.0,0.0,0.0,0.0,0.0,0.0,0.0,4.0,0.3333333333333333,SIM,,CQ P30,0.0,0.0,,ISOAC 20 MG CÁPSULA MOLE,
SIM,PROJETO,Dermocosméticos P22,Não,23431-0,ALEKTOS DERM FR 450ML,MPR01275,3.0,2.0,4.0,3.0,4.0,2.0,3.0,14.0,6.1342620809751836,4.486281534701174,1.469637589549094,0.29785024154589373,47.38803144677134,3.9490026205642788,SIM,,CQ P30,1.0,2.0,3.4,ALEKTOS DERM EMULSÃO,3.4
SIM,PROJETO,Líquidos P24,Não,23444-0,NATURETTI GELEIA ORAL FR VD TRANS 130G,MPR01274,2.0,3.0,2.0,3.0,1.0,0.0,1.0,0.0,2.3631693513278185,1.9171930591230875,1.209818794774547,0.9880314467713469,18.478212651996802,1.5398510543330668,SIM,,CQ P30,2.0,0.0,,"NATURETTI 3,9 MG + 5,778 MG/G GELEIA ( EXTRATO SECO DE CASSIA FISTULA + EXTRATO ÁCIDO DE SENNA ALEXANDRINA MILLER)",
SIM,PROJETO,Dermocosméticos P22,Não,23448-0,EPISOL BRONZE FPS60 FG 40ML,MPR01355,0.0,1.0,1.0,0.0,2.0,0.0,0.0,0.0,0.0,0.0,0.6151696624338595,0.2654787339330371,4.8806483963668965,0.4067206996972414,SIM,,CQ P30,2.0,0.0,,EPISOL BRONZE FPS60,
SIM,PROJETO,Dermocosméticos P22,Não,23449-0,EPISOL BRONZE FPS60 SCH 2ML AG,MPR01355,0.0,0.0,1.0,0.0,2.0,0.0,0.0,0.0,0.08008655978002836,0.031538942534732044,0.08109665654894521,0.03499756087066643,3.2277197197343717,0.26897664331119764,SIM,,CQ P30,2.0,0.0,,EPISOL BRONZE FPS60,
SIM,PROJETO,Dermocosméticos P22,Não,23450-0,EPISOL GLOW FPS60 FG 40ML,MPR01353,0.0,1.0,0.0,0.0,2.0,0.0,2.0,2.0,0.0,0.6901812052254531,0.25981879477454695,0.6901812052254531,8.640181205225453,0.7200151004354544,SIM,,CQ P30,2.0,0.0,,EPISOL GLOW FPS60,
SIM,PROJETO,Dermocosméticos P22,Não,23451-0,EPISOL GLOW FPS60 SCH 2ML AG,MPR01353,0.0,0.0,0.0,0.0,1.0,0.0,1.0,1.0,0.0,0.0,0.0,0.0,3.0,0.25,SIM,,CQ P30,2.0,0.0,,EPISOL GLOW FPS60,
SIM,LINHA,Dermocosméticos P22,Sim,23463-0,KIT EPISOL SEC ACQUA+GLYCARE CNTRL GEL,EPR01436,0.0,0.0,0.0,0.0,0.0,0.0,0.0,0.0,0.0,0.0,0.0,0.0,0.0,0.0,SIM,,CQ P30,0.0,0.0,,KIT EPISOL SEC ACQUA + GLYCARE CONTROL GEL ,
SIM,LINHA,Dermocosméticos P22,Sim,23464-0,KIT GLYCARE CONTROL GEL DE LIMP 300G+60G,EPR01435,0.0,0.0,0.0,0.0,0.0,0.0,0.0,0.0,0.0,0.0,0.0,0.0,0.0,0.0,SIM,,CQ P30,0.0,0.0,, KIT GLYCARE CONTROL GEL DE LIMP 300G+60G ,
SIM,LINHA,Dermocosméticos P22,Sim,23465-0,KIT EPIDRAT CALM 40ML + GEL DE LIMP 150G,EPR01433,0.0,0.0,0.0,0.0,0.0,0.0,0.0,0.0,0.0,0.0,0.0,0.0,0.0,0.0,SIM,,CQ P30,0.0,0.0,,KIT EPIDRAT CALM 40ML + GEL DE LIMP 150G,
SIM,PROJETO,Sólidos P19,Não,23477-0,NEOSALDINA MUSCULAR MAX BL X 8 CPRV,MPR01214,0.0,1.0,0.0,0.0,2.0,1.0,0.0,0.0,1.5672131617897054,1.0505034423211332,1.7353255507318337,0.9629391973950578,9.31598135223773,0.7763317793531441,SIM,,CQ P30,4.0,1.0,3.4,NEOSALDINA MUSCULAR MAX COMPRIMIDO REVESTIDO,3.4
SIM,PROJETO,Terceiro,Sim,23479-0,BROMIDRATO VORTIOXETIN 20MG BL 60CPRV C1,MPR01394,0.0,0.0,0.0,0.0,0.0,0.0,0.0,0.0,0.0,0.0,0.0,0.0,0.0,0.0,SIM,,CQ P30,0.0,0.0,,EVORTIA 20 MG COMPRIMIDO REVESTIDO / BROMIDRATO VORTIOXETINA 20 MG COMPRIMIDO REVESTIDO,
SIM,LINHA,Estéreis P23 CO,Não,23488-0,COLIRIO LAVOLHO D SOL OFT FR 20 ML,MPR00277,0.0,0.0,1.0,1.0,9.0,3.0,10.0,1.0,0.0,1.3077117572692796,2.45385587863464,0.8465217391304349,29.608089375034357,2.467340781252863,SIM,,CQ P30,2.0,0.0,3.8095238095238093,COLÍRIO NEO BRASIL SOLUÇÃO GOTAS,3.8095238095238093
SIM,LINHA,Sólidos P19,Não,23591-0,DORALGINA MAX DISP BL 25X4 CPRV,MPR01373,0.0,0.0,0.0,0.0,0.0,0.0,0.0,0.0,0.0,0.0,0.0,0.0,0.0,0.0,SIM,,CQ P30,4.0,0.0,,NEOSALDINA MAX COMPRIMIDO REVESTIDO,
SIM,LINHA,Sólidos P01,Não,303-0,BENEGRIP 500MG COMP REV BL 12X25X6,"MPR00047
MPR00066",5.0,1.0,0.0,0.0,3.0,4.0,6.0,6.0,0.0,0.0,1.3803624104509062,1.2858816883172406,27.666244098768146,2.305520341564012,SIM,,CQ P30,4.0,0.0,,BENEGRIP COMPRIMIDO REVESTIDO VERDE / APRACUR DUO COMPRIMIDO REVESTIDO VERDE,
SIM,LINHA,Sólidos P01,Não,310-0,ENGOV COMP ENV 12X25X6,MPR00575,6.0,4.0,15.0,10.0,7.0,4.0,15.0,5.0,7.134262080975185,9.317549971279346,6.049093973872735,3.559794823405828,92.06070084953309,7.671725070794424,SIM,,CQ P30,3.0,3.0,3.0454545454545454,ENGOV COMPRIMIDO,3.0454545454545454
SIM,LINHA,Sólidos P01,Não,323-0,LACTO PURGA COMP REV BL 12X25X6,MPR00230,0.0,2.0,1.0,3.0,0.0,2.0,0.0,1.0,2.6815846756639092,1.6487777347869967,1.9000000000000001,1.2858816883172406,16.516244098768148,1.3763536748973457,SIM,,CQ P30,3.0,2.0,2.4285714285714284,"LACTO PURGA 5,0 MG COMPRIMIDO REVESTIDO",2.4285714285714284
SIM,LINHA,Líquidos P24,Não,327-0,EPOCLER LIQ FLAC 24X12X10ML,MPR00380,1.0,3.0,4.0,2.0,2.0,0.0,0.0,0.0,2.7263387026556374,2.4540237077952685,1.9000000000000001,1.2858816883172406,20.366244098768142,1.6971870082306786,SIM,,CQ P30,2.0,1.0,5.538461538461538,EPOCLER SOLUÇÃO,5.538461538461538
SIM,LINHA,Líquidos P24,Não,328-0,EPOCLER LIQ FLAC 12X60X10ML,MPR00380,6.0,5.0,9.0,0.0,4.0,3.0,11.0,0.0,8.815846756639093,13.036871321742701,10.799093973872736,7.80977085203711,78.46158290429163,6.538465242024302,SIM,,CQ P30,2.0,2.0,5.538461538461538,EPOCLER SOLUÇÃO,5.538461538461538
SIM,LINHA,Sólidos P01,Não,415-2,MELHORAL ADULTO COMP REV BL 6X25X8,MPR00225,0.0,0.0,1.0,0.0,0.0,0.0,1.0,0.0,0.0,0.6901812052254531,0.25981879477454695,0.0,2.95,0.24583333333333335,SIM,,CQ P30,3.0,0.0,2.0,MELHORAL ADULTO COMPRIMIDO REVESTIDO,2.0
SIM,LINHA,Sólidos P01,Não,8177-0,LISADOR 500MG DISP 12X25X8 COMP,MPR00785,0.0,1.0,0.0,0.0,0.0,1.0,0.0,0.0,1.6815846756639092,0.26841532433609055,1.3803624104509062,2.666244098768147,7.996606509219053,0.6663838757682544,SIM,,CQ P30,3.0,1.0,5.285714285714286,LISADOR COMPRIMIDO,5.285714285714286
SIM,LINHA,Sólidos P01,Não,8178-0,LISADOR 500MG CT 48X2X8 COMP,MPR00785,3.0,0.0,0.0,0.0,0.0,6.0,0.0,0.0,3.6815846756639092,1.6487777347869967,1.9000000000000001,1.9760628935426938,18.206425303993598,1.5172021086661331,SIM,,CQ P30,3.0,1.0,5.285714285714286,LISADOR COMPRIMIDO,5.285714285714286
,,Terceiro,Não,23410-0,ACETILCISTEINA 600MG CT SCH 16X5G,Método não encontrado,0.0,0.0,0.0,0.0,0.0,0.0,0.0,0.0,0.0,0.0,0.0,0.0,0.0,0.0,NÃO,,N/A,0x2a,0.0,,Método não encontrado,
SIM,,Terceiro,Não,23561-0,ADACNE GEL CT BG 15G C2 AG,MPR01402,0.0,0.0,0.0,0.0,0.0,1.0,0.0,0.0,1.0,0.0,0.0,0.0,2.0,0.16666666666666666,SIM,,CQ P30,3.0,0.0,,"ADACNE 1,0 MG/G GEL",
SIM,,Terceiro,Não,23560-0,ADACNE GEL CT BG 30G C2,MPR01402,0.0,0.0,0.0,0.0,3.0,1.0,3.0,0.0,1.0,0.0,0.0,0.0,8.0,0.6666666666666666,SIM,,CQ P30,3.0,0.0,,"ADACNE 1,0 MG/G GEL",
SIM,,Semissólidos P01,Não,23386-0,"ADACNE PEROX 1+25MG/G GEL BG 7,5G AG",MPR01352,0.0,0.0,0.0,0.0,0.0,0.0,0.0,3.0,0.0,0.6901812052254531,0.25981879477454695,0.6901812052254531,4.640181205225454,0.38668176710212115,SIM,,CQ P30,3.0,0.0,,"ADAPALENO 1,0 MG/G + PERÓXIDO DE BENZOÍLA 25,0 MG/G GEL / ADACNE PEROX 1+25MG/G GEL",
SIM,,Semissólidos P01,Não,23384-0,ADACNE PEROX GEL 1+25MG/G GEL BG 30G,MPR01352,0.0,0.0,0.0,0.0,0.0,0.0,0.0,2.0,1.6815846756639092,0.26841532433609055,0.0,0.0,3.9499999999999997,0.32916666666666666,SIM,,CQ P30,3.0,0.0,,"ADAPALENO 1,0 MG/G + PERÓXIDO DE BENZOÍLA 25,0 MG/G GEL / ADACNE PEROX 1+25MG/G GEL",
SIM,,Semissólidos P01,Não,23396-0,ADAPALENO + PER BENZ 1+25MG/G GEL BG 30G,MPR01352,0.0,0.0,0.0,0.0,1.0,2.0,0.0,2.0,1.0,0.6901812052254531,0.9500000000000001,0.9880314467713469,8.628212651996801,0.7190177209997334,SIM,,CQ P30,3.0,0.0,,"ADAPALENO 1,0 MG/G + PERÓXIDO DE BENZOÍLA 25,0 MG/G GEL / ADACNE PEROX 1+25MG/G GEL",
SIM,,Sólidos P19,Sim,20428-1,ADDERA D3 2.000UI CT BL 4 CAP MOLE AG,MPR00033,0.0,0.0,0.0,0.0,0.0,0.0,0.0,0.0,0.0,0.0,0.0,0.0,0.0,0.0,SIM,,CQ P30,0.0,0.0,2.3333333333333335,ADDERA 2000UI  CAPSULA MOLE,2.3333333333333335
SIM,,Sólidos P19,Não,20433-0,ADDERA D3 2000UI CT BL 30 CPRV,Método não encontrado,0.0,0.0,0.0,0.0,0.0,0.0,0.0,0.0,0.0,0.0,0.0,0.0,0.0,0.0,NÃO,,CQ P30,0x2a,0.0,,Método não encontrado,
SIM,,Sólidos P01,Não,17256-0,ADDERA D3 5.000UI COMP REV CT BL 24X30UN,MPR00542,0.0,0.0,0.0,0.0,0.0,0.0,0.0,0.0,0.0,0.0,0.0,0.0,0.0,0.0,SIM,,CQ P30,2.0,0.0,,ADDERA D3 5.000 UI COMPRIMIDO REVESTIDO - SUSPENSO,
SIM,,Sólidos P19,Não,19809-1,ADDERA D3 5.000UI CT BL 5 CAP MOLE AG,MPR00228,0.0,0.0,1.0,0.0,1.0,0.0,1.0,0.0,0.0,0.0,0.0,0.0,3.0,0.25,SIM,,CQ P30,2.0,0.0,2.2,ADDERA D3 5.000 UI CÁPSULA MOLE / VITAMINA D3 5.000 UI CÁPSULA MOLE,2.2
SIM,,Sólidos P19,Não,20527-0,ADDERA D3 50.000UI CAP GEL CT BL 06UN,MPR00307,0.0,0.0,0.0,0.0,0.0,0.0,0.0,0.0,0.0,0.0,0.0,0.0,0.0,0.0,SIM,,CQ P30,2.0,0.0,3.0,ADDERA D3 50.000 U.I. CÁPSULA MOLE / NEO QUÍMICA VIT D 50.000 U.I. CÁPSULA MOLE,3.0
SIM,,Terceiro,Sim,19944-0,AIPRI 15MG C1 CT BL 30 COMP,EPR01116,0.0,0.0,0.0,0.0,0.0,0.0,0.0,0.0,0.0,0.0,0.0,0.0,0.0,0.0,SIM,,CQ P30,0.0,0.0,,AIPRI E ARIPIPRAZOL 15 MG COMPRIMIDO CLONE(MATRIZ ARIPIPRAZOL 15 MG COMPRIMIDO ZYDUS) ,
SIM,LINHA,Sólidos P01,Não,21655-2,ALBOCRESIL SOL 360MG/G CT FR 12ML,EPR00566,0.0,0.0,0.0,0.0,0.0,0.0,0.0,0.0,0.0,3.9298573963015127,5.409252669039146,5.146850461975771,14.48596052731643,1.207163377276369,SIM,,CQ P30,0.0,0.0,,Método não encontrado,
SIM,,Sólidos P19,Não,21707-1,ALEKTOS 20MG CT BL 2 CPR AG,MPR01000,0.0,0.0,0.0,0.0,0.0,0.0,0.0,0.0,0.08869688579306338,0.12474536171360887,0.12362666666666665,0.06526320304716303,0.40233211722050194,0.03352767643504183,SIM,,CQ P30,4.0,1.0,2.75,BILASTINA 20 MG COMPRIMIDO,2.75
SIM,,Sólidos P19,Não,17944-0,ALENDRONATO SODIO TRI 70MG CP CT BL 1X4,MPR00162,0.0,0.0,0.0,0.0,0.0,0.0,0.0,0.0,0.0,0.0,0.0,0.0,0.0,0.0,SIM,,CQ P30,3.0,0.0,,ALENDRONATO DE SÓDIO TRI-HIDRATADO 70 MG COMPRIMIDO - SUSPENSO,
SIM,LINHA,Líquidos P24,Não,23206-0,ALIVIUDIP INF 50 MG/ML GT FR VD AB 100ML,Método não encontrado,0.0,0.0,0.0,0.0,0.0,0.0,0.0,0.0,0.0,0.0,0.0,2.070543615676359,2.070543615676359,0.17254530130636325,NÃO,,CQ P30,0x2a,0.0,,Método não encontrado,
SIM,,Sólidos P19,Não,15907-0,ALIVIUM COMP REV 400 MG CT 1BL X 10,MPR00127,0.0,0.0,0.0,0.0,0.0,0.0,0.0,0.0,0.0,0.0,0.0,0.0,0.0,0.0,SIM,,CQ P30,3.0,0.0,,ALIVIUM 400 MG COMPRIMIDO REVESTIDO - SUSPENSO,
SIM,,Sólidos P19,Não,15908-0,ALIVIUM COMP REV 600MG CT BL 2X5,MPR00969,0.0,0.0,0.0,0.0,0.0,0.0,0.0,0.0,0.0,0.0,0.0,0.0,0.0,0.0,SIM,,CQ P30,3.0,0.0,,ALIVIUM 600 MG COMPRIMIDO REVESTIDO,
SIM,,Líquidos P24,Não,15911-0,ALIVIUM SUSP 30MG/ML 100ML OR,MPR00181,0.0,0.0,0.0,0.0,0.0,0.0,0.0,0.0,0.0,0.0,0.0,0.0,0.0,0.0,SIM,,CQ P30,3.0,0.0,,ALIVIUM 30 MG/ML SUSPENSÃO,
SIM,LINHA,Penicilínicos,Não,18557-1,AMOXICILINA 250MG/5ML PO EXT VD 1X150ML,MPR00176,0.0,0.0,0.0,0.0,0.0,0.0,0.0,0.0,10.223770134958642,28.18257204793222,33.25,24.228382558615344,95.8847247415062,7.990393728458851,SIM,,CQ P30,3.0,3.0,3.8333333333333335,Método não encontrado,3.8333333333333335
SIM,,Penicilínicos,Não,12393-0,AMOXICILINA 500MG CAP CT BL 3X5,MPR00104,0.0,1.0,2.0,0.0,0.0,0.0,0.0,0.0,0.0,0.0,0.0,0.0,3.0,0.25,SIM,,CQ P30,2.0,0.0,9.933333333333334,AMOXICILINA 500 MG CÁPSULA DURA,9.933333333333334
,,Terceiro,Não,19709-0,APRACUR PASTILHA MEL E LIMAO 20X5,Método não encontrado,0.0,0.0,0.0,0.0,0.0,0.0,0.0,0.0,0.0,0.0,0.0,0.0,0.0,0.0,NÃO,,N/A,0x2a,0.0,,Método não encontrado,
,,Terceiro,Não,19708-0,APRACUR PASTILHA MEL E LIMAO 3X5,Método não encontrado,0.0,0.0,0.0,0.0,0.0,0.0,0.0,0.0,0.0,0.0,0.0,0.0,0.0,0.0,NÃO,,N/A,0x2a,0.0,,Método não encontrado,
,,Terceiro,Não,19706-0,APRACUR PASTILHA MENTA 3X5,Método não encontrado,0.0,0.0,0.0,0.0,0.0,0.0,0.0,0.0,0.0,0.0,0.0,0.0,0.0,0.0,NÃO,,N/A,0x2a,0.0,,Método não encontrado,
SIM,,Terceiro,Sim,19938-0,ARIPIPRAZOL 10MG C1 CT BL 30 COMP,EPR01115,0.0,0.0,0.0,0.0,0.0,0.0,0.0,0.0,0.0,0.0,0.0,0.0,0.0,0.0,SIM,,CQ P30,0.0,0.0,,AIPRI E ARIPIPRAZOL 10 MG COMPRIMIDO CLONE (MATRIZ ARIPIPRAZOL 10 MG COMPRIMIDO ZYDUS) ,
SIM,,Sólidos P19,Não,22068-0,ATROFEM 400MG CT BL 10 CAP MOLE,Método não encontrado,0.0,0.0,0.0,0.0,0.0,0.0,0.0,0.0,0.0,0.0,0.0,0.0,0.0,0.0,NÃO,,CQ P30,0x2a,0.0,,Método não encontrado,
SIM,,Sólidos P19,Não,22069-0,ATROFEM 400MG DIS BL 48 CAPMOLE 24X2,Método não encontrado,0.0,0.0,0.0,0.0,0.0,0.0,0.0,0.0,0.0,0.0,0.0,0.0,0.0,0.0,NÃO,,CQ P30,0x2a,0.0,,Método não encontrado,
SIM,,Líquidos P01,Não,23530-0,ATROVERAN DIP 500MG/ML GTS FR PET 20ML,Método não encontrado,0.0,0.0,0.0,0.0,0.0,0.0,0.0,0.0,0.0,0.0,0.0,0.0,0.0,0.0,NÃO,,CQ P30,0x2a,0.0,,Método não encontrado,
SIM,,Cosmed P01,Não,23374-0,AURA 500MG CT BL 10 CPR,MPR00712,0.0,0.0,0.0,0.0,1.0,0.0,0.0,0.0,0.0,0.0,0.0,0.6901812052254531,1.690181205225453,0.14084843376878775,SIM,,CQ P30,3.0,0.0,3.0,AXETILCEFUROXIMA 500 MG COMPRIMIDO / AURA  500 MG COMPRIMIDO,3.0
SIM,,Terceiro,Não,23376-0,AURA 500MG CT BL 10 CPR AG,MPR00712,0.0,0.0,0.0,0.0,10.0,0.0,0.0,0.0,0.0,0.0,0.0,0.0,10.0,0.8333333333333334,SIM,,CQ P30,3.0,0.0,3.0,AXETILCEFUROXIMA 500 MG COMPRIMIDO / AURA  500 MG COMPRIMIDO,3.0
SIM,,Cosmed P01,Não,23373-0,AURA 500MG CT BL 14 CPR,MPR00712,0.0,0.0,0.0,0.0,2.0,0.0,0.0,0.0,0.0,0.0,0.0,1.3803624104509062,3.380362410450906,0.2816968675375755,SIM,,CQ P30,3.0,0.0,3.0,AXETILCEFUROXIMA 500 MG COMPRIMIDO / AURA  500 MG COMPRIMIDO,3.0
SIM,,Cosmed P01,Não,23375-0,AURA 500MG CT BL 20 CPR,MPR00712,0.0,0.0,0.0,0.0,1.0,0.0,0.0,0.0,0.0,0.0,0.0,0.6901812052254531,1.690181205225453,0.14084843376878775,SIM,,CQ P30,3.0,0.0,3.0,AXETILCEFUROXIMA 500 MG COMPRIMIDO / AURA  500 MG COMPRIMIDO,3.0
SIM,LINHA,Sólidos P01,Não,20574-1,AXETILCEFUROXIMA 500MG CT BL X 14CPR,MPR00712,0.0,0.0,0.0,0.0,0.0,0.0,0.0,0.0,1.311640612961475,0.5165380811966004,0.0,0.0,1.8281786941580753,0.15234822451317295,SIM,,CQ P30,3.0,1.0,3.0,Método não encontrado,3.0
SIM,,Sólidos P19,Não,23774-0,AZILFOR 20MG CT BL 30 CPRV,Método não encontrado,0.0,0.0,0.0,0.0,0.0,0.0,0.0,0.0,0.0,0.0,0.0,0.0,0.0,0.0,NÃO,,CQ P30,0x2a,0.0,,Método não encontrado,
SIM,,Sólidos P19,Não,23777-0,AZILFOR 40MG CT BL 30 CPRV,Método não encontrado,0.0,0.0,0.0,0.0,0.0,0.0,0.0,0.0,0.0,0.0,0.0,0.0,0.0,0.0,NÃO,,CQ P30,0x2a,0.0,,Método não encontrado,
SIM,,Sólidos P19,Não,23801-0,AZILFOR 80MG CT BL 30 CPRV,Método não encontrado,0.0,0.0,0.0,0.0,0.0,0.0,0.0,0.0,0.0,0.0,0.0,0.0,0.0,0.0,NÃO,,CQ P30,0x2a,0.0,,Método não encontrado,
,,Simple Organic,Não,23682-0,BALM ANTIOLHEIRAS STICK 12G SF,Método não encontrado,0.0,0.0,0.0,0.0,0.0,0.0,0.0,0.0,0.0,0.0,0.0,0.0,0.0,0.0,NÃO,,N/A,0x2a,0.0,,Método não encontrado,
,,Terceiro,Sim,22257-0,BALM CB2 CT TUBO PL 12G,EPR00877,0.0,0.0,0.0,0.0,0.0,0.0,0.0,0.0,0.0,0.0,0.0,0.0,0.0,0.0,SIM,,N/A,0.0,0.0,,SUSPENSO - BALM CB2 BASTÃO,
,,Simple Organic,Não,22455-0,BALM CB2 CT TUBO PL 12G E-C,Método não encontrado,0.0,0.0,0.0,0.0,0.0,0.0,0.0,0.0,0.0,0.0,0.0,0.0,0.0,0.0,NÃO,,N/A,0x2a,0.0,,Método não encontrado,
,,Simple Organic,Não,22664-0,BATOM SAFE RED 4G E-C,Método não encontrado,0.0,0.0,0.0,0.0,0.0,0.0,0.0,0.0,0.0,0.0,0.0,0.0,0.0,0.0,NÃO,,N/A,0x2a,0.0,,Método não encontrado,
SIM,LINHA,Efervescentes P35,Não,23618-0,BENEGRIP MULTI CHA CIDR L/LIM DISP 30ENV,MPR01422,0.0,0.0,0.0,0.0,0.0,0.0,0.0,0.0,0.0,0.7119764011799412,0.9800000000000002,1.0192324398272843,2.7112088410072257,0.22593407008393548,SIM,,CQ P30,3.0,0.0,,Método não encontrado,
SIM,LINHA,Efervescentes P35,Não,23617-0,BENEGRIP MULTI CHA MACA GENG DISP 30 ENV,MPR01424,0.0,0.0,0.0,0.0,0.0,0.0,0.0,0.0,1.0,0.7119764011799412,0.9800000000000002,1.0192324398272843,3.7112088410072257,0.3092674034172688,SIM,,CQ P30,3.0,0.0,,Método não encontrado,
SIM,,Efervescentes P35,Não,23616-0,BENEGRIP MULTI CHA MEL E LIM DISP 30 ENV,MPR01425,0.0,0.0,0.0,0.0,0.0,0.0,3.0,4.0,0.0,0.7119764011799412,0.9800000000000002,1.0192324398272843,9.711208841007226,0.8092674034172688,SIM,,CQ P30,3.0,0.0,,BENEGRIP MULTI CHÁ MEL E LIMÃO GRANULADO PARA SOLUÇÃO,
SIM,,Líquidos P24,Não,23276-0,BENEXPEC XP 2+100+20+30MG/5ML 120ML,MPR01340,0.0,0.0,4.0,0.0,2.0,1.0,1.0,2.0,0.6815846756639093,1.6487352829967874,3.2802615258891388,1.1913643257306845,16.80194581028052,1.4001621508567101,SIM,,CQ P30,4.0,0.0,,CLORIDRATO DE OXOMEMAZINA + IODETO DE POTÁSSIO + BENZOATO DE SÓDIO + GUAIFENESINA (2+100+20+30/5ML) XAROPE / TOSSEXPEC XAROPE / BENEXPEC XAROPE ,
,,Terceiro,Não,19951-0,BENFOR CT BL 30 CPRV,Método não encontrado,0.0,0.0,0.0,0.0,0.0,0.0,0.0,0.0,0.0,0.0,0.0,0.0,0.0,0.0,NÃO,,N/A,0x2a,0.0,,Método não encontrado,
SIM,LINHA,Sólidos P01,Não,23271-0,BENZOATO ALOGLIPTINA CPRV 25MG X 30,Método não encontrado,0.0,0.0,0.0,0.0,0.0,0.0,0.0,0.0,0.0,8.282174462705436,5.188369152970923,0.893550724637681,14.36409434031404,1.1970078616928366,NÃO,,CQ P30,0x2a,0.0,,Método não encontrado,
,,Terceiro,Sim,23696-0,BIFILAC COLIBABY SOL GOT FR 3ML AG TRIB,MPR01443,0.0,0.0,0.0,0.0,0.0,0.0,0.0,0.0,0.0,0.0,0.0,0.0,0.0,0.0,SIM,,CQ P37,0.0,0.0,,SOLUCAO VITAMINA C LÍQUIDO VISCOSO,
,,Terceiro,Sim,23695-0,BIFILAC COLIBABY SUS CT FR 8ML,MPR01443,0.0,0.0,0.0,0.0,0.0,0.0,0.0,0.0,0.0,0.0,0.0,0.0,0.0,0.0,SIM,,CQ P37,0.0,0.0,,SOLUCAO VITAMINA C LÍQUIDO VISCOSO,
,,Bioage,Não,22635-0,BIO-INK LIP BALM FINALIZADOR 10G E-C,Método não encontrado,0.0,0.0,0.0,0.0,0.0,0.0,0.0,0.0,0.0,0.0,0.0,0.0,0.0,0.0,NÃO,,N/A,0x2a,0.0,,Método não encontrado,
,,Bioage,Não,22597-0,BIO-OIL CONTROLMASK ESFOL CARVAO 45G E-C,Método não encontrado,0.0,0.0,0.0,0.0,0.0,0.0,0.0,0.0,0.0,0.0,0.0,0.0,0.0,0.0,NÃO,,N/A,0x2a,0.0,,Método não encontrado,
,,Bioage,Não,22596-0,BIO-SUNPR ANTIENV FP60 BG CLARO 45G E-C,Método não encontrado,0.0,0.0,0.0,0.0,0.0,0.0,0.0,0.0,0.0,0.0,0.0,0.0,0.0,0.0,NÃO,,N/A,0x2a,0.0,,Método não encontrado,
,,Bioage,Não,22632-0,BIO-SUNPR PO C FP60 BEGE 10G E-C,Método não encontrado,0.0,0.0,0.0,0.0,0.0,0.0,0.0,0.0,0.0,0.0,0.0,0.0,0.0,0.0,NÃO,,N/A,0x2a,0.0,,Método não encontrado,
,,Bioage,Não,22585-0,BIO-SUNPR STCK FP60 EXT CL DOURA 17G E-C,Método não encontrado,0.0,0.0,0.0,0.0,0.0,0.0,0.0,0.0,0.0,0.0,0.0,0.0,0.0,0.0,NÃO,,N/A,0x2a,0.0,,Método não encontrado,
,,Bioage,Não,22584-0,BIO-SUNPR STICK VIT D FP60 CLARO 17G E-C,Método não encontrado,0.0,0.0,0.0,0.0,0.0,0.0,0.0,0.0,0.0,0.0,0.0,0.0,0.0,0.0,NÃO,,N/A,0x2a,0.0,,Método não encontrado,
SIM,,Dermocosméticos P22,Não,20633-0,BLANCY CIS SCH 2G AG,MPR00684,0.0,0.0,0.0,0.0,0.0,0.0,0.0,0.0,0.0,0.0,0.0,0.0,0.0,0.0,SIM,,CQ P30,1.0,0.0,,BLANCY CIS GEL CREME,
SIM,,Dermocosméticos P22,Não,20636-1,BLANCY OLHOS CLAREADOR NF 2ML SCH AG,MPR00371,0.0,0.0,0.0,0.0,0.0,0.0,0.0,0.0,0.0,0.0,0.0,0.0,0.0,0.0,SIM,,CQ P30,1.0,0.0,,BLANCY OLHOS CLAREADOR,
,,Terceiro,Sim,22339-0,BLANCY TX CLAREADOR FR 30G,MPR00941,0.0,0.0,0.0,0.0,0.0,0.0,0.0,0.0,0.0,0.0,0.0,0.0,0.0,0.0,SIM,,N/A,0.0,0.0,2.0,BLANCY TX CLAREADOR,2.0
,,Terceiro,Não,20924-1,BLANCY TX CLEANSER FR 120ML,MPR01052,0.0,0.0,0.0,0.0,0.0,0.0,0.0,0.0,0.0,0.0,0.0,0.0,0.0,0.0,SIM,,N/A,1.0,0.0,,BLANCY TX CLEANSER,
SIM,,Terceiro,Não,20925-1,BLANCY TX CLEANSER SCH 2ML AG,MPR01052,0.0,0.0,0.0,0.0,0.0,0.0,0.0,0.0,0.0,0.0,1.0352718078381797,0.44677536231884063,1.4820471701570204,0.12350393084641836,SIM,,CQ P30,1.0,0.0,,BLANCY TX CLEANSER,
SIM,,Terceiro,Sim,22256-0,BLENDING FACIAL CT BG AL 80ML,MPR00829,0.0,0.0,0.0,0.0,0.0,0.0,0.0,0.0,0.0,0.0,0.0,0.0,0.0,0.0,SIM,,CQ P30,0.0,0.0,,BLENDING FACIAL CREME,
SIM,,Sólidos P01,Sim,21753-0,BLUGRIP PELARGONIUM SOL GTS FR 20ML,MPR01458,0.0,0.0,0.0,0.0,3.0,0.0,0.0,0.0,0.0,0.0,0.0,0.0,3.0,0.25,SIM,,CQ P30,0.0,0.0,,BLUGRIP PELARGONIUM 825 MG/ML SOLUÇÃO GOTAS CLONE (MATRIZ IMUNOTRATO PELARGÔNIO 825 MG/ML SOLUÇÃO GOTAS KLEY HERTZ),
SIM,,Sólidos P01,Sim,21752-0,BLUGRIP PELARGONIUM SOL GTS FR 50ML,MPR01458,0.0,0.0,0.0,3.0,0.0,0.0,0.0,0.0,0.0,0.0,0.0,0.0,3.0,0.25,SIM,,CQ P30,0.0,0.0,,BLUGRIP PELARGONIUM 825 MG/ML SOLUÇÃO GOTAS CLONE (MATRIZ IMUNOTRATO PELARGÔNIO 825 MG/ML SOLUÇÃO GOTAS KLEY HERTZ),
SIM,,Terceiro,Não,23633-0,BUTIL DAPAGLIFLOZINA 10MG CT BL 30 CPRV,MPR01408,0.0,0.0,0.0,0.0,0.0,0.0,0.0,0.0,0.0,0.0,0.0,15.874167720185422,15.874167720185422,1.3228473100154519,SIM,,CQ P30,3.0,0.0,,DAPAGLIFLOZINA 10 MG COMPRIMIDO REVESTIDO,
SIM,,Sólidos P01,Não,11320-0,CAFILISADOR CT 4X25X4 COMP,MPR00461,0.0,0.0,0.0,0.0,0.0,0.0,0.0,0.0,0.0,0.0,0.0,0.0,0.0,0.0,SIM,,CQ P30,3.0,0.0,4.166666666666667,CAFILISADOR COMPRIMIDO / DORONA CAFI COMPRIMIDO / DIPIRONA 500 MG + CAFEÍNA 65 MG COMPRIMIDO,4.166666666666667
,,Terceiro,Não,23547-0,CANABIDIOL ISO 100MG/ML SOL CGT 30ML B1,Método não encontrado,0.0,0.0,0.0,0.0,0.0,0.0,0.0,0.0,0.0,0.0,0.0,0.0,0.0,0.0,NÃO,,N/A,0x2a,0.0,,Método não encontrado,
,,Terceiro,Não,23546-0,"CANABIDIOL ISO 33,33MG/ML SOL CGT30ML B1",Método não encontrado,0.0,0.0,0.0,0.0,0.0,0.0,0.0,0.0,0.0,0.0,0.0,0.0,0.0,0.0,NÃO,,N/A,0x2a,0.0,,Método não encontrado,
,,Terceiro,Não,22924-0,CARFILZOMIBE 60MG PO LIOF CT 1FA VD TR E,Método não encontrado,0.0,0.0,0.0,0.0,0.0,0.0,0.0,0.0,0.0,0.0,0.0,0.0,0.0,0.0,NÃO,,N/A,0x2a,0.0,,Método não encontrado,
,,Terceiro,Sim,23811-0,CARTELA EPISOL COLOR PO FPS50 4 CORES AG,EPR01512,0.0,0.0,0.0,0.0,0.0,0.0,0.0,0.0,0.0,0.0,0.0,0.0,0.0,0.0,SIM,,N/A,0.0,0.0,,CARTELA EPISOL COLOR PO FPS50 4 CORES,
SIM,LINHA,Sólidos P19,Não,15923-1,CELESTONE 2MG CT BL 10 CPR,MPR00970,0.0,0.0,0.0,0.0,0.0,0.0,0.0,0.0,0.0,0.0,2.135929203539823,0.921768115942029,3.057697319481852,0.254808109956821,SIM,,CQ P30,3.0,0.0,2.0,Método não encontrado,2.0
SIM,,Estéreis P23,Não,17886-0,CELESTONE INJ 1X1ML,MPR00242,0.0,0.0,0.0,0.0,0.0,0.0,0.0,0.0,0.0,0.0,0.0,0.0,0.0,0.0,SIM,,CQ P30,2.0,0.0,,CELESTONE INJETÁVEL,
SIM,,Terceiro,Sim,22419-0,CEPACOL EXPERT MENTA PROT S ALC LP500ML,EPR01073,0.0,0.0,0.0,1.0,0.0,0.0,2.0,0.0,0.0,0.0,0.6901812052254531,0.29785024154589373,3.988031446771347,0.3323359538976122,SIM,,CQ P30,0.0,0.0,,CEPACOL EXPERT MENTA PROTECT SEM ÁLCOOL,
SIM,,Terceiro,Sim,22421-0,CEPACOL EXPERT MENTA PROT S ALCOOL 250ML,EPR01073,0.0,0.0,0.0,1.0,0.0,0.0,0.0,0.0,0.0,0.0,0.0,0.0,1.0,0.08333333333333333,SIM,,CQ P30,0.0,0.0,,CEPACOL EXPERT MENTA PROTECT SEM ÁLCOOL,
,,Terceiro,Sim,21294-1,CEPACOL FLUOR FR 250ML F2,EPR01037,0.0,0.0,0.0,0.0,0.0,0.0,0.0,0.0,0.0,0.0,0.0,0.0,0.0,0.0,SIM,,N/A,0.0,0.0,,CEPACOL FLUOR SOLUÇÃO ,
,,Terceiro,Sim,21295-1,CEPACOL FLUOR FR LEVE 500ML PG 350ML F2,EPR01037,0.0,0.0,0.0,0.0,0.0,0.0,0.0,0.0,0.0,0.0,0.0,0.0,0.0,0.0,SIM,,N/A,0.0,0.0,,CEPACOL FLUOR SOLUÇÃO ,
,,Terceiro,Sim,21292-1,CEPACOL MENTA FR 250ML F2,EPR01035,0.0,0.0,0.0,0.0,0.0,0.0,0.0,0.0,0.0,0.0,0.0,0.0,0.0,0.0,SIM,,N/A,0.0,0.0,,CEPACOL MENTA LEVE SOLUÇÃO LÍQUIDA,
,,Terceiro,Sim,21296-1,CEPACOL MENTA FR LEVE 500ML PG 350ML F2,EPR01035,0.0,0.0,0.0,0.0,0.0,0.0,0.0,0.0,0.0,0.0,0.0,0.0,0.0,0.0,SIM,,N/A,0.0,0.0,,CEPACOL MENTA LEVE SOLUÇÃO LÍQUIDA,
,,Terceiro,Sim,21293-1,CEPACOL ORIGINAL FR 250ML F2,EPR01036,0.0,0.0,0.0,0.0,0.0,0.0,0.0,0.0,0.0,0.0,0.0,0.0,0.0,0.0,SIM,,N/A,0.0,0.0,,CEPACOL ORIGINAL SOLUÇÃO LÍQUIDA,
,,Terceiro,Sim,21297-1,CEPACOL ORIGINAL FR LV 500ML PG 350ML F2,EPR01036,0.0,0.0,0.0,0.0,0.0,0.0,0.0,0.0,0.0,0.0,0.0,0.0,0.0,0.0,SIM,,N/A,0.0,0.0,,CEPACOL ORIGINAL SOLUÇÃO LÍQUIDA,
,,Terceiro,Sim,21298-1,CEPACOL TUTTIFRUTTI S/ALCOOL FR 250ML F2,EPR01040,0.0,0.0,0.0,0.0,0.0,0.0,0.0,0.0,0.0,0.0,0.0,0.0,0.0,0.0,SIM,,N/A,0.0,0.0,,CEPACOL TUTTI FRUTTI S/ALCOOL SOLUÇÃO,
SIM,,Terceiro,Sim,21636-1,CITALOPRAM 20MG C1 CT BL X30 CPRV,EPR00418,0.0,0.0,0.0,4.0,0.0,0.0,0.0,0.0,0.6180503393347188,0.9335760293930699,0.25981879477454695,0.0,5.811445163502335,0.48428709695852795,SIM,,CQ P30,0.0,0.0,,CITALOPRAM 20 MG COMPRIMIDO REVESTIDO (MATRIZ CITALOPRAM COMPRIMIDO REVESTIDO ZYDUS),
,,Terceiro,Não,23248-0,CL BENZIDAM 3MG PAS DUR MENT/LIM DIET 12,Método não encontrado,0.0,0.0,0.0,0.0,0.0,0.0,0.0,0.0,0.0,0.0,0.0,0.0,0.0,0.0,NÃO,,N/A,0x2a,0.0,,Método não encontrado,
,,Terceiro,Não,23246-0,CL BENZIDAMINA 3MG PAS DURA LARANJA BL12,Método não encontrado,0.0,0.0,0.0,0.0,0.0,0.0,0.0,0.0,0.0,0.0,0.0,0.0,0.0,0.0,NÃO,,N/A,0x2a,0.0,,Método não encontrado,
,,Terceiro,Não,23247-0,CL BENZIDAMINA 3MG PAS DURA MEL/LIM BL12,Método não encontrado,0.0,0.0,0.0,0.0,0.0,0.0,0.0,0.0,0.0,0.0,0.0,0.0,0.0,0.0,NÃO,,N/A,0x2a,0.0,,Método não encontrado,
SIM,,Sólidos P01,Não,22219-0,CL DONEPE+CL MEMAN 10MG+20MG 1X30CPRV C1,MPR00901,0.0,0.0,1.0,0.0,0.0,0.0,0.0,0.0,0.0,0.0,0.0,0.0,1.0,0.08333333333333333,SIM,,CQ P30,4.0,0.0,,CLORIDRATO DE DONEPEZILA 10 MG + CLORIDRATO DE MEMANTINA 20 MG COMPRIMIDO REVESTIDO,
SIM,,Terceiro,Sim,22234-0,CL ONDANSETRONA 4MG CT BLX30 CPR ORODISP,MPR01421,0.0,0.0,0.0,0.0,0.0,0.0,0.0,0.0,0.0,0.0,0.0,0.0,0.0,0.0,SIM,,CQ P30,0.0,0.0,,ONDANSETRONA 4 MG COMPRIMIDO ORODISPERSÍVEL CLONE / ONDAVON 4 MG COMPRIMIDO ORODISPERSÍVEL CLONE (MATRIZ ONDANSETRONA 4 MG COMPRIMDO REVESTIDO ALTHAIA),
SIM,,Terceiro,Sim,22233-0,CL ONDANSETRONA 8MG CT BLX30 CPR ORODISP,MPR01420,0.0,0.0,0.0,0.0,0.0,0.0,0.0,0.0,0.0,0.0,0.0,0.0,0.0,0.0,SIM,,CQ P30,0.0,0.0,,ONDANSETRONA 8 MG COMPRIMIDO ORODISPERSÍVEL CLONE / ONDAVON 8 MG COMPRIMIDO ORODISPERSÍVEL CLONE (MATRIZ ONDANSETRONA 8 MG COMPRIMDO REVESTIDO ALTHAIA),
,,Terceiro,Não,23472-0,"CLAVERTA SUSP PO 80+11,4MG/ML 70ML SER",Método não encontrado,0.0,0.0,0.0,0.0,0.0,0.0,0.0,0.0,0.0,0.0,0.0,0.0,0.0,0.0,NÃO,,N/A,0x2a,0.0,,Método não encontrado,
,,Terceiro,Sim,22939-0,CLEAN DESODORANTE BG 50ML,MPR01111,0.0,0.0,0.0,0.0,0.0,0.0,0.0,0.0,0.0,0.0,0.0,0.0,0.0,0.0,SIM,,N/A,0.0,0.0,,CLEAN DESODORANTE ,
SIM,,Líquidos P24,Não,14073-0,CLOR HIDROXIZINA 10MG/5ML SOL FR 1X120ML,MPR01063,0.0,0.0,0.0,0.0,0.0,0.0,0.0,0.0,0.0,0.0,0.0,0.0,0.0,0.0,SIM,,CQ P30,2.0,0.0,,CLORIDRATO DE HIDROXIZINA 10MG/5ML SOLUÇÃO,
SIM,LINHA,Terceiro,Não,19678-0,CLOR NEBIVOLOL 5MG CT BL 28 COMP,Método não encontrado,0.0,0.0,1.0,3.0,0.0,0.0,0.0,1.0,0.0,0.0,1.3635881122447213,0.5884614729091746,6.952049585153896,0.5793374654294913,NÃO,,CQ P30,0x2a,0.0,,Método não encontrado,
SIM,LINHA,Sólidos P19,Não,23833-0,CLOR SERTRALINA 50MG 30 CPRV C1,MPD00359,0.0,0.0,0.0,0.0,0.0,0.0,0.0,0.0,1.6316777566862055,2.759811005722011,2.4492922167383644,0.7130377652353406,7.553818744381922,0.6294848953651602,SIM,,CQ P30,3.0,0.0,,Método não encontrado,
SIM,,Terceiro,Sim,20503-0,CLORIDRATO DONEPEZILA 5MG C1 30 CPRV,EPR00327,0.0,0.0,0.0,0.0,0.0,0.0,0.0,0.0,0.0,0.0,0.0,0.0,0.0,0.0,SIM,,CQ P30,0.0,0.0,,CLORIDRATO DE DONEPEZILA 5 MG COMPRIMIDO REVESTIDO CLONE (MATRIZ CLORIDRATO DE DONEPEZILA  5MG COMPRIMIDO REVESTIDO ZYDUS) ,
SIM,,Cosmed P01,Não,21082-0,COLEDUE-R 10MG + 5MG CAP DURA CT X 5 AG,Método não encontrado,0.0,0.0,0.0,0.0,0.0,0.0,0.0,0.0,0.0,0.0,0.0,0.0,0.0,0.0,NÃO,,CQ P30,0x2a,0.0,,Método não encontrado,
,,Simple Organic,Não,22771-0,CONDICIONADOR SOLIDO ALL 60G E-C,Método não encontrado,0.0,0.0,0.0,0.0,0.0,0.0,0.0,0.0,0.0,0.0,0.0,0.0,0.0,0.0,NÃO,,N/A,0x2a,0.0,,Método não encontrado,
,,Simple Organic,Não,22804-0,CONDICIONADOR SOLIDO BALANCE 60G E-C,Método não encontrado,0.0,0.0,0.0,0.0,0.0,0.0,0.0,0.0,0.0,0.0,0.0,0.0,0.0,0.0,NÃO,,N/A,0x2a,0.0,,Método não encontrado,
SIM,,Sólidos P19,Não,19714-0,CORISTINA D CT 8 COMP,MPR00511,0.0,0.0,0.0,0.0,0.0,0.0,0.0,0.0,0.0,0.0,0.0,0.0,0.0,0.0,SIM,,CQ P30,3.0,0.0,,CORISTINA D COMPRIMIDO,
SIM,,Sólidos P19,Não,19798-0,CORISTINA D DISP BL 200 COMP (50X4),MPR00511,0.0,0.0,0.0,0.0,0.0,0.0,0.0,0.0,0.0,0.0,0.0,0.0,0.0,0.0,SIM,,CQ P30,3.0,0.0,,CORISTINA D COMPRIMIDO,
,,Simple Organic,Não,22761-0,"CORRETIVO GOLDEN 2,5G E-C",Método não encontrado,0.0,0.0,0.0,0.0,0.0,0.0,0.0,0.0,0.0,0.0,0.0,0.0,0.0,0.0,NÃO,,N/A,0x2a,0.0,,Método não encontrado,
,,Simple Organic,Não,22763-0,"CORRETIVO MEDIUM 2,5G E-C",Método não encontrado,0.0,0.0,0.0,0.0,0.0,0.0,0.0,0.0,0.0,0.0,0.0,0.0,0.0,0.0,NÃO,,N/A,0x2a,0.0,,Método não encontrado,
,,Simple Organic,Não,22666-0,"CORRETIVO ULTRA LIGHT 2,5G E-C",Método não encontrado,0.0,0.0,0.0,0.0,0.0,0.0,0.0,0.0,0.0,0.0,0.0,0.0,0.0,0.0,NÃO,,N/A,0x2a,0.0,,Método não encontrado,
SIM,,Terceiro,Sim,23154-0,CURC ARNICA FR 100ML,MPR01364,0.0,1.0,1.0,0.0,0.0,0.0,0.0,0.0,0.6626222314891724,0.2609477113085394,0.6709795960317132,0.2895637163650797,3.884113255194505,0.32367610459954205,SIM,,CQ P30,0.0,0.0,,CURC ARNICA AEROSSOL,
SIM,,Terceiro,Sim,23487-0,CURC ARNICA FR 50ML,MPR01364,0.0,1.0,2.0,0.0,0.0,0.0,0.0,0.0,0.0,0.6549764445955686,0.24656595855134797,0.0,3.901542403146917,0.3251285335955764,SIM,,CQ P30,0.0,0.0,,CURC ARNICA AEROSSOL,
SIM,,Sólidos P19,Não,18774-0,DECIPRAX 10MG C1 CT BL AL PLAST 60 CPRV,MPR00278,1.0,0.0,0.0,1.0,0.0,0.0,0.0,0.0,0.0,0.0,0.0,0.0,2.0,0.16666666666666666,SIM,,CQ P30,4.0,0.0,2.0,OXALATO DE ESCITALOPRAM C-1 10 MG COMPRIMIDO REVESTIDO / DECIPRAX C-1 10 MG COMPRIMIDO REVESTIDO,2.0
SIM,,Sólidos P19,Não,18782-0,DECIPRAX 20MG C1 CPRV CT BL 2X15,MPR00279,0.0,0.0,0.0,0.0,0.0,2.0,0.0,0.0,0.0,0.007910848901999345,0.010888888888888889,0.0034139559849704773,2.0222136937758584,0.16851780781465486,SIM,,CQ P30,4.0,0.0,,OXALATO DE ESCITALOPRAM C-1 20 MG COMPRIMIDO REVESTIDO / DECIPRAX C-1 20 MG COMPRIMIDO REVESTIDO,
SIM,,Hormônios,Não,19883-0,DESOGESTREL CT BL 84 CPRV,MPR00909,0.0,0.0,0.0,0.0,0.0,0.0,0.0,0.0,0.0,0.0,0.0,0.0,0.0,0.0,SIM,,CQ P30,3.0,0.0,,"DESOGESTREL 0,075 MG COMPRIMIDO REVESTIDO",
SIM,,Líquidos P24,Não,23072-0,DESRINITE SUSP ORAL 6MG FR X 150ML,Método não encontrado,0.0,0.0,0.0,0.0,0.0,0.0,0.0,0.0,0.0,0.0,0.0,1.3803624104509065,1.3803624104509065,0.11503020087090887,NÃO,,CQ P30,0x2a,0.0,,Método não encontrado,
SIM,,Líquidos P24,Não,23073-0,DESRINITE SUSP ORAL 6MG FR X 60ML,Método não encontrado,0.0,0.0,0.0,0.0,0.0,0.0,0.0,0.0,0.0,0.0,0.0,1.3803624104509062,1.3803624104509062,0.11503020087090886,NÃO,,CQ P30,0x2a,0.0,,Método não encontrado,
SIM,,Líquidos P24,Não,23371-0,"DICLO DIETILAMONIO 11,6MG/G GEL BG X60G",MPR01068,0.0,0.0,2.0,16.0,0.0,7.0,6.0,0.0,6.1342620809751836,5.866643945152081,4.75,5.630338439082188,53.381244465209456,4.448437038767454,SIM,,CQ P30,3.0,0.0,,"NEOCOFLAN 11,6MG/G GEL / CALMINEX DICLO 11,6MG/G GEL (NF)",
SIM,,Terceiro,Sim,23524-0,DICLORI LEVOCETIRIZINA 5MG CT BL 10 CPRV,MPR01403,0.0,0.0,0.0,0.0,0.0,0.0,1.0,0.0,0.0,0.0,0.0,0.0,1.0,0.08333333333333333,SIM,,CQ P30,0.0,0.0,,DICLORIDRATO DE LEVOCETIRIZINA 5 MG COMPRIMIDO REVESTIDO,
SIM,,Sólidos P19,Não,15112-0,DIGEDRAT 200MG 60X20 CAP MOLE,MPR00375,0.0,0.0,0.0,0.0,0.0,0.0,0.0,0.0,0.0,0.0,0.0,0.0,0.0,0.0,SIM,,CQ P30,2.0,0.0,3.0,DIGEDRAT 200MG CÁPSULA MOLE,3.0
SIM,,Estéreis P23,Não,23443-0,DIP BET+FOS BET INJ 1ML S/SER HOSP,"MPR01368
MPR01369",1.0,0.0,2.0,0.0,0.0,2.0,2.0,0.0,0.6098389203308663,2.092752735800613,1.3149388959123471,0.2664975845410628,11.284028136584888,0.9403356780487407,SIM,,CQ P30,3.0,0.0,,DIPROSPAN SUSPENSÃO INJETÁVEL / BECLONATO SUSPENSÃO INJETÁVEL,
SIM,,Estéreis P23,Não,23442-0,DIP BET+FOS BET INJ 5+2MG/ML 1ML S/SER,"MPR01368
MPR01369",0.0,3.0,3.0,1.0,6.0,4.0,2.0,0.0,1.8295167609925989,0.720483239007401,1.235061104087653,0.5329951690821256,23.318056273169777,1.9431713560974815,SIM,,CQ P30,3.0,0.0,,DIPROSPAN SUSPENSÃO INJETÁVEL / BECLONATO SUSPENSÃO INJETÁVEL,
SIM,,Semissólidos P01,Não,23685-0,"DIP BETA 0,64MG/G CREM DERM CT BG 30G",MPR00068,0.0,0.0,0.0,0.0,0.0,0.0,6.0,0.0,1.6815846756639092,1.6487777347869967,1.9000000000000001,1.9760628935426938,13.206425303993601,1.1005354419994668,SIM,,CQ P30,2.0,1.0,6.0,"DIPROSONE 0,64 MG/G CREME",6.0
SIM,,Estéreis P55,Não,23269-0,DRAMIN B6 IV DISPL AMP 50X10ML,MPR01043,0.0,0.0,0.0,0.0,0.0,0.0,0.0,3.0,0.0,16.055794353139486,20.24740834386852,14.774872173058014,54.07807487006602,4.506506239172168,SIM,,CQ P30,3.0,0.0,7.083333333333333,DRAMIN B6 DL INJETÁVEL,7.083333333333333
SIM,LINHA,Sólidos P01,Não,21664-2,DRAMIN B6 SOL GOT FR 30ML,Método não encontrado,0.0,0.0,0.0,0.0,0.0,0.0,0.0,0.0,0.33003047453199824,0.12996952546800175,0.0,1.3367720185419303,1.7967720185419302,0.14973100154516086,NÃO,,CQ P30,0x2a,0.0,,Método não encontrado,
,,Terceiro,Não,23380-0,DRAMIN B6 SOL ORAL 25/5MG FR 10ML AG,Método não encontrado,0.0,0.0,0.0,0.0,0.0,0.0,0.0,0.0,0.0,0.0,0.0,0.0,0.0,0.0,NÃO,,N/A,0x2a,0.0,,Método não encontrado,
,,Terceiro,Não,23557-0,EMPAGLIFLOZINA 10MG CT BL 30 CPRV,Método não encontrado,0.0,0.0,0.0,0.0,0.0,0.0,0.0,0.0,0.0,0.0,0.0,0.0,0.0,0.0,NÃO,,N/A,0x2a,0.0,,Método não encontrado,
,,Terceiro,Não,23574-0,EMPAGLIFLOZINA 25MG CT BL 30 CPRV,Método não encontrado,0.0,0.0,0.0,0.0,0.0,0.0,0.0,0.0,0.0,0.0,0.0,0.0,0.0,0.0,NÃO,,N/A,0x2a,0.0,,Método não encontrado,
SIM,,Sólidos P19,Não,23575-0,EMPAONE 10MG CT BL 30 CPRV,Método não encontrado,0.0,0.0,0.0,0.0,0.0,0.0,0.0,0.0,0.0,0.0,0.0,0.0,0.0,0.0,NÃO,,CQ P30,0x2a,0.0,,Método não encontrado,
SIM,,Sólidos P19,Não,23578-0,EMPAONE 25MG CT BL 30 CPRV,Método não encontrado,0.0,0.0,0.0,0.0,0.0,0.0,0.0,0.0,0.0,0.0,0.0,0.0,0.0,0.0,NÃO,,CQ P30,0x2a,0.0,,Método não encontrado,
SIM,,Sólidos P01,Sim,21682-1,EPAREMA DRAG X 120,EPR00583,0.0,0.0,0.0,0.0,0.0,0.0,0.0,0.0,0.5158815962695509,0.20315968202605494,0.0,0.0,0.7190412782956058,0.059920106524633816,SIM,,CQ P30,0.0,0.0,,EPAREMA 125MG DRÁGEA,
SIM,,Sólidos P01,Sim,21681-1,EPAREMA DRAG X 20,EPR00583,0.0,0.0,0.0,0.0,0.0,0.0,0.0,0.0,0.6815846756639093,0.9585965295615437,0.25981879477454695,0.0,1.9000000000000001,0.15833333333333335,SIM,,CQ P30,0.0,0.0,,EPAREMA 125MG DRÁGEA,
SIM,,Efervescentes P35,Sim,21684-1,EPAREMA FLAC GUARANA 10ML X 36,EPR00594,0.0,0.0,0.0,0.0,0.0,0.0,0.0,0.0,0.0,3.3840372588389864,1.2739212186696645,0.0,4.657958477508651,0.3881632064590543,SIM,,CQ P30,0.0,0.0,,EPAREMA 103 MG/ML FLACONETE - GUARANÁ,
SIM,LINHA,Efervescentes P35,Não,21685-1,EPAREMA SOL CT FLAC TRAD 12X10ML,Método não encontrado,0.0,0.0,0.0,0.0,0.0,0.0,0.0,0.0,0.0,0.0,0.0,0.0,0.0,0.0,NÃO,,CQ P30,0x2a,0.0,,Método não encontrado,
SIM,LINHA,Efervescentes P35,Não,21683-2,EPAREMA SOL DISP FLAC TRAD 60X10ML,EPR00585,0.0,0.0,0.0,0.0,0.0,0.0,0.0,0.0,0.0,0.0,2.070543615676359,1.5837319298631343,3.6542755455394933,0.3045229621282911,SIM,,CQ P30,0.0,0.0,,Método não encontrado,
SIM,,Dermocosméticos P22,Sim,20971-1,EPIDAC OC SABONETE BARRA 90G,MPR00939,0.0,0.0,0.0,0.0,0.0,0.0,0.0,0.0,0.0,0.0,0.0,0.0,0.0,0.0,SIM,,CQ P30,0.0,0.0,,EPIDAC OC SABONETE BARRA,
SIM,,Dermocosméticos P22,Não,20744-0,EPIDAC OC SABONETE LIQ FR 300ML,MPR00710,0.0,0.0,0.0,0.0,0.0,0.0,0.0,0.0,0.0,0.0,0.0,0.0,0.0,0.0,SIM,,CQ P30,1.0,0.0,3.0,EPIDAC OC SABONETE LÍQUIDO,3.0
SIM,,Dermocosméticos P22,Sim,21034-0,EPIDRAT CALM AGUA MICELAR FR 190ML OR,MPR00497,0.0,0.0,0.0,0.0,0.0,0.0,0.0,0.0,0.0,0.0,0.0,0.0,0.0,0.0,SIM,,CQ P30,0.0,0.0,,EPIDRAT CALM AGUA MICELAR LÍQUIDO - SUSPENSO,
SIM,,Dermocosméticos P22,Não,23629-0,EPIDRAT CALM B5 BG 20ML AG TRIB,MPR00545,0.0,0.0,0.0,0.0,1.0,0.0,0.0,0.0,0.0,0.0,0.0,0.0,1.0,0.08333333333333333,SIM,,CQ P30,1.0,0.0,4.25,EPIDRAT CALM B5 EMULSÃO,4.25
,,Terceiro,Sim,23691-0,"EPIDRAT CALM B5 LABIOS FPS50 STICK 5,5G",MPR01440,0.0,0.0,0.0,0.0,0.0,0.0,0.0,0.0,0.0,0.0,0.0,0.0,0.0,0.0,SIM,,N/A,0.0,0.0,,EPIDRAT CALM B5 LÁBIOS,
SIM,,Dermocosméticos P22,Não,23642-0,EPIDRAT CALM BG 40ML AG TRIB,MPR00749,0.0,0.0,0.0,0.0,1.0,0.0,0.0,0.0,0.0,0.0,0.0,0.0,1.0,0.08333333333333333,SIM,,CQ P30,1.0,0.0,2.2857142857142856,EPIDRAT CALM EMULSÃO,2.2857142857142856
,,Bioage,Não,23690-0,EPIDRAT CORPO CREME PT 250G,Método não encontrado,0.0,0.0,0.0,0.0,0.0,0.0,0.0,0.0,0.0,0.0,0.0,0.0,0.0,0.0,NÃO,,N/A,0x2a,0.0,,Método não encontrado,
,,Terceiro,Sim,22553-0,EPIDRAT CORPO CREME PT 500G,MPR01034,0.0,0.0,0.0,0.0,0.0,0.0,0.0,0.0,0.0,0.0,0.0,0.0,0.0,0.0,SIM,,N/A,0.0,0.0,,EPIDRAT CORPO CREME,
,,Terceiro,Sim,23355-0,EPIDRAT HYALU LIP OIL FPS 30 BERRY 6ML,MPR01336,0.0,0.0,0.0,0.0,0.0,0.0,0.0,0.0,0.0,0.0,0.0,0.0,0.0,0.0,SIM,,N/A,0.0,0.0,,EPIDRAT HYALU LIP OIL BERRY,
,,Terceiro,Sim,23357-0,EPIDRAT HYALU LIP OIL FPS 30 CHOC 6ML,MPR01335,0.0,0.0,0.0,0.0,0.0,0.0,0.0,0.0,0.0,0.0,0.0,0.0,0.0,0.0,SIM,,N/A,0.0,0.0,,EPIDRAT HYALU LIP OIL CHOCOLATE,
,,Terceiro,Sim,23339-0,EPIDRAT HYALU LIP OIL FR 6ML,MPR01319,0.0,0.0,0.0,0.0,0.0,0.0,0.0,0.0,0.0,0.0,0.0,0.0,0.0,0.0,SIM,,N/A,0.0,0.0,,EPIDRAT HYALU LIP OIL,
,,Terceiro,Sim,22772-0,EPIDRAT HYALU STICK 15G,MPR01095,0.0,0.0,0.0,0.0,0.0,0.0,0.0,0.0,0.0,0.0,0.0,0.0,0.0,0.0,SIM,,N/A,0.0,0.0,4.5,EPIDRAT HYALU STICK,4.5
,,Terceiro,Sim,22033-0,EPIDRAT MAT SEM COR FPS30 CR BG CT 40ML,MPR01045,0.0,0.0,0.0,0.0,0.0,0.0,0.0,0.0,0.0,0.0,0.0,0.0,0.0,0.0,SIM,,N/A,0.0,0.0,,EPIDRAT MAT SEM COR LOÇÃO,
SIM,,Dermocosméticos P22,Não,20941-0,EPISOL ACQUA FPS 60 BG 60ML OR,MPR00499,0.0,0.0,0.0,0.0,0.0,0.0,0.0,0.0,0.0,0.0,0.0,0.0,0.0,0.0,SIM,,CQ P30,3.0,0.0,2.75,EPISOL SEC ACQUA FPS 60,2.75
SIM,,Dermocosméticos P22,Não,20943-0,EPISOL ACQUA FPS 60 SCH 2ML AG,MPR00499,0.0,0.0,0.0,0.0,0.0,0.0,0.0,0.0,0.0,0.0,0.0,0.0,0.0,0.0,SIM,,CQ P30,3.0,0.0,2.75,EPISOL SEC ACQUA FPS 60,2.75
SIM,,Dermocosméticos P22,Não,20442-1,EPISOL ANTIOX FPS 60 BG 60ML,Método não encontrado,0.0,0.0,0.0,0.0,0.0,0.0,0.0,0.0,0.0,0.0,0.0,0.0,0.0,0.0,NÃO,,CQ P30,0x2a,0.0,,Método não encontrado,
SIM,,Dermocosméticos P22,Não,23598-0,EPISOL BRONZE FPS60 FR 40ML AG TRIB,MPR01355,0.0,0.0,0.0,0.0,1.0,0.0,0.0,0.0,0.0,0.0,0.0,0.0,1.0,0.08333333333333333,SIM,,CQ P30,2.0,0.0,,EPISOL BRONZE FPS60,
SIM,,Dermocosméticos P22,Não,23568-0,EPISOL CLARIFY FPS 60 CLARO FG 40ML,MPR01395,0.0,0.0,0.0,0.0,0.0,0.0,0.0,0.0,1.3631693513278187,1.2270118538976342,0.25981879477454695,0.6901812052254531,3.5401812052254527,0.29501510043545437,SIM,,CQ P30,2.0,0.0,,EPISOL CLARIFY FPS 60 CLARO,
SIM,,Dermocosméticos P22,Não,23566-0,EPISOL CLARIFY FPS 60 FG 40ML,MPR01399,0.0,0.0,0.0,0.0,0.0,0.0,0.0,0.0,0.6815846756639092,0.9585965295615435,0.25981879477454695,0.0,1.8999999999999997,0.1583333333333333,SIM,,CQ P30,2.0,0.0,,EPISOL CLARIFY FPS 60,
SIM,LINHA,Dermocosméticos P22,Não,23570-0,EPISOL CLARIFY FPS 60 MEDIO FR 40ML,Método não encontrado,0.0,0.0,0.0,0.0,0.0,0.0,0.0,0.0,1.3631693513278187,0.5368306486721811,0.0,0.6901812052254531,2.590181205225453,0.21584843376878773,NÃO,,CQ P30,0x2a,0.0,,Método não encontrado,
SIM,,Dermocosméticos P22,Não,20804-0,EPISOL COLOR MINERAL C/ COR BG 60ML,MPR00332,0.0,0.0,0.0,0.0,0.0,0.0,0.0,0.0,0.0,0.0,0.0,0.0,0.0,0.0,SIM,,CQ P30,1.0,0.0,,EPISOL COLOR MINERAL C/ COR EMULSÃO,
SIM,,Terceiro,Sim,23259-0,EPISOL COLOR PO FPS 50 TOM 3 10G,MPR01350,0.0,0.0,3.0,0.0,0.0,0.0,0.0,0.0,1.3631693513278187,2.6073742643485405,0.779456384323641,0.0,7.75,0.6458333333333334,SIM,,CQ P30,0.0,0.0,,EPISOL COLOR PÓ FPS 50 TOM 3,
SIM,,Terceiro,Sim,23261-0,EPISOL COLOR PO FPS 50 TOM 4 10G,MPR01347,0.0,0.0,0.0,0.0,0.0,0.0,0.0,0.0,0.0,0.7119764011799411,0.268023598820059,0.0,0.9800000000000001,0.08166666666666668,SIM,,CQ P30,0.0,0.0,,EPISOL COLOR PÓ FPS 50 TOM 4,
,,Terceiro,Não,23652-0,EPISOL COLOR STICK FPS50 CLR 18G AG TRIB,Método não encontrado,0.0,0.0,0.0,0.0,0.0,0.0,0.0,0.0,0.0,0.0,0.0,0.0,0.0,0.0,NÃO,,N/A,0x2a,0.0,,Método não encontrado,
,,Terceiro,Não,23651-0,EPISOL COLOR STICK FPS50 MED 18G AG TRIB,Método não encontrado,0.0,0.0,0.0,0.0,0.0,0.0,0.0,0.0,0.0,0.0,0.0,0.0,0.0,0.0,NÃO,,N/A,0x2a,0.0,,Método não encontrado,
SIM,,Dermocosméticos P22,Não,20603-0,EPISOL COLOR TOM 6 NEGRO FPS70 BG 40ML,MPR00322,0.0,0.0,0.0,0.0,0.0,0.0,0.0,0.0,0.0,0.0,0.0,0.0,0.0,0.0,SIM,,CQ P30,2.0,0.0,,EPISOL COLOR TOM 6 NEGRO FPS70 EMULSÃO,
SIM,,Dermocosméticos P22,Não,23599-0,EPISOL GLOW FPS60 FG 40ML AG TRIB,MPR01353,0.0,0.0,0.0,0.0,1.0,0.0,0.0,1.0,0.0,0.0,0.0,0.0,2.0,0.16666666666666666,SIM,,CQ P30,2.0,0.0,,EPISOL GLOW FPS60,
,,Terceiro,Sim,22332-0,EPISOL GOLD FPS30 FR 200ML,MPR01010,0.0,0.0,0.0,0.0,0.0,0.0,0.0,0.0,0.0,0.0,0.0,0.0,0.0,0.0,SIM,,N/A,0.0,0.0,,EPISOL GOLD FPS30,
SIM,,Terceiro,Sim,22331-0,EPISOL GOLD FPS30 SCH 7ML AG,MPR01010,0.0,0.0,0.0,0.0,0.0,1.0,1.0,0.0,0.0,0.0,0.0,0.0,2.0,0.16666666666666666,SIM,,CQ P30,0.0,0.0,,EPISOL GOLD FPS30,
SIM,,Dermocosméticos P22,Não,21852-0,EPISOL INFANTIL FPS60 SCH 2ML AG,MPR00532,0.0,0.0,0.0,0.0,0.0,0.0,0.0,0.0,0.0,0.0,0.0,0.0,0.0,0.0,SIM,,CQ P30,3.0,0.0,,EPISOL INFANTIL FPS 60 EMULSÃO,
SIM,,Dermocosméticos P22,Não,19173-1,EPISOL INFANTIL FPS70 BG 100ML,Método não encontrado,0.0,0.0,0.0,0.0,0.0,0.0,0.0,0.0,0.0,0.0,0.0,0.0,0.0,0.0,NÃO,,CQ P30,0x2a,0.0,,Método não encontrado,
,,Terceiro,Sim,22326-0,EPISOL INTENSE HYDRA SPRAY FPS50 200ML,MPR00998,0.0,0.0,0.0,0.0,0.0,0.0,0.0,0.0,0.0,0.0,0.0,0.0,0.0,0.0,SIM,,N/A,0.0,0.0,,EPISOL INTENSE HYDRA SPRAY FPS50 ,
SIM,LINHA,Dermocosméticos P22,Não,23692-0,EPISOL MINERAL ACQUA FPS60 FG 40ML,Método não encontrado,0.0,0.0,0.0,0.0,0.0,0.0,0.0,0.0,0.0,2.0705436156763595,1.469637589549094,0.29785024154589373,3.8380314467713474,0.31983595389761227,NÃO,,CQ P30,0x2a,0.0,,Método não encontrado,
SIM,,Terceiro,Sim,19842-1,EPISOL PO TOM 5 NEGRO FPS50 10G,EPR00397,0.0,0.0,0.0,0.0,0.0,0.0,0.0,0.0,0.0,0.0,0.0,0.0,0.0,0.0,SIM,,CQ P30,0.0,0.0,,EPISOL PÓ TOM 5 NEGRO FPS 50 - PÓ COMPACTO,
SIM,,Dermocosméticos P22,Não,23378-0,EPISOL SEC OC 2G FPS 60 CLARO BG 40ML,MPR00636,0.0,1.0,0.0,0.0,0.0,0.0,0.0,0.0,0.0,0.0,0.0,0.0,1.0,0.08333333333333333,SIM,,CQ P30,2.0,0.0,,EPISOL SEC OC FPS 60 CLARO EMULSÃO,
SIM,,Dermocosméticos P22,Não,23379-0,EPISOL SEC OC 2G FPS 60 MEDIO BG 40ML,MPR00690,0.0,1.0,0.0,0.0,0.0,0.0,0.0,0.0,0.0,0.0,0.0,0.0,1.0,0.08333333333333333,SIM,,CQ P30,2.0,0.0,2.0,EPISOL SEC OC FPS 60 MEDIO EMULSÃO,2.0
SIM,,Dermocosméticos P22,Não,21160-0,EPISOL SEC OC FPS60 MED ESCUR BG 60ML,MPR00689,0.0,0.0,0.0,0.0,0.0,0.0,0.0,0.0,0.0,0.0,0.0,0.0,0.0,0.0,SIM,,CQ P30,2.0,0.0,,EPISOL SEC OC FPS60 MEDIO ESCURO EMULSÃO,
SIM,,Dermocosméticos P22,Não,23600-0,EPISOL SMART COLOR FPS50 BG 40ML AG TRIB,MPR00903,0.0,0.0,0.0,1.0,0.0,0.0,0.0,0.0,0.0,0.0,0.0,0.0,1.0,0.08333333333333333,SIM,,CQ P30,2.0,0.0,3.0,EPISOL SMART COLOR FPS 50 EMULSÃO,3.0
SIM,,Líquidos P24,Não,23310-0,EPOCLER  SOL FLAC DISP MORANGO 10MLX30,MPR01317,0.0,0.0,0.0,0.0,0.0,3.0,0.0,1.0,0.6815846756639093,0.26841532433609055,0.6901812052254531,0.9880314467713469,6.628212651996801,0.5523510543330667,SIM,,CQ P30,3.0,0.0,,EPOCLER SOLUÇÃO SABOR MORANGO FLACONETE,
SIM,,Terceiro,Não,22188-0,ESOMEPRA MAG 40MG FRX14 CAP DURA LIB RET,MPR00795,1.0,0.0,0.0,0.0,0.0,0.0,0.0,0.0,0.0,0.0,0.0,0.0,1.0,0.08333333333333333,SIM,,CQ P30,3.0,0.0,3.0,ESOL XR 40 MG CÁPSULA DURA DE LIBERAÇÃO RETARDADA,3.0
SIM,,Terceiro,Não,22186-0,ESOMEPRAZOL 20MG FRX14 CAPS DURA LIB RET,MPR00794,0.0,1.0,0.0,0.0,0.0,0.0,0.0,0.0,0.0,0.0,0.0,0.0,1.0,0.08333333333333333,SIM,,CQ P30,4.0,0.0,,ESOL XR 20 MG CÁPSULA DURA DE LIBERAÇÃO RETARDADA,
SIM,,Terceiro,Não,22187-0,ESOMEPRAZOL 20MG FRX28 CAPS DURA LIB RET,MPR00794,3.0,0.0,2.0,1.0,2.0,1.0,1.0,0.0,0.0,2.0705436156763595,0.779456384323641,2.0705436156763595,14.920543615676362,1.243378634639697,SIM,,CQ P30,4.0,0.0,,ESOL XR 20 MG CÁPSULA DURA DE LIBERAÇÃO RETARDADA,
,,Terceiro,Sim,22259-0,ESPUMA FACIAL ACIDO GLICOLICO FR 150ML,EPR00875,0.0,0.0,0.0,0.0,0.0,0.0,0.0,0.0,0.0,0.0,0.0,0.0,0.0,0.0,SIM,,N/A,0.0,0.0,,SUSPENSO - ESPUMA FACIAL ACIDO GLICOLICO LÍQUIDO,
,,Terceiro,Sim,22290-0,ESPUMA FACIAL CONTROL SKIN FR 150ML,EPR00892,0.0,0.0,0.0,0.0,0.0,0.0,0.0,0.0,0.0,0.0,0.0,0.0,0.0,0.0,SIM,,N/A,0.0,0.0,,SUSPENSO - ESPUMA FACIAL CONTROL SKIN LÍQUIDO,
SIM,,Sólidos P19,Não,13803-1,ESTOMAZIL ABACAXI COMP MAST 12X2X10,Método não encontrado,0.0,0.0,0.0,0.0,0.0,0.0,0.0,0.0,0.0,0.0,0.0,0.0,0.0,0.0,NÃO,,CQ P30,0x2a,0.0,,Método não encontrado,
SIM,,Sólidos P19,Não,13805-1,ESTOMAZIL ABACAXI COMP MAST DISP 25X10,Método não encontrado,0.0,0.0,0.0,0.0,0.0,0.0,0.0,0.0,0.0,0.0,0.0,0.0,0.0,0.0,NÃO,,CQ P30,0x2a,0.0,,Método não encontrado,
SIM,,Sólidos P19,Não,13808-1,ESTOMAZIL MENTA COMP MAST DISP 4X25X10,Método não encontrado,0.0,0.0,0.0,0.0,0.0,0.0,0.0,0.0,0.0,0.0,0.0,0.0,0.0,0.0,NÃO,,CQ P30,0x2a,0.0,,Método não encontrado,
SIM,,Terceiro,Sim,23523-0,ESZOPICLONA 3MG CT FR PLAS 20 CPRV B1,MPR01385,0.0,0.0,0.0,0.0,0.0,0.0,0.0,0.0,1.6628638165723406,0.26104285009432593,0.0,0.0,1.9239066666666664,0.16032555555555553,SIM,,CQ P30,0.0,0.0,,ESZOPICLONA 3MG COMPRIMIDO REVESTIDO,
SIM,,Sólidos P01,Sim,22161-0,ETORICOXIBE 60MG CT BL X 14 CPRV,EPR00851,0.0,0.0,0.0,0.0,0.0,0.0,0.0,0.0,0.0,0.0,0.0,0.0,0.0,0.0,SIM,,CQ P30,0.0,0.0,,ECOXE 60 MG COMPRIMIDO REVESTIDO CLONE / ETORICOXIBE 60 MG COMPRIMIDO REVESTIDO CLONE (MATRIZ ETORICOXIBE 60 MG COMPRIMIDO REVESTIDO ZYDUS),
SIM,,Sólidos P01,Sim,22165-0,ETORICOXIBE 60MG CT BL X 7 CPRV,EPR00851,0.0,0.0,0.0,0.0,0.0,0.0,0.0,0.0,0.0,0.0,0.0,0.0,0.0,0.0,SIM,,CQ P30,0.0,0.0,,ECOXE 60 MG COMPRIMIDO REVESTIDO CLONE / ETORICOXIBE 60 MG COMPRIMIDO REVESTIDO CLONE (MATRIZ ETORICOXIBE 60 MG COMPRIMIDO REVESTIDO ZYDUS),
SIM,,Terceiro,Sim,22994-0,EVORTIA 15MG CPRV BL X60 C1,MPR01393,0.0,0.0,1.0,0.0,0.0,0.0,0.0,0.0,0.0,0.0,0.0,0.0,1.0,0.08333333333333333,SIM,,CQ P30,0.0,0.0,,EVORTIA 15 MG COMPRIMIDO REVESTIDO / BROMIDRATO DE VOTIOXETINA 15 MG COMPRIMIDO REVESTIDO,
SIM,,Terceiro,Sim,22989-0,EVORTIA 5MG CPRV BL X30 C1,MPR01391,0.0,1.0,0.0,0.0,0.0,0.0,1.0,0.0,0.0,0.0,0.0,0.246493287580519,2.246493287580519,0.18720777396504326,SIM,,CQ P30,0.0,0.0,,EVORTIA 5 MG COMPRIMIDO REVESTIDO / BROMIDRATO VORTIOXETINA 5 MG COMPRIMIDO REVESTIDO,
SIM,,Sólidos P19,Não,22152-0,EZETIMIBA+SINVASTATINA 10+10MG CPR 1X30,MPR01015,0.0,0.0,0.0,0.0,0.0,0.0,0.0,0.0,0.0,0.0,0.0,0.0,0.0,0.0,SIM,,CQ P30,4.0,0.0,,EZETIMIBA 10 MG + SINVASTATINA 10 MG COMPRIMIDO,
SIM,,Líquidos P24,Não,23070-0,FEXOFENADINA SUSP ORAL 6MG FR X 150ML,MPR01265,0.0,0.0,0.0,0.0,0.0,0.0,0.0,0.0,0.0,0.0,2.0705436156763595,0.8935507246376813,2.9640943403140407,0.24700786169283673,SIM,,CQ P30,3.0,0.0,,CLORIDRATO DE FEXOFENADINA 6 MG/ML SUSPENSÃO,
SIM,,Líquidos P24,Não,23071-0,FEXOFENADINA SUSP ORAL 6MG FR X 60ML,MPR01265,0.0,0.0,0.0,0.0,0.0,0.0,0.0,0.0,0.0,0.0,2.0705436156763595,0.8935507246376813,2.9640943403140407,0.24700786169283673,SIM,,CQ P30,3.0,0.0,,CLORIDRATO DE FEXOFENADINA 6 MG/ML SUSPENSÃO,
SIM,,Sólidos P19,Não,23478-0,FLEXMUSCULAR CT BL 30 CPRV,MPR01326,0.0,4.0,1.0,7.0,3.0,5.0,7.0,1.0,13.14361518052258,3.8433740718739324,4.807905604719764,8.963300243683468,58.758195100799746,4.896516258399979,SIM,,CQ P30,4.0,0.0,,NEOSALDINA MUSCULAR COMPRIMIDO REVESTIDO / MIORRELAX MUSCULAR COMPRIMIDO REVESTIDO,
SIM,,Terceiro,Não,23501-0,"FLURBIPROFENO 8,75MG LARAN BL 8 PAS DURA",Método não encontrado,0.0,0.0,0.0,0.0,0.0,0.0,0.0,0.0,0.0,0.0,0.0,0.0,0.0,0.0,NÃO,,CQ P30,0x2a,0.0,,Método não encontrado,
SIM,,Terceiro,Não,23502-0,"FLURBIPROFENO 8,75MG LARAN BL16 PAS DURA",Método não encontrado,0.0,0.0,0.0,0.0,0.0,0.0,0.0,0.0,0.0,0.0,0.0,0.0,0.0,0.0,NÃO,,CQ P30,0x2a,0.0,,Método não encontrado,
SIM,,Terceiro,Não,23504-0,"FLURBIPROFENO 8,75MG MEL LIM 16PAS DURA",Método não encontrado,0.0,0.0,0.0,0.0,0.0,0.0,0.0,0.0,0.0,0.0,0.0,0.0,0.0,0.0,NÃO,,CQ P30,0x2a,0.0,,Método não encontrado,
SIM,,Terceiro,Não,23503-0,"FLURBIPROFENO 8,75MG MEL LIM 8 PAS DURA",Método não encontrado,0.0,0.0,0.0,0.0,0.0,0.0,0.0,0.0,0.0,0.0,0.0,0.0,0.0,0.0,NÃO,,CQ P30,0x2a,0.0,,Método não encontrado,
SIM,,Cosmed P01,Não,22116-0,FOQ XR 54MG FR X30 CPRV LIB PROL A3,MPR01192,0.0,0.0,0.0,0.0,0.0,0.0,0.0,0.0,0.35921404768803206,0.14146232824607574,0.0,0.0,0.5006763759341077,0.04172303132784231,SIM,,CQ P30,4.0,0.0,,FOQ XR 54 MG COMPRIMIDO REVESTIDO DE LIBERAÇÃO PROLONGADA,
SIM,,Terceiro,Não,23493-0,FUROATO MOMETASON SPR NAS 50MCG 120ACION,MPR00882,0.0,0.0,0.0,0.0,11.0,1.0,8.0,0.0,1.3210613807783482,2.5526390307923332,1.4367453140944315,1.6359465207717718,26.946392246436883,2.2455326872030734,SIM,,CQ P30,4.0,1.0,2.25,AMOME 50 MCG/ACIONAMENTO SUSPENSÃO SPRAY NASAL - 120 ACIONAMENTOS,2.25
SIM,,Terceiro,Não,23492-0,FUROATO MOMETASON SPR NAS 50MCG 60 ACION,MPR00883,0.0,0.0,0.0,0.0,1.0,0.0,3.0,0.0,0.0,0.6211564588573241,0.23383442099675358,0.0,4.8549908798540775,0.40458257332117314,SIM,,CQ P30,4.0,0.0,2.0,AMOME 50 MCG/ACIONAMENTO SUSPENSÃO SPRAY NASAL - 60 ACIONAMENTOS,2.0
SIM,,Estéreis P23 CO,Não,19630-0,GARASONE SOLU OTO/OFT CT FR 6ML AG,MPR00248,0.0,0.0,0.0,0.0,0.0,0.0,0.0,0.0,0.0,0.0,0.0,0.0,0.0,0.0,SIM,,CQ P30,2.0,0.0,3.5,GARASONE SOLUÇÃO GOTAS ESTÉRIL,3.5
,,Terceiro,Sim,23285-0,GASTROL PROBIOTICO 1BI CT BLX10 CAP DURA,MPR01304,0.0,0.0,0.0,0.0,0.0,0.0,0.0,0.0,0.0,0.0,0.0,0.0,0.0,0.0,SIM,,CQ P37,0.0,0.0,,GASTROL PROBIÓTICO CÁPSULA DURA,
,,Terceiro,Sim,23286-0,GASTROL PROBIOTICO 1BI CT BLX30 CAP DURA,MPR01304,0.0,0.0,0.0,0.0,0.0,0.0,0.0,0.0,0.0,0.0,0.0,0.0,0.0,0.0,SIM,,CQ P37,0.0,0.0,,GASTROL PROBIÓTICO CÁPSULA DURA,
,,Simple Organic,Não,23674-0,GEL DE LIMPEZA PROFUNDA FR 350G SF,Método não encontrado,0.0,0.0,0.0,0.0,0.0,0.0,0.0,0.0,0.0,0.0,0.0,0.0,0.0,0.0,NÃO,,N/A,0x2a,0.0,,Método não encontrado,
,,Simple Organic,Não,23728-0,GEL DE LIMPEZA PROFUNDA SCH 7G SF AG,Método não encontrado,0.0,0.0,0.0,0.0,0.0,0.0,0.0,0.0,0.0,0.0,0.0,0.0,0.0,0.0,NÃO,,N/A,0x2a,0.0,,Método não encontrado,
,,Simple Organic,Não,23675-0,GEL DE LIMPEZA SUAVE FR 350G SF,Método não encontrado,0.0,0.0,0.0,0.0,0.0,0.0,0.0,0.0,0.0,0.0,0.0,0.0,0.0,0.0,NÃO,,N/A,0x2a,0.0,,Método não encontrado,
SIM,LINHA,Aerossóis P45,Não,23687-0,GELOL SOL AER DERM TB AL 120ML,Método não encontrado,0.0,0.0,0.0,0.0,0.0,0.0,0.0,0.0,0.0,0.0,0.0,0.6901812052254531,0.6901812052254531,0.05751510043545443,NÃO,,CQ P30,0x2a,0.0,,Método não encontrado,
SIM,,Sólidos P19,Não,22884-0,GLICLAZIDA 60MG X 60CPR LIB PROL,MPR01285,0.0,5.0,1.0,0.0,0.0,1.0,4.0,3.0,1.9348156125021874,4.321833057182424,3.0013962635201574,2.1408835592036826,25.39892849240845,2.116577374367371,SIM,,CQ P30,3.0,0.0,,GLICLAZIDA 60 MG COMPRIMIDO DE LIBERAÇÃO PROLONGADA,
SIM,,Terceiro,Sim,23148-0,GLYCARE CONTROL GEL REFIL 240G,MPR01410,0.0,0.0,0.0,0.0,0.0,0.0,0.0,2.0,0.670809793358095,0.26417206061250226,0.0,0.0,2.9349818539705974,0.24458182116421645,SIM,,CQ P30,0.0,0.0,,GLYCARE CONTROL GEL REFIL,
SIM,,Terceiro,Sim,22593-0,GLYCARE CONTROL SABONETE BAR 11G AG,MPR00981,0.0,0.0,0.0,1.0,0.0,0.0,0.0,0.0,0.0,0.0,0.0,0.0,1.0,0.08333333333333333,SIM,,CQ P30,0.0,0.0,,GLYCARE CONTROL SABONETE BARRA,
,,Terceiro,Não,22242-0,GLYCARE INTENSE GEL DE LIMPEZA FR 300G,MPR00860,0.0,0.0,0.0,0.0,0.0,0.0,0.0,0.0,0.0,0.0,0.0,0.0,0.0,0.0,SIM,,N/A,1.0,0.0,,GLYCARE INTENSE GEL DE LIMPEZA,
,,Terceiro,Não,22241-0,GLYCARE INTENSE GEL LIMPEZA FR 150G,MPR00860,0.0,0.0,0.0,0.0,0.0,0.0,0.0,0.0,0.0,0.0,0.0,0.0,0.0,0.0,SIM,,N/A,1.0,0.0,,GLYCARE INTENSE GEL DE LIMPEZA,
,,Terceiro,Não,20926-1,GLYCARE NIGHT SERUM CT FR C/ 30ML,MPR00392,0.0,0.0,0.0,0.0,0.0,0.0,0.0,0.0,0.0,0.0,0.0,0.0,0.0,0.0,SIM,,N/A,1.0,0.0,,GLYCARE NIGHT SERUM EMULSÃO,
SIM,,Dermocosméticos P22,Não,20974-1,GLYCARE SABONETE BARRA 90G,MPR00401,0.0,0.0,0.0,0.0,0.0,0.0,0.0,0.0,0.0,0.0,0.0,0.0,0.0,0.0,SIM,,CQ P30,1.0,0.0,,GLYCARE SABONETE BARRA,
SIM,,Terceiro,Não,20353-1,HEMITARTARATO ZOLPIDEM 10MG B1 CT 20CPRV,Método não encontrado,0.0,0.0,0.0,0.0,0.0,0.0,0.0,0.0,0.0,0.0,0.0,0.0,0.0,0.0,NÃO,,CQ P30,0x2a,0.0,,Método não encontrado,
,,Simple Organic,Não,22769-0,HIDRATANTE AC HIALURONICO REFIL 30ML E-C,Método não encontrado,0.0,0.0,0.0,0.0,0.0,0.0,0.0,0.0,0.0,0.0,0.0,0.0,0.0,0.0,NÃO,,N/A,0x2a,0.0,,Método não encontrado,
SIM,,Líquidos P24,Não,22979-0,HISCONGEX SOL GOTAS CT FR X 20ML,MPR00964,0.0,3.0,0.0,0.0,0.0,0.0,0.0,0.0,1.0,0.0,0.0,0.0,4.0,0.3333333333333333,SIM,,CQ P30,4.0,0.0,,"MALEATO DE BRONFENIRAMINA 2,0 MG/ML + CLORIDRATO DE FENILEFRINA 2,5 MG/ML SOLUÇÃO GOTAS / HISCONGEX SOLUÇÃO GOTAS / DESCON SOLUÇÃO GOTAS",
SIM,,Terceiro,Sim,22693-0,"HYBLUT 60MG SOL INJ 2 SER 0,6ML+ DIS SEG",EPR01229,0.0,0.0,0.0,0.0,0.0,0.0,0.0,0.0,0.9542185459294732,1.038355411086962,0.884392751790982,1.0056142997612025,3.8825810085686197,0.3235484173807183,SIM,,CQ P30,0.0,0.0,,HYBLUT 100 MG/ML SOLUÇÃO INJETÁVEL,
,,Terceiro,Sim,22590-0,HYDRAPORIN AI BRUMA CORPORAL FR 190ML,MPR00891,0.0,0.0,0.0,0.0,0.0,0.0,0.0,0.0,0.0,0.0,0.0,0.0,0.0,0.0,SIM,,N/A,0.0,0.0,,HYDRAPORIN AI BRUMA CORPORAL,
,,Terceiro,Sim,22637-0,HYDRAPORIN AI OLEO DE LIMPEZA FR 190ML,MPR01016,0.0,0.0,0.0,0.0,0.0,0.0,0.0,0.0,0.0,0.0,0.0,0.0,0.0,0.0,SIM,,N/A,0.0,0.0,3.5,HYDRAPORIN AI OLEO DE LIMPEZA LÍQUIDO VISCOSO,3.5
,,Bioage,Sim,23491-0,HYDRAPORIN AI OLEO LIMPEZA FR 500ML,MPR01016,0.0,0.0,0.0,0.0,0.0,0.0,0.0,0.0,0.0,0.0,0.0,0.0,0.0,0.0,SIM,,N/A,0.0,0.0,3.5,HYDRAPORIN AI OLEO DE LIMPEZA LÍQUIDO VISCOSO,3.5
SIM,,Terceiro,Sim,23093-0,HYVORA 200MG PO LIOF SOL INJ CT 1FA VD T,EPR01255,0.0,0.0,0.0,0.0,1.0,0.0,0.0,0.0,0.0,0.6901812052254531,0.25981879477454695,0.6901812052254531,2.640181205225453,0.22001510043545444,SIM,,CQ P30,0.0,0.0,,HYVORA 200 MG PÓ LIOFILIZADO PARA SOLUÇÃO INJETÁVEL CLONE (MATRIZ VORICONAZOL  200 MG PÓ PARA SOLUÇÃO INJETÁVEL MSN),
,,Simple Organic,Não,22675-0,ILUMINADOR SHINE STICK 4G E-C,Método não encontrado,0.0,0.0,0.0,0.0,0.0,0.0,0.0,0.0,0.0,0.0,0.0,0.0,0.0,0.0,NÃO,,N/A,0x2a,0.0,,Método não encontrado,
SIM,,Sólidos P19,Não,15770-0,IVERNEO 6MG COMP CT ENV 1X2,MPR00091,0.0,0.0,0.0,0.0,0.0,0.0,0.0,0.0,0.0,0.0,0.0,0.0,0.0,0.0,SIM,,CQ P30,3.0,0.0,3.2857142857142856,IVERNEO 6MG COMPRIMIDO / IVERMECTINA 6MG COMPRIMIDO,3.2857142857142856
SIM,,Cosmed P01,Sim,21236-0,IVEVI CT BL 14 CPRV AG,EPR00052,0.0,0.0,0.0,0.0,0.0,0.0,0.0,0.0,0.0,0.0,0.0,0.0,0.0,0.0,SIM,,CQ P30,0.0,0.0,,"IVEVI COMPRIMIDO REVESTIDO 2,5 MG CLONE (MATRIZ LETROZOL COMPRIMIDO REVESTIDO 2,5 MG ACCORD)",
SIM,,Cosmed P01,Sim,21235-0,IVEVI CT BL 28 CPRV,EPR00052,0.0,0.0,0.0,0.0,0.0,0.0,0.0,0.0,0.0,0.0,0.0,0.0,0.0,0.0,SIM,,CQ P30,0.0,0.0,,"IVEVI COMPRIMIDO REVESTIDO 2,5 MG CLONE (MATRIZ LETROZOL COMPRIMIDO REVESTIDO 2,5 MG ACCORD)",
SIM,,Dermocosméticos P22,Não,23446-0,IVY C AOX FR 15G,MPR00747,1.0,0.0,0.0,1.0,0.0,0.0,2.0,0.0,0.0,0.0,0.0,0.0,4.0,0.3333333333333333,SIM,,CQ P30,1.0,0.0,2.0,IVY C GEL AOX,2.0
SIM,,Dermocosméticos P22,Não,23624-0,IVY C AOX FR 30G AG TRIB,MPR00747,0.0,0.0,0.0,1.0,0.0,0.0,0.0,0.0,0.0,0.0,0.0,0.0,1.0,0.08333333333333333,SIM,,CQ P30,1.0,0.0,2.0,IVY C GEL AOX,2.0
SIM,,Dermocosméticos P22,Não,23615-0,IVY C FERULIC CT FR PUMP 30G AG TRIB,MPR00577,0.0,0.0,0.0,1.0,1.0,0.0,0.0,0.0,0.0,0.0,0.0,0.0,2.0,0.16666666666666666,SIM,,CQ P30,1.0,0.0,,IVY C FERULIC CREME,
,,Bioage,Não,23711-0,IVY C PDRN FR 30ML,Método não encontrado,0.0,0.0,0.0,0.0,0.0,0.0,0.0,0.0,0.0,0.0,0.0,0.0,0.0,0.0,NÃO,,N/A,0x2a,0.0,,Método não encontrado,
SIM,,Dermocosméticos P22,Não,20934-1,IVY C10 CR FR CT 30ML,Método não encontrado,0.0,0.0,0.0,0.0,0.0,0.0,0.0,0.0,0.0,0.0,0.0,0.0,0.0,0.0,NÃO,,CQ P30,0x2a,0.0,,Método não encontrado,
SIM,,Dermocosméticos P22,Sim,23462-0,KIT EPIDRAT CALM 40ML+CORPO CREME 500G,EPR01434,11.0,0.0,0.0,0.0,0.0,0.0,0.0,0.0,0.0,0.0,0.0,0.0,11.0,0.9166666666666666,SIM,,CQ P30,0.0,0.0,,KIT EPIDRAT CALM 40ML+CORPO CREME 500G,
SIM,,Dermocosméticos P22,Sim,23211-0,KIT EPISOL SEC OC 60ML + GLYCARE CTR 60G,EPR01421,0.0,0.0,0.0,0.0,0.0,0.0,0.0,0.0,0.0,0.0,0.0,0.0,0.0,0.0,SIM,,CQ P30,0.0,0.0,,KIT EPISOL SEC OC FPS 60 + GLYCARE CONTROL GEL DE LIMPEZA  ,
SIM,,Dermocosméticos P22,Não,21050-0,KIT EPISOL SEC OC FPS30+EPISOL INT FPS30,Método não encontrado,0.0,0.0,0.0,0.0,0.0,0.0,0.0,0.0,0.0,0.0,0.0,0.0,0.0,0.0,NÃO,,CQ P30,0x2a,0.0,,Método não encontrado,
SIM,,Dermocosméticos P22,Não,21591-0,KIT EPISOL SEC OC FPS60 + EPIDAC OC 60ML,Método não encontrado,0.0,0.0,0.0,0.0,0.0,0.0,0.0,0.0,0.0,0.0,0.0,0.0,0.0,0.0,NÃO,,CQ P30,0x2a,0.0,,Método não encontrado,
,,Bioage,Não,23821-0,KIT NEOPANTOL BABY CT BG 2X30G,Método não encontrado,0.0,0.0,0.0,0.0,0.0,0.0,0.0,0.0,0.0,0.0,0.0,0.0,0.0,0.0,NÃO,,N/A,0x2a,0.0,,Método não encontrado,
,,Terceiro,Não,23791-0,KIT NEOPANTOL BABY CT BG 2X60G,Método não encontrado,0.0,0.0,0.0,0.0,0.0,0.0,0.0,0.0,0.0,0.0,0.0,0.0,0.0,0.0,NÃO,,N/A,0x2a,0.0,,Método não encontrado,
SIM,,Terceiro,Não,22239-0,LEVETIRACETAM 250MG CT BL X 60 CPRV,MPR01245,0.0,1.0,0.0,0.0,1.0,0.0,0.0,0.0,0.0,0.0,0.0,0.0,2.0,0.16666666666666666,SIM,,CQ P30,3.0,0.0,,LEVETIRACETAM 250 MG COMPRIMIDO REVESTIDO,
SIM,,Sólidos P01,Não,22240-0,LEVETIRACETAM 750MG CT BL X 60 CPRV,MPR01246,0.0,0.0,0.0,0.0,1.0,0.0,0.0,0.0,0.0,0.0,0.0,0.1411702199274807,1.1411702199274807,0.09509751832729006,SIM,,CQ P30,3.0,0.0,,LEVETIRACETAM 750 MG COMPRIMIDO REVESTIDO,
SIM,LINHA,Terceiro,Não,23445-0,LINAGLIPTINA 5MG CT BL 30 CPRV,Método não encontrado,0.0,0.0,0.0,0.0,0.0,0.0,0.0,0.0,0.699340144898271,3.8162106998996985,4.8737388132018475,5.0688496955720925,14.45813935357191,1.2048449461309925,NÃO,,CQ P30,0x2a,0.0,,Método não encontrado,
,,Simple Organic,Não,22766-0,LIP CHEEK CANDY POTE 4G E-C,Método não encontrado,0.0,0.0,0.0,0.0,0.0,0.0,0.0,0.0,0.0,0.0,0.0,0.0,0.0,0.0,NÃO,,N/A,0x2a,0.0,,Método não encontrado,
,,Simple Organic,Não,22768-0,LIP CHEEK PEACH POTE 4G E-C,Método não encontrado,0.0,0.0,0.0,0.0,0.0,0.0,0.0,0.0,0.0,0.0,0.0,0.0,0.0,0.0,NÃO,,N/A,0x2a,0.0,,Método não encontrado,
SIM,,Sólidos P19,Não,10841-1,LIPANON CT 5 CAP LIB RETARD AG,MPR00665,0.0,0.0,0.0,0.0,3.0,0.0,0.0,1.0,0.35155420113191116,0.4944339994580593,0.49000000000000005,0.1536280193236715,5.489616219913643,0.45746801832613687,SIM,,CQ P30,3.0,1.0,5.666666666666667,LIPANON 250 MG CÁPSULA DURA DE LIBERAÇÃO RETARDADA,5.666666666666667
SIM,LINHA,Sólidos P19,Não,20449-1,LISADOR DIP 1G CT BL 2 CPR AG,MPR00357,0.0,0.0,0.0,0.0,0.0,0.0,0.0,0.0,0.10986068785372224,0.15451062483064357,0.15312500000000004,0.13700580618614,0.5545021188705058,0.04620850990587549,SIM,,CQ P30,3.0,1.0,18.875,Método não encontrado,18.875
SIM,,Líquidos P01,Não,23532-0,LISADOR DIP 500MG/ML SOL FR PET X10ML AG,Método não encontrado,0.0,0.0,0.0,0.0,0.0,0.0,0.0,0.0,0.0,0.0,0.0,0.0,0.0,0.0,NÃO,,CQ P30,0x2a,0.0,,Método não encontrado,
SIM,,Líquidos P01,Não,23531-0,LISADOR DIP 500MG/ML SOL OR PET X 20ML,Método não encontrado,0.0,0.0,0.0,0.0,0.0,0.0,0.0,0.0,0.0,0.0,0.0,0.0,0.0,0.0,NÃO,,CQ P30,0x2a,0.0,,Método não encontrado,
SIM,,Sólidos P19,Não,23328-0,LISDEXANFETAMINA 50MG FR 30 CAP DURA A3,MPR00009,0.0,0.0,0.0,0.0,0.0,0.0,0.0,0.0,0.0,0.6902226177542677,0.25983438452582347,0.0,0.9500570022800912,0.07917141685667427,SIM,,CQ P30,2.0,0.0,,EPISOL FPS 60 ANTIOX EMULSÃO,
SIM,,Sólidos P19,Não,23329-0,LISDEXANFETAMINA 70MG FR 30 CAP DURA A3,Método não encontrado,0.0,0.0,0.0,0.0,0.0,0.0,0.0,0.0,0.0,0.6901812052254531,0.25981879477454695,0.0,0.9500000000000001,0.07916666666666668,NÃO,,CQ P30,0x2a,0.0,,Método não encontrado,
SIM,,Sólidos P19,Não,23327-0,LISDEXANFETAMINA CAP DUR 30MG FRX30 (A3),Método não encontrado,0.0,0.0,0.0,0.0,0.0,0.0,0.0,0.0,0.0,0.0,0.6902060524445633,0.29786096445483085,0.9880670168993941,0.08233891807494952,NÃO,,CQ P30,0x2a,0.0,,Método não encontrado,
SIM,,Terceiro,Não,22753-0,LUBRINAT GEL INTRAVAGINAL BG 10G+3APL AG,Método não encontrado,0.0,0.0,0.0,0.0,0.0,0.0,0.0,0.0,0.0,0.0,0.0,0.0,0.0,0.0,NÃO,,CQ P30,0x2a,0.0,,Método não encontrado,
SIM,,Terceiro,Sim,22752-0,LUBRINAT GEL INTRAVAGINAL BG 30G+10APL,MPR01167,0.0,0.0,0.0,0.0,0.0,0.0,0.0,0.0,0.0,0.0,0.0,0.0,0.0,0.0,SIM,,CQ P30,0.0,0.0,,PRODUTO PARA SAÚDE - LUBRINAT GEL INTRAVAGINAL,
SIM,,Cosmed P01,Sim,20807-0,LUNE 10MG B1 CT STR 30 CPRV,EPR00960,0.0,0.0,0.0,0.0,0.0,0.0,0.0,0.0,0.0,0.0,0.0,0.0,0.0,0.0,SIM,,CQ P30,0.0,0.0,,LUNE 10 MG COMPRIMIDO REVESTIDO CLONE (MATRIZ ZYLINOX 10 MG COMPRIMIDO REVESTIDO ZYDUS) - SUSPENSO,
SIM,,Cosmed P01,Sim,20868-0,LUNE SL 5MG B1 CT BL 30 CP SUBL,EPR00163,0.0,0.0,0.0,0.0,0.0,0.0,0.0,0.0,0.0,0.0,0.0,0.0,0.0,0.0,SIM,,CQ P30,0.0,0.0,,LUNE SL COMPRIMIDO SUBLINGUAL 5 MG CLONE E HEMITARTARATO DE ZOLPIDEM COMPRIMIDO SUBLINGUAL 5 MG CLONE (MATRIZ HEMITARTARATO DE ZOLPIDEM COMPRIMIDO SUBLINGUAL 5 MG ZYDUS),
SIM,,Sólidos P01,Não,11549-0,MAGNOPYROL 500MG CT 4X25X8 COMP,Método não encontrado,0.0,0.0,0.0,0.0,0.0,0.0,0.0,0.0,0.0,0.0,0.0,0.0,0.0,0.0,NÃO,,CQ P30,0x2a,0.0,,Método não encontrado,
SIM,LINHA,Sólidos P19,Não,19592-1,MAL DE ENALAPRIL 10MG CT BL ALXAL 30CPRV,MPR00436,0.0,0.0,0.0,0.0,0.0,0.0,0.0,0.0,5.5095358149212625,2.1697140436188715,3.4509060261272655,2.1794324129549216,13.309588297622321,1.1091323581351935,SIM,,CQ P30,3.0,2.0,5.428571428571429,Método não encontrado,5.428571428571429
SIM,,Sólidos P19,Não,19593-1,MAL DE ENALAPRIL 20MG CT BL ALXAL 30CPRV,MPR00437,0.0,0.0,0.0,0.0,0.0,0.0,0.0,0.0,0.0,0.0,0.7119764011799412,0.307256038647343,1.0192324398272843,0.08493603665227369,SIM,,CQ P30,3.0,0.0,2.3333333333333335,Método não encontrado,2.3333333333333335
SIM,LINHA,Sólidos P19,Não,19591-1,MAL DE ENALAPRIL 5MG CT BL ALXAL 30CPRV,MPR00435,0.0,0.0,0.0,0.0,0.0,0.0,0.0,0.0,0.24988902752940942,0.09840896775885118,0.2530407685954325,0.6110414325594309,1.212380196443124,0.101031683036927,SIM,,CQ P30,3.0,0.0,,Método não encontrado,
SIM,LINHA,Líquidos P24,Não,23505-0,MELATONUM SPRAY NASAL SUSP 212MCG 5ML AG,Método não encontrado,0.0,0.0,0.0,0.0,0.0,0.0,0.0,0.0,0.0,0.0,1.3803624104509062,0.5957004830917875,1.9760628935426938,0.16467190779522448,NÃO,,CQ P30,0x2a,0.0,,Método não encontrado,
SIM,,Líquidos P24,Não,23506-0,MELATONUM SPRAY NASAL SUSP 212MCG 8ML,Método não encontrado,0.0,0.0,0.0,0.0,0.0,0.0,0.0,0.0,0.0,0.0,0.0,0.0,0.0,0.0,NÃO,,CQ P30,0x2a,0.0,,Método não encontrado,
SIM,,Dermocosméticos P22,Não,20592-0,MERTHIOLATE CICATRIX BG 30ML,MPR00722,0.0,0.0,0.0,0.0,0.0,0.0,0.0,0.0,0.0,0.0,0.0,0.0,0.0,0.0,SIM,,CQ P30,1.0,0.0,,MERTHIOLATE CICATRIX CREME,
SIM,,Sólidos P19,Não,23043-1,MIORRELAX CT BL 20 CPRV,MPR01326,0.0,0.0,0.0,2.0,1.0,0.0,5.0,1.0,0.0,0.0,0.0,0.0,9.0,0.75,SIM,,CQ P30,4.0,0.0,,NEOSALDINA MUSCULAR COMPRIMIDO REVESTIDO / MIORRELAX MUSCULAR COMPRIMIDO REVESTIDO,
SIM,,Terceiro,Sim,21637-0,MONTELUCASTE 10MG CT BLX30 CPRV,EPR00417,0.0,0.0,0.0,0.0,0.0,0.0,0.0,0.0,0.0,0.0,0.0,0.0,0.0,0.0,SIM,,CQ P30,0.0,0.0,, MONTELUCASTE 10 MG COMPRIMIDO REVESTIDO CLONE (MATRIZ MONTELUCASTE DE SÓDIO 10 MG COMPRIMIDO REVESTIDO ZYDUS) ,
,,Terceiro,Não,23510-0,NEBACETIN BABY CREME PREVENT BG 120G,Método não encontrado,0.0,0.0,0.0,0.0,0.0,0.0,0.0,0.0,0.0,0.0,0.0,0.0,0.0,0.0,NÃO,,N/A,0x2a,0.0,,Método não encontrado,
,,Terceiro,Não,23508-0,NEBACETIN BABY CREME PREVENT BG 30G,Método não encontrado,0.0,0.0,0.0,0.0,0.0,0.0,0.0,0.0,0.0,0.0,0.0,0.0,0.0,0.0,NÃO,,N/A,0x2a,0.0,,Método não encontrado,
,,Terceiro,Não,23509-0,NEBACETIN BABY CREME PREVENT BG 60G,Método não encontrado,0.0,0.0,0.0,0.0,0.0,0.0,0.0,0.0,0.0,0.0,0.0,0.0,0.0,0.0,NÃO,,N/A,0x2a,0.0,,Método não encontrado,
,,Bioage,Não,23597-0,NEBACETIN BABY CREME PREVENT SCH 5G AG,Método não encontrado,0.0,0.0,0.0,0.0,0.0,0.0,0.0,0.0,0.0,0.0,0.0,0.0,0.0,0.0,NÃO,,N/A,0x2a,0.0,,Método não encontrado,
,,Terceiro,Sim,22410-0,NEBACETIN BABY CREME TRATAMENTO 30G,MPR00978,0.0,0.0,0.0,0.0,0.0,0.0,0.0,0.0,0.0,0.0,0.0,0.0,0.0,0.0,SIM,,N/A,0.0,0.0,2.0,NEBACETIN BABY CREME TRATAMENTO PASTA,2.0
,,Terceiro,Sim,22413-0,NEBACETIN BABY CREME TRATAMENTO 60G,MPR00978,0.0,0.0,0.0,0.0,0.0,0.0,0.0,0.0,0.0,0.0,0.0,0.0,0.0,0.0,SIM,,N/A,0.0,0.0,2.0,NEBACETIN BABY CREME TRATAMENTO PASTA,2.0
SIM,LINHA,Semissólidos P01 | Itapecerica,Não,21667-3,NEBACETIN POM 5MG/G+250UI/G CT BG 15G,MPD00748,0.0,0.0,0.0,0.0,0.0,0.0,0.0,0.0,0.0,2.0051569380462864,4.096774332715687,10.799626982864417,16.90155825362639,1.4084631878021991,SIM,,CQ P30,1.0,0.0,,Método não encontrado,
SIM,LINHA,Semissólidos P01 | Itapecerica,Sim,21666-1,NEBACETIN POM 5MG/G+250UI/G CT BG 50G,EPR00560,0.0,0.0,0.0,0.0,0.0,0.0,0.0,0.0,0.0,0.0,3.208252844500633,8.870456637168143,12.078709481668776,1.006559123472398,SIM,,CQ P30,0.0,0.0,,Método não encontrado,
SIM,LINHA,Semissólidos P01,Não,21669-1,NENE DENT GEL CT BG AL 10G,Método não encontrado,0.0,0.0,0.0,0.0,0.0,0.0,0.0,0.0,2.152372659991293,4.48015999909004,2.820480404551201,0.6270531400966184,10.080066203729153,0.8400055169774294,NÃO,,CQ P30,0x2a,0.0,,Método não encontrado,
SIM,,Sólidos P01,Não,21668-1,NENE-DENT N SOL TOPICA CT FR PLAS AMB10G,Método não encontrado,0.0,0.0,0.0,0.0,0.0,0.0,0.0,0.0,0.0,0.0,0.0,0.0,0.0,0.0,NÃO,,CQ P30,0x2a,0.0,,Método não encontrado,
SIM,,Sólidos P01,Não,23409-0,NEO QUIMICA FILG 200MG CT BL 30 CAP MOLE,Método não encontrado,0.0,0.0,0.0,0.0,0.0,0.0,0.0,0.0,0.0,0.0,0.0,0.0,0.0,0.0,NÃO,,CQ P30,0x2a,0.0,,Método não encontrado,
SIM,,Sólidos P01,Não,23423-0,NEO QUIMICA FILG 300MG CT BL 30 CAP MOLE,Método não encontrado,0.0,0.0,0.0,0.0,0.0,0.0,0.0,0.0,0.0,0.0,0.0,0.0,0.0,0.0,NÃO,,CQ P30,0x2a,0.0,,Método não encontrado,
SIM,,Líquidos P24,Não,12383-0,"NEOCOFLAN 11,6MG/G GEL CT BG 1X30G",MPR01068,0.0,0.0,0.0,0.0,0.0,0.0,0.0,0.0,0.0,0.0,0.0,0.0,0.0,0.0,SIM,,CQ P30,3.0,0.0,,"NEOCOFLAN 11,6MG/G GEL / CALMINEX DICLO 11,6MG/G GEL (NF)",
,,Terceiro,Não,23187-0,NEOFEMME SAB LIQ FLORAL FR 200ML,Método não encontrado,0.0,0.0,0.0,0.0,0.0,0.0,0.0,0.0,0.0,0.0,0.0,0.0,0.0,0.0,NÃO,,N/A,0x2a,0.0,,Método não encontrado,
,,Terceiro,Não,23186-0,NEOFEMME SAB LIQ NEUTRO FR 200ML,Método não encontrado,0.0,0.0,0.0,0.0,0.0,0.0,0.0,0.0,0.0,0.0,0.0,0.0,0.0,0.0,NÃO,,N/A,0x2a,0.0,,Método não encontrado,
,,Terceiro,Não,22526-0,NEOPANTOL BABY BG CT 30G,Método não encontrado,0.0,0.0,0.0,0.0,0.0,0.0,0.0,0.0,0.0,0.0,0.0,0.0,0.0,0.0,NÃO,,N/A,0x2a,0.0,,Método não encontrado,
,,Bioage,Não,23812-0,NEOPANTOL BABY CT BG 60G,Método não encontrado,0.0,0.0,0.0,0.0,0.0,0.0,0.0,0.0,0.0,0.0,0.0,0.0,0.0,0.0,NÃO,,N/A,0x2a,0.0,,Método não encontrado,
SIM,,Sólidos P19,Não,16047-0,NEOPRAZOL 40MG CAP CT FR PL 1X28,MPR00054 ,0.0,0.0,0.0,0.0,0.0,0.0,0.0,0.0,0.0,0.0,0.0,0.0,0.0,0.0,NÃO,,CQ P30,0x2a,0.0,,NEOPRAZOL 40 MG CÁPSULA DURA - SUSPENSO,
,,Terceiro,Não,23582-0,NEOQUIMICA TABS 3MG LARANJA 12 PAS DURA,Método não encontrado,0.0,0.0,0.0,0.0,0.0,0.0,0.0,0.0,0.0,0.0,0.0,0.0,0.0,0.0,NÃO,,N/A,0x2a,0.0,,Método não encontrado,
,,Terceiro,Não,23549-0,NEOQUIMICA TABS 3MG MEL LIM 12 PAS DURA,Método não encontrado,0.0,0.0,0.0,0.0,0.0,0.0,0.0,0.0,0.0,0.0,0.0,0.0,0.0,0.0,NÃO,,N/A,0x2a,0.0,,Método não encontrado,
,,Terceiro,Não,23550-0,NEOQUIMICA TABS 3MG MENT LIM DIET 12 PAS,Método não encontrado,0.0,0.0,0.0,0.0,0.0,0.0,0.0,0.0,0.0,0.0,0.0,0.0,0.0,0.0,NÃO,,N/A,0x2a,0.0,,Método não encontrado,
SIM,,Sólidos P19,Não,23104-0,NEOSALDINA MAX BL X 16 CPRV,MPR01373,0.0,0.0,0.0,0.0,0.0,0.0,0.0,0.0,0.6815846756639095,1.256735088330765,1.0622342950355133,0.29785024154589373,3.298404300576082,0.2748670250480068,SIM,,CQ P30,4.0,0.0,,NEOSALDINA MAX COMPRIMIDO REVESTIDO,
SIM,,Sólidos P19,Não,23103-0,NEOSALDINA MAX BL X 8 CPRV,MPR01373,0.0,0.0,0.0,0.0,0.0,0.0,0.0,0.0,2.3080702177880816,5.277970265059108,3.981901831795141,1.0086190262470793,12.576561340889409,1.0480467784074508,SIM,,CQ P30,4.0,0.0,,NEOSALDINA MAX COMPRIMIDO REVESTIDO,
SIM,,Sólidos P19,Não,23099-1,NEOSALDINA MUSCULAR CT BL 20 CPRV,MPR01326,0.0,2.0,1.0,0.0,1.0,2.0,3.0,0.0,2.727248114336139,1.0228186510410329,2.4131548151409423,1.6337445171219702,16.796966097640084,1.3997471748033403,SIM,,CQ P30,4.0,0.0,,NEOSALDINA MUSCULAR COMPRIMIDO REVESTIDO / MIORRELAX MUSCULAR COMPRIMIDO REVESTIDO,
SIM,,Sólidos P19,Não,23100-1,NEOSALDINA MUSCULAR CT BL 30 CPRV,MPR01326,0.0,0.0,0.0,0.0,0.0,0.0,1.0,0.0,1.2343694674212742,0.3296226663053729,0.32666666666666666,0.10241867954911434,2.993077479942428,0.24942312332853567,SIM,,CQ P30,4.0,0.0,,NEOSALDINA MUSCULAR COMPRIMIDO REVESTIDO / MIORRELAX MUSCULAR COMPRIMIDO REVESTIDO,
SIM,,Líquidos P24,Não,22852-0,NEOSORO H FLUID 3% SOL SPR FR AMB 1X60ML,MPR01267,0.0,0.0,0.0,0.0,0.0,0.0,0.0,0.0,0.0,0.0,0.0,0.0,0.0,0.0,SIM,,CQ P30,2.0,0.0,,NEOSORO H FLUID 3% SOLUÇÃO SPRAY,
SIM,LINHA,Sólidos P01,Sim,21663-2,NESINA 25MG CT BL 3X10 CPRV,MPR01496,0.0,0.0,0.0,0.0,0.0,0.0,0.0,0.0,0.32375272094035695,2.198040894736002,1.0018760174907757,0.0959860120238132,3.619655645190948,0.301637970432579,SIM,,CQ P30,0.0,0.0,,Método não encontrado,
,,Terceiro,Não,21699-1,NESINA 25MG CT BL 5 CPRV AG,Método não encontrado,0.0,0.0,0.0,0.0,0.0,0.0,0.0,0.0,0.0,0.0,0.0,0.0,0.0,0.0,NÃO,,N/A,0x2a,0.0,,Método não encontrado,
SIM,LINHA,Sólidos P01,Sim,23161-1,NESINA 25MG CT BL 6X10 CPRV,MPR01496,0.0,0.0,0.0,0.0,0.0,0.0,0.0,0.0,0.0,1.453013063632533,0.5469869363674673,0.0,2.0,0.16666666666666666,SIM,,CQ P30,0.0,0.0,,Método não encontrado,
SIM,LINHA,Efervescentes P35,Não,21675-2,"NESINA MET 12,5+1000MG CT BL 6X10 CPRV",EPR00573,0.0,0.0,0.0,0.0,0.0,0.0,0.0,0.0,0.0,4.788338505152665,7.746714936980425,6.706304622657067,19.241358064790155,1.6034465053991795,SIM,,CQ P30,0.0,0.0,,Método não encontrado,
,,Efervescentes P35,Não,21711-1,"NESINA MET 12,5+850MG CT BL 10 CPRV AG",Método não encontrado,0.0,0.0,0.0,0.0,0.0,0.0,0.0,0.0,0.0,0.0,0.0,0.0,0.0,0.0,NÃO,,N/A,0x2a,0.0,,Método não encontrado,
SIM,LINHA,Efervescentes P35,Não,21673-2,"NESINA MET 12,5+850MG CT BL 6X10 CPRV",MPD00721,0.0,0.0,0.0,0.0,0.0,0.0,0.0,0.0,0.0,2.988413465924642,5.266075827283747,3.1674638597262685,11.421953152934657,0.9518294294112214,SIM,,CQ P30,3.0,0.0,,Método não encontrado,
SIM,,Sólidos P01,Não,21674-1,NESINA PIO 25 MG+15MG CT BL 30 CPRV,Método não encontrado,0.0,0.0,0.0,0.0,0.0,0.0,0.0,0.0,0.0,0.0,0.0,0.0,0.0,0.0,NÃO,,CQ P30,0x2a,0.0,,Método não encontrado,
SIM,LINHA,Sólidos P01,Não,23489-0,NESINA PIO 25+30MG CT BL 30 CPRV,MPD00721,0.0,0.0,0.0,0.0,0.0,0.0,0.0,0.0,0.0,3.123223187340063,4.081763858462107,5.134566946273149,12.33955399207532,1.0282961660062766,SIM,,CQ P30,3.0,0.0,,Método não encontrado,
SIM,,Líquidos P24,Não,23548-0,NESINA PIO 25+30MG CT BL 60 CPRV,Método não encontrado,0.0,0.0,0.0,0.0,0.0,0.0,0.0,0.0,0.0,0.0,0.0,0.0,0.0,0.0,NÃO,,CQ P30,0x2a,0.0,,Método não encontrado,
SIM,LINHA,Sólidos P19,Não,19806-1,NOVOTRAM 50MG CT BL 10 CAP DURA A2,MPR00968,0.0,0.0,0.0,0.0,0.0,0.0,0.0,0.0,1.0549263349794782,1.483672916603329,1.114112333393083,0.307256038647343,3.959967623623233,0.3299973019686027,SIM,,CQ P30,3.0,1.0,3.0,Método não encontrado,3.0
SIM,LINHA,Sólidos P19,Não,19807-1,NOVOTRAM 50MG CT BL 20 CAP DURA A2,MPR00968,0.0,0.0,0.0,0.0,0.0,0.0,0.0,0.0,2.1093252067914667,2.966603996748356,2.9400000000000004,3.057697319481852,11.073626523021675,0.9228022102518062,SIM,,CQ P30,3.0,1.0,3.0,Método não encontrado,3.0
SIM,,Líquidos P24,Não,15947-0,NUJOL 1X120ML,MPR00295,0.0,0.0,0.0,0.0,0.0,0.0,0.0,0.0,0.0,0.0,0.0,0.0,0.0,0.0,SIM,,CQ P30,2.0,0.0,,NUJOL,
SIM,,Líquidos P24,Não,15948-0,NUJOL 1X200ML,MPR00295,0.0,0.0,0.0,0.0,0.0,0.0,0.0,0.0,0.0,0.0,0.0,0.0,0.0,0.0,SIM,,CQ P30,2.0,0.0,,NUJOL,
,,Terceiro,Sim,22293-0,OLEO DE ROSA MOSQUETA CT FR VD 20ML,MPR00845,0.0,0.0,0.0,0.0,0.0,0.0,0.0,0.0,0.0,0.0,0.0,0.0,0.0,0.0,SIM,,N/A,0.0,0.0,,OLEO DE ROSA MOSQUETA LÍQUIDO,
,,Simple Organic,Não,22444-0,OLEO DE ROSA MOSQUETA CT FR VD 20ML E-C,Método não encontrado,0.0,0.0,0.0,0.0,0.0,0.0,0.0,0.0,0.0,0.0,0.0,0.0,0.0,0.0,NÃO,,N/A,0x2a,0.0,,Método não encontrado,
,,Simple Organic,Não,22801-0,OLEO RAW COPAIBA FR 5ML E-C,Método não encontrado,0.0,0.0,0.0,0.0,0.0,0.0,0.0,0.0,0.0,0.0,0.0,0.0,0.0,0.0,NÃO,,N/A,0x2a,0.0,,Método não encontrado,
SIM,,Terceiro,Sim,22231-0,ONDAVON 4MG CT BL X 30 CPR ORODISP,MPR01421,0.0,0.0,0.0,0.0,0.0,0.0,0.0,0.0,0.0,0.0,0.0,0.0,0.0,0.0,SIM,,CQ P30,0.0,0.0,,ONDANSETRONA 4 MG COMPRIMIDO ORODISPERSÍVEL CLONE / ONDAVON 4 MG COMPRIMIDO ORODISPERSÍVEL CLONE (MATRIZ ONDANSETRONA 4 MG COMPRIMDO REVESTIDO ALTHAIA),
,,Terceiro,Não,22291-0,ORGANIC EYE BALM CT FR 12G,EPR00888,0.0,0.0,0.0,0.0,0.0,0.0,0.0,0.0,0.0,0.0,0.0,0.0,0.0,0.0,SIM,,N/A,0.0,0.0,,ORGANIC EYE BALM BASTÃO,
SIM,,Sólidos P19,Não,15950-0,OXIMAX 200MCG REFIL C/ 30 CAPS,MPR00691,0.0,0.0,0.0,0.0,0.0,0.0,0.0,0.0,0.0,0.0,0.0,0.0,0.0,0.0,SIM,,CQ P30,3.0,0.0,,OXIMAX 200 MCG CÁPSULA DURA,
SIM,,Terceiro,Não,23242-0,PASTILHAS CEPACOL 3MG MEL LIMAO BL X12,MPR01271,0.0,0.0,0.0,0.0,0.0,0.0,0.0,0.0,0.6815846756639093,0.26841532433609055,0.0,0.0,0.95,0.07916666666666666,SIM,,CQ P30,3.0,0.0,,PASTILHAS CEPACOL 3 MG MEL LIMÃO PASTILHA DURA,
SIM,,Terceiro,Não,23244-0,PASTILHAS CEPACOL 3MG MENT/LIM DIET BL12,MPR01269,0.0,0.0,0.0,0.0,0.0,0.0,0.0,0.0,0.0,0.0,0.0,0.0,0.0,0.0,SIM,,CQ P30,3.0,0.0,,CEPACOL 3 MG MENTA LIMÃO DIET PASTILHA DURA,
SIM,,Dermocosméticos P22,Não,20956-0,PIELUS MASCARA/COND BG 200ML OR,MPR00623,0.0,0.0,0.0,0.0,0.0,0.0,0.0,0.0,0.0,0.0,0.0,0.0,0.0,0.0,SIM,,CQ P30,1.0,0.0,,PIELUS MASCARA/CONDICIONADOR EMULSÃO,
SIM,,Líquidos P24,Não,21108-0,PIELUS MX 50MG/ML SOL CAP X 15ML AG,MPR00340,0.0,0.0,0.0,0.0,0.0,0.0,0.0,0.0,0.0,0.0,0.0,0.0,0.0,0.0,SIM,,CQ P30,4.0,0.0,2.5714285714285716,MINOXIDIL 50 MG/ML SOLUÇÃO SPRAY / PIELUS MX 50 MG/ML SOLUÇÃO SPRAY,2.5714285714285716
SIM,,Dermocosméticos P22,Não,19404-1,PIELUS SH FR 200ML,MPR00748,0.0,0.0,0.0,0.0,0.0,0.0,0.0,0.0,0.6815846756639093,0.26841532433609055,0.6901812052254531,0.29785024154589373,1.9380314467713469,0.16150262056427891,SIM,,CQ P30,1.0,1.0,2.5,PIELUS SHAMPOO,2.5
,,Simple Organic,Não,22671-0,PO LACRE UNIVERSAL POTE 14G E-C,Método não encontrado,0.0,0.0,0.0,0.0,0.0,0.0,0.0,0.0,0.0,0.0,0.0,0.0,0.0,0.0,NÃO,,N/A,0x2a,0.0,,Método não encontrado,
SIM,,Sólidos P19,Não,23337-0,POLARMINPRO 120MG CT BL 10 CPRV,MPR00478,0.0,0.0,0.0,0.0,0.0,0.0,2.0,0.0,0.9374778696850964,1.3184906652214916,1.0693411996066864,0.307256038647343,5.632565773160617,0.4693804810967181,SIM,,CQ P30,3.0,1.0,2.5,CLORIDRATO DE FEXOFENADINA 120 MG COMPRIMIDO REVESTIDO / DESRINITE 120 MG COMPRIMIDO REVESTIDO CLONE,2.5
SIM,,Sólidos P19,Não,23338-0,POLARMINPRO 180MG CT BL 10 CPRV,MPR00482,0.0,0.0,0.0,0.0,0.0,1.0,1.0,0.0,0.4687389348425482,0.8965707996707262,0.268023598820059,0.0,3.6333333333333337,0.3027777777777778,SIM,,CQ P30,3.0,1.0,6.0,CLORIDRATO DE FEXOFENADINA 180 MG COMPRIMIDO REVESTIDO / DESRINITE 180 MG COMPRIMIDO REVESTIDO CLONE,6.0
SIM,,Líquidos P24,Não,23349-0,POLARMINPRO SUS ORAL 6MG FR X 60ML,Método não encontrado,0.0,0.0,0.0,0.0,0.0,0.0,0.0,0.0,0.0,0.0,0.0,0.6901812052254531,0.6901812052254531,0.05751510043545443,NÃO,,CQ P30,0x2a,0.0,,Método não encontrado,
SIM,LINHA,Líquidos P24,Não,23273-0,PREDSIM GC SOL GOT 22MG/ML FR 20ML,MPR01321,0.0,0.0,0.0,0.0,3.0,0.0,0.0,0.0,0.0,0.0,1.0352718078381797,0.44677536231884063,4.482047170157021,0.37350393084641836,SIM,,CQ P30,3.0,0.0,,Método não encontrado,
SIM,LINHA,Líquidos P24,Não,23274-0,PREDSIM GC SOL GOT 22MG/ML FR 5ML AG,Método não encontrado,0.0,0.0,0.0,0.0,0.0,0.0,0.0,3.0,0.0,0.0,0.34509060261272656,0.14892512077294687,3.4940157233856737,0.29116797694880614,NÃO,,CQ P30,0x2a,0.0,,Método não encontrado,
SIM,,Líquidos P24,Não,20910-0,"PREDSIM GOTAS 7,5ML AG",MPR00715,0.0,0.0,0.0,0.0,0.0,0.0,0.0,0.0,0.0,0.0,0.0,0.0,0.0,0.0,SIM,,CQ P30,2.0,0.0,,"PREDSIM 11,0 MG/ML SOLUÇÃO GOTAS",
SIM,,BIoage,Sim,23146-0,REFIL PIELUS FORTE SH 200ML,MPR01409,0.0,0.0,0.0,0.0,0.0,0.0,1.0,0.0,0.0,0.0,0.714621252045406,1.0349039655974777,2.7495252176428835,0.2291271014702403,SIM,,CQ P30,0.0,0.0,,REFIL PIELUS FORTE SHAMPOO,
SIM,LINHA,Sólidos P19,Não,12601-1,RENALAPRIL 10MG CT BL ALUXALU 30 CPRV,MPR00436,0.0,0.0,0.0,0.0,0.0,0.0,0.0,0.0,0.23365586976496489,0.32861904597577124,0.32567204663235705,0.10210683974125591,0.990053802114349,0.08250448350952909,SIM,,CQ P30,3.0,1.0,5.428571428571429,Método não encontrado,5.428571428571429
SIM,LINHA,Sólidos P19,Não,12602-1,RENALAPRIL 20MG CT BL ALUXALU 30 CPRV,MPR00437,0.0,0.0,0.0,0.0,0.0,0.0,0.0,0.0,0.46827066417836993,0.6585867458648811,0.6526806526806529,0.20463272637185684,1.9841707890957607,0.16534756575798007,SIM,,CQ P30,3.0,1.0,2.3333333333333335,Método não encontrado,2.3333333333333335
SIM,,Sólidos P19,Não,12600-1,RENALAPRIL 5MG CT BL ALUXALU 30 CPRV,MPR00435,0.0,0.0,0.0,0.0,0.0,0.0,0.0,0.0,0.0,0.09011552965042251,0.2261930116449069,0.2752434096067048,0.5915519509020342,0.049295995908502845,SIM,,CQ P30,3.0,0.0,,Método não encontrado,
,,Bioage,Sim,23562-0,REVILINE PTX FR 30ML,MPR01437,0.0,0.0,0.0,0.0,0.0,0.0,0.0,0.0,0.0,0.0,0.0,0.0,0.0,0.0,SIM,,N/A,0.0,0.0,,REVILINE PEPT-OX,
SIM,,Bioage,Sim,23559-0,REVILINE PTX SCH 2ML AG,MPR01437,0.0,0.0,0.0,0.0,1.0,1.0,1.0,1.0,0.6815846756639093,0.26841532433609055,0.6901812052254531,1.6782126519968,7.3183938572222536,0.6098661547685211,SIM,,CQ P30,0.0,0.0,,REVILINE PEPT-OX,
,,Terceiro,Sim,23235-0,REVILINE RETINOL CREME PT 40G,MPR01333,0.0,0.0,0.0,0.0,0.0,0.0,0.0,0.0,0.0,0.0,0.0,0.0,0.0,0.0,SIM,,N/A,0.0,0.0,,REVILINE RETINOL CREME,
SIM,,Dermocosméticos P22,Não,23603-0,REVILINE RETINOL SERUM FR 30ML AG TRIB,MPR00923,0.0,0.0,0.0,0.0,1.0,1.0,0.0,0.0,0.0,0.0,0.0,0.0,2.0,0.16666666666666666,SIM,,CQ P30,1.0,0.0,2.0,REVILINE RETINOL SERUM,2.0
SIM,LINHA,Efervescentes P35,Não,21797-1,RINOSORO ALTO VOLUME 2 SCH + FR AG,MPR00523,0.0,0.0,0.0,0.0,0.0,0.0,0.0,0.0,1.3631693513278187,2.6073742643485405,2.8500000000000005,0.8935507246376813,7.714094340314041,0.6428411950261701,SIM,,CQ P30,2.0,1.0,3.375,Método não encontrado,3.375
SIM,LINHA,Efervescentes P35,Não,21796-1,RINOSORO ALTO VOLUME 30 SCH,MPR00523,0.0,0.0,0.0,0.0,0.0,0.0,0.0,0.0,2.044754026991728,1.495427178233725,1.6401812052254532,1.2858816883172406,6.466244098768146,0.5388536748973455,SIM,,CQ P30,2.0,1.0,3.375,Método não encontrado,3.375
SIM,LINHA,Efervescentes P35,Não,21795-1,RINOSORO ALTO VOLUME 30 SCH+FR 250ML,MPR00523,0.0,0.0,0.0,0.0,0.0,0.0,0.0,0.0,1.3631693513278187,1.2270118538976342,1.6401812052254532,1.2858816883172406,5.516244098768147,0.45968700823067893,SIM,,CQ P30,2.0,1.0,3.375,Método não encontrado,3.375
SIM,,Líquidos P24,Não,19984-0,RINOSORO XT GTS CT FR PLAST 15ML AG,MPR00446,0.0,0.0,0.0,1.0,0.0,0.0,0.0,0.0,0.0,0.0,0.6901812052254531,0.29785024154589373,1.9880314467713467,0.16566928723094557,SIM,,CQ P30,3.0,0.0,,"RINOSORO XT 9,0 MG/ML SOLUÇÃO NASAL",
SIM,,Terceiro,Não,20479-1,"RINOSORO XT JET 0,9% SPR NASAL 50ML AG",Método não encontrado,0.0,0.0,0.0,0.0,0.0,0.0,0.0,0.0,0.0,0.0,0.0,0.0,0.0,0.0,NÃO,,CQ P30,0x2a,0.0,,Método não encontrado,
SIM,,Efervescentes P35,Sim,21046-0,"RINOSORO XT JET0,9%SPR INF NAS FR50ML AG",EPR00482,0.0,1.0,0.0,0.0,1.0,0.0,1.0,0.0,0.0,0.0,0.0,0.0,3.0,0.25,SIM,,CQ P30,0.0,0.0,,"RINOSORO XT JET 0,9% SPRAY NASAL INFANTIL  ",
SIM,,Sólidos P19,Não,21942-0,RIVNEO 10MG BL X 10 CPRV,MPR00521,0.0,0.0,0.0,0.0,0.0,0.0,0.0,0.0,0.0,0.0,0.0,0.0,0.0,0.0,SIM,,CQ P30,3.0,0.0,3.6666666666666665,VABAM 10 MG COMPRIMIDO REVESTIDO / RIVAROXABANA 10 MG COMPRIMIDO REVESTIDO,3.6666666666666665
SIM,,Sólidos P19,Não,21947-0,RIVNEO 20MG BL X 30 CPRV,MPR00439,0.0,0.0,0.0,0.0,0.0,0.0,0.0,0.0,0.0,0.0,0.0,0.0,0.0,0.0,SIM,,CQ P30,3.0,0.0,5.0,VABAM 20 MG COMPRIMIDO REVESTIDO / RIVAROXABANA 20 MG COMPRIMIDO REVESTIDO / RIVNEO 20 MG COMPRIMIDO REVESTIDO,5.0
SIM,,Terceiro,Sim,22061-0,ROSUVASTATINA CALCICA 10MG C/ 60CPRV,MPR01480,0.0,0.0,1.0,0.0,0.0,0.0,0.0,0.0,0.30254483128200893,0.11914538562016008,0.0,0.16564514570556582,1.587335362607735,0.1322779468839779,SIM,,CQ P30,0.0,0.0,,ROSUVASTATINA CALCICA USP 10 MG COMPRIMIDO REVESTIDO CLONE (MATRIZ ROSUVASTATINA CÁLCICA USP 10 MG COMPRIMIDO REVESTIDO ACCORD),
SIM,,Terceiro,Sim,22059-0,ROSUVASTATINA CALCICA 20MG C/ 60CPRV,EPR00790,0.0,0.0,0.0,0.0,0.0,0.0,0.0,0.0,0.0,0.0,0.0,0.0,0.0,0.0,SIM,,CQ P30,0.0,0.0,,ROSUVASTATINA CÁLCICA 20 MG COMPRIMIDO REVESTIDO CLONE (MATRIZ ROSUVASTATINA CÁLCICA 20 MG COMPRIMIDO REVESTIDO ACCORD),
SIM,,Terceiro,Sim,23593-0,ROSUVASTATINA CALCICA 40MG CT BL 30 CPRV,MPR01384,0.0,0.0,0.0,0.0,0.0,0.0,0.0,0.0,0.0,0.0,0.0,0.0,0.0,0.0,SIM,,CQ P30,0.0,0.0,,ROSUVASTATINA CÁLCICA 40 MG COMPRIMIDO REVESTIDO,
SIM,,Terceiro,Sim,22037-0,ROSUVASTATINA CALCICA 5MG C/ 60CPRV,MPR01479,0.0,0.0,1.0,0.0,0.0,1.0,0.0,0.0,0.0,0.0,0.6578577187807277,0.28390092190016103,2.941758640680889,0.24514655339007407,SIM,,CQ P30,0.0,0.0,,ROSUVASTATINA CÁLCICA 20 MG COMPRIMIDO REVESTIDO CLONE (MATRIZ ROSUVASTATINA CÁLCICA 20 MGCOMPRIMIDO REVESTIDO ACCORD),
SIM,,Terceiro,Não,23555-0,"SEMAVY 1,34MG/ML SOL INJ 1,5ML 1CAN 6AGU",MPR01487,0.0,0.0,0.0,0.0,0.0,0.0,0.0,3.0,0.6815846756639092,0.2684153243360905,0.690181205225453,0.49663515088502186,5.136816356110475,0.42806802967587293,SIM,,CQ P30,4.0,0.0,,"SEMAGLUTIDA 1,34 MG/ML (2 MG/1,5ML) SOLUÇÃO INJETÁVEL",
SIM,,Terceiro,Não,23556-0,"SEMAVY 1,34MG/ML SOL INJ 3,0ML 1CAN 4AGU",MPR01488,0.0,0.0,0.0,0.0,0.0,0.0,0.0,7.0,4.907409664780148,1.932590335219852,1.7254530130636327,2.801930907154706,18.367383920218337,1.5306153266848614,SIM,,CQ P30,4.0,0.0,,"SEMAGLUTIDA 1,34 MG/ML (4 MG/3,0ML) SOLUÇÃO INJETÁVEL",
SIM,,Líquidos P24,Não,13199-0,SENARETI 9MG/G GELEIA OR CT FR 1X250G LP,MPR00921,0.0,0.0,0.0,0.0,0.0,0.0,0.0,0.0,0.0,0.0,0.0,0.0,0.0,0.0,SIM,,CQ P30,2.0,0.0,,SENARETI 9MG/G GELEIA,
,,Simple Organic,Não,22447-0,SERUM CONTROL SKIN CT FR 30ML E-C,Método não encontrado,0.0,0.0,0.0,0.0,0.0,0.0,0.0,0.0,0.0,0.0,0.0,0.0,0.0,0.0,NÃO,,N/A,0x2a,0.0,,Método não encontrado,
,,Simple Organic,Não,22448-0,SERUM LIP CARE CT FR PLAST 5G E-C,Método não encontrado,0.0,0.0,0.0,0.0,0.0,0.0,0.0,0.0,0.0,0.0,0.0,0.0,0.0,0.0,NÃO,,N/A,0x2a,0.0,,Método não encontrado,
,,Simple Organic,Não,22674-0,SERUM SENSITIVE SKIN CT FR 30ML E-C,Método não encontrado,0.0,0.0,0.0,0.0,0.0,0.0,0.0,0.0,0.0,0.0,0.0,0.0,0.0,0.0,NÃO,,N/A,0x2a,0.0,,Método não encontrado,
,,Simple Organic,Sim,22300-0,SERUM TIMELESS SKIN CT FR 30ML,MPR00853,0.0,0.0,0.0,0.0,0.0,0.0,0.0,0.0,0.0,0.0,0.0,0.0,0.0,0.0,SIM,,N/A,0.0,0.0,,SERUM TIMELESS SKIN LÍQUIDO VISCOSO - SUSPENSO,
,,Simple Organic,Não,22449-0,SERUM TIMELESS SKIN CT FR 30ML E-C,Método não encontrado,0.0,0.0,0.0,0.0,0.0,0.0,0.0,0.0,0.0,0.0,0.0,0.0,0.0,0.0,NÃO,,N/A,0x2a,0.0,,Método não encontrado,
,,Simple Organic,Não,22778-0,SHAMPOO SOLIDO DETOX 70G E-C,Método não encontrado,0.0,0.0,0.0,0.0,0.0,0.0,0.0,0.0,0.0,0.0,0.0,0.0,0.0,0.0,NÃO,,N/A,0x2a,0.0,,Método não encontrado,
SIM,,Terceiro,Não,23689-0,SITAGLIP+METFORMI 50MG+1000MG BL 56 CPRV,Método não encontrado,0.0,0.0,0.0,0.0,0.0,0.0,0.0,0.0,5.73250771400709,2.2575227587321613,0.0,0.0,7.990030472739251,0.6658358727282709,NÃO,,CQ P30,0x2a,0.0,,Método não encontrado,
SIM,,Terceiro,Não,23688-0,SITAGLIP+METFORMI 50MG+850MG BL 56 CPRV,Método não encontrado,0.0,0.0,0.0,0.0,0.0,0.0,0.0,0.0,0.0,0.0,0.0,0.0,0.0,0.0,NÃO,,CQ P30,0x2a,0.0,,Método não encontrado,
,,Terceiro,Sim,22302-0,SOLUCAO ACIDO GLICOLICO CT FR 30ML,MPR00856,0.0,0.0,0.0,0.0,0.0,0.0,0.0,0.0,0.0,0.0,0.0,0.0,0.0,0.0,SIM,,N/A,0.0,0.0,,SOLUÇÃO ACIDO GLICOLICO LIQUIDO - SUSPENSO,
,,Terceiro,Sim,22263-0,SOLUCAO GABA CT FR VD 30ML,MPR00824,0.0,0.0,0.0,0.0,0.0,0.0,0.0,0.0,0.0,0.0,0.0,0.0,0.0,0.0,SIM,,N/A,0.0,0.0,,SOLUCAO GABA LÍQUIDO,
,,Simple Organic,Não,22454-0,SOLUCAO GABA CT FR VD 30ML E-C,Método não encontrado,0.0,0.0,0.0,0.0,0.0,0.0,0.0,0.0,0.0,0.0,0.0,0.0,0.0,0.0,NÃO,,N/A,0x2a,0.0,,Método não encontrado,
,,Terceiro,Sim,22260-0,SOLUCAO NIACINAMIDA CT FR 30ML,MPR00819,0.0,0.0,0.0,0.0,0.0,0.0,0.0,0.0,0.0,0.0,0.0,0.0,0.0,0.0,SIM,,N/A,0.0,0.0,,SOLUCAO NIACINAMIDA LÍQUIDO,
,,Terceiro,Sim,22940-0,SOLUCAO OXYRESVERATROL FR 30ML,MPR01110,0.0,0.0,0.0,0.0,0.0,0.0,0.0,0.0,0.0,0.0,0.0,0.0,0.0,0.0,SIM,,N/A,0.0,0.0,,SOLUÇÃO OXYRESVERATROL ,
,,Terceiro,Sim,22303-0,SOLUCAO RETINOL LIKE CT FR 30ML,MPR00858,0.0,0.0,0.0,0.0,0.0,0.0,0.0,0.0,0.0,0.0,0.0,0.0,0.0,0.0,SIM,,N/A,0.0,0.0,,SOLUCAO RETINOL LIKE LÍQUIDO,
,,Terceiro,Sim,22261-0,SOLUCAO VITAMINA C CT FR 30ML,MPR00822,0.0,0.0,0.0,0.0,0.0,0.0,0.0,0.0,0.0,0.0,0.0,0.0,0.0,0.0,SIM,,N/A,0.0,0.0,,SOLUCAO VITAMINA C LÍQUIDO VISCOSO,
SIM,LINHA,Terceiro,Não,21031-0,"TACROZ 0,1% POM CT BG 5G AG",Método não encontrado,0.0,0.0,0.0,0.0,0.0,0.0,0.0,1.0,0.0,0.6901812052254531,0.9500000000000001,0.29785024154589373,2.938031446771347,0.24483595389761226,NÃO,,CQ P30,0x2a,0.0,,Método não encontrado,
SIM,,Sólidos P19,Não,18223-0,TAMARINE CT 4X25X4 CAP N,Método não encontrado,0.0,0.0,0.0,0.0,0.0,0.0,0.0,0.0,0.0,0.0,0.0,0.0,0.0,0.0,NÃO,,CQ P30,0x2a,0.0,,Método não encontrado,
,,Terceiro,Sim,23295-0,TAMARINE GERMINA PO ADULT 5BI 9 SCH LAR,MPR01338,0.0,0.0,0.0,0.0,0.0,0.0,0.0,0.0,0.0,0.0,0.0,0.0,0.0,0.0,SIM,,CQ P37,0.0,0.0,,TAMARINE GERMINA ADULTO STICK - LARANJA,
,,Simple Organic,Não,23676-0,ULTRA SERUM AC HIALU FR 30ML SF,Método não encontrado,0.0,0.0,0.0,0.0,0.0,0.0,0.0,0.0,0.0,0.0,0.0,0.0,0.0,0.0,NÃO,,N/A,0x2a,0.0,,Método não encontrado,
,,Simple Organic,Não,23727-0,ULTRA SERUM AC HIALU SCH 3ML SF AG,Método não encontrado,0.0,0.0,0.0,0.0,0.0,0.0,0.0,0.0,0.0,0.0,0.0,0.0,0.0,0.0,NÃO,,N/A,0x2a,0.0,,Método não encontrado,
,,Simple Organic,Não,23677-0,ULTRA SERUM AC MANDELICO FR 30ML SF,Método não encontrado,0.0,0.0,0.0,0.0,0.0,0.0,0.0,0.0,0.0,0.0,0.0,0.0,0.0,0.0,NÃO,,N/A,0x2a,0.0,,Método não encontrado,
,,Simple Organic,Não,23678-0,ULTRA SERUM AC SALICILICO FR 30ML SF,Método não encontrado,0.0,0.0,0.0,0.0,0.0,0.0,0.0,0.0,0.0,0.0,0.0,0.0,0.0,0.0,NÃO,,N/A,0x2a,0.0,,Método não encontrado,
,,Simple Organic,Não,23724-0,ULTRA SERUM AC SALICILICO SCH 3ML SF AG,Método não encontrado,0.0,0.0,0.0,0.0,0.0,0.0,0.0,0.0,0.0,0.0,0.0,0.0,0.0,0.0,NÃO,,N/A,0x2a,0.0,,Método não encontrado,
,,Simple Organic,Não,23681-0,ULTRA SERUM NIACINAMIDA FR 30ML SF,Método não encontrado,0.0,0.0,0.0,0.0,0.0,0.0,0.0,0.0,0.0,0.0,0.0,0.0,0.0,0.0,NÃO,,N/A,0x2a,0.0,,Método não encontrado,
,,Simple Organic,Não,23725-0,ULTRA SERUM NIACINAMIDA SCH 3ML SF AG,Método não encontrado,0.0,0.0,0.0,0.0,0.0,0.0,0.0,0.0,0.0,0.0,0.0,0.0,0.0,0.0,NÃO,,N/A,0x2a,0.0,,Método não encontrado,
,,Simple Organic,Não,23679-0,ULTRA SERUM RETINOL FR 30ML SF,Método não encontrado,0.0,0.0,0.0,0.0,0.0,0.0,0.0,0.0,0.0,0.0,0.0,0.0,0.0,0.0,NÃO,,N/A,0x2a,0.0,,Método não encontrado,
SIM,,Cosmed P37,Não,23458-0,ACETILCISTEINA 40MG/ML FR 120ML + COP,MPR01372,0.0,0.0,0.0,0.0,0.0,0.0,0.0,0.0,2.7263387026556374,4.5245673234716275,6.130362410450907,2.775132896046709,16.15640133262488,1.34636677771874,SIM,,CQ P30,2.0,0.0,,ACETILCISTEINA 40MG/ML FR 120ML + COP,
SIM,LINHA,Sólidos I,Não,23619-0,"APIXABANA 2,5MG COMP REV BL X20",Método não encontrado,0.0,0.0,0.0,0.0,0.0,0.0,0.0,0.0,0.0,0.1756824886028426,0.06613569321533923,0.0,0.24181818181818182,0.020151515151515153,NÃO,,CQ P30,0x2a,0.0,,Método não encontrado,
SIM,LINHA,Sólidos I,Não,23620-0,"APIXABANA 2,5MG COMP REV X60",Método não encontrado,0.0,0.0,0.0,0.0,0.0,0.0,0.0,0.0,1.0409846134614882,0.40995085809254,1.7694058062290023,1.4537747988902656,4.674116076673297,0.38950967305610806,NÃO,,CQ P30,0x2a,0.0,,Método não encontrado,
SIM,LINHA,Sólidos I,Não,23622-0,APIXABANA 5MG COMP REV BL X60,Método não encontrado,0.0,0.0,0.0,0.0,0.0,0.0,0.0,0.0,0.5725311275576839,0.2254688724423161,0.0,0.0,0.7979999999999999,0.06649999999999999,NÃO,,CQ P30,0x2a,0.0,,Método não encontrado,
SIM,,Sólidos I,Não,23621-0,APIXABANA 5MG COMP REV X20,Método não encontrado,0.0,0.0,0.0,0.0,0.0,0.0,0.0,0.0,0.0,0.0,0.0,0.0,0.0,0.0,NÃO,,CQ P30,0x2a,0.0,,Método não encontrado,
SIM,,Líquidos I,Não,23455-0,ATROVERAN DIP 500MG/ML GTS FR 20ML,MPR00387,0.0,0.0,0.0,0.0,0.0,0.0,0.0,0.0,0.0,0.0,0.0,0.0,0.0,0.0,SIM,,CQ P30,3.0,0.0,4.285714285714286,DIPIRONA 500 MG/ML SOLUÇÃO GOTAS,4.285714285714286
SIM,,Líquidos II,Não,23277-0,C OX+I PO+B SD+GU2+100+20+30/5ML XP120ML,MPR01340,0.0,1.0,0.0,0.0,0.0,0.0,0.0,0.0,0.0,0.0,0.0,0.0,1.0,0.08333333333333333,SIM,,CQ P30,4.0,0.0,,CLORIDRATO DE OXOMEMAZINA + IODETO DE POTÁSSIO + BENZOATO DE SÓDIO + GUAIFENESINA (2+100+20+30/5ML) XAROPE / TOSSEXPEC XAROPE / BENEXPEC XAROPE ,
SIM,,Terceiro,Não,23767-0,DERIVA MICRO GEL CT BG 15G C2 AG,Método não encontrado,0.0,0.0,0.0,0.0,0.0,0.0,0.0,0.0,0.0,0.0,0.0,0.0,0.0,0.0,NÃO,,CQ P30,0x2a,0.0,,Método não encontrado,
SIM,LINHA,Terceiro,Não,23766-0,DERIVA MICRO GEL CT BG 30G C2,Método não encontrado,0.0,0.0,0.0,0.0,0.0,0.0,0.0,0.0,1.3631693513278185,0.536830648672181,0.0,0.0,1.8999999999999995,0.1583333333333333,NÃO,,CQ P30,0x2a,0.0,,Método não encontrado,
SIM,,Terceiro,Sim,22027-0,EPIDRAT MAT SEM COR FPS30 CR SCH 2ML AG,MPR01045,0.0,0.0,0.0,0.0,0.0,0.0,0.0,0.0,0.0,0.0,0.0,0.0,0.0,0.0,SIM,,CQ P30,0.0,0.0,,EPIDRAT MAT SEM COR LOÇÃO,
SIM,,Dermocosméticos,Não,23843-0,Episol Color Edição Especial - Tom 1 (Nova Apresentação),MPR00321,0.0,0.0,0.0,0.0,0.0,0.0,0.0,0.0,1.6815846756639092,0.2684153243360905,0.0,0.690181205225453,2.6401812052254527,0.22001510043545439,SIM,,CQ P30,2.0,0.0,,EPISOL COLOR TOM 1 EXTRA CLARO FPS70 EMULSÃO,
SIM,LINHA,Dermocosméticos,Não,23844-0,Episol Color Edição Especial - Tom 2 (Nova Apresentação),MPR00326,0.0,0.0,0.0,0.0,0.0,0.0,0.0,0.0,2.044754026991728,0.8052459730082717,1.3803624104509062,1.2858816883172406,5.516244098768146,0.4596870082306788,SIM,,CQ P30,2.0,0.0,,Método não encontrado,
SIM,LINHA,Dermocosméticos,Não,23845-0,Episol Color Edição Especial - Tom 3 (Nova Apresentação),MPR00331,0.0,0.0,0.0,0.0,0.0,0.0,0.0,0.0,1.3631693513278187,0.5368306486721811,0.6901812052254531,0.9880314467713469,3.5782126519968,0.2981843876664,SIM,,CQ P30,2.0,0.0,,Método não encontrado,
SIM,,Dermocosméticos,Não,23343-0,EPISOL FPS60 ANTIOX BG 40ML,MPR00009,0.0,0.0,0.0,0.0,0.0,0.0,0.0,0.0,0.0,0.0,0.0,0.0,0.0,0.0,SIM,,CQ P30,2.0,0.0,,EPISOL FPS 60 ANTIOX EMULSÃO,
SIM,,Dermocosméticos,Não,23342-0,EPISOL SEC OC FPS 99 BG 40ML,MPR00160,0.0,0.0,0.0,0.0,0.0,0.0,0.0,0.0,0.0,0.0,0.0,0.0,0.0,0.0,SIM,,CQ P30,2.0,0.0,,EPISOL SEC OC FPS 99 EMULSÃO,
SIM,,Terceiro,Não,20928-1,GLYCARE NIGHT SERUM SCH C/ 2ML AG,MPR00392,0.0,0.0,0.0,0.0,0.0,0.0,0.0,0.0,0.0,0.869628318584071,0.3273716814159292,0.0,1.197,0.09975,SIM,,CQ P30,1.0,0.0,,GLYCARE NIGHT SERUM EMULSÃO,
SIM,,Líquidos I,Não,23456-0,LISADOR DIP 500MG/ML SOL OR FR 10ML AG,MPR00387,0.0,0.0,0.0,0.0,0.0,3.0,0.0,0.0,0.0,0.0,0.0,0.0,3.0,0.25,SIM,,CQ P30,3.0,0.0,4.285714285714286,DIPIRONA 500 MG/ML SOLUÇÃO GOTAS,4.285714285714286
SIM,,Líquidos I,Não,23454-0,LISADOR DIP 500MG/ML SOL OR FR 20ML,MPR00387,0.0,0.0,0.0,0.0,0.0,2.0,0.0,0.0,0.3493156394341479,0.49128563425663374,0.1331584639065944,0.35372140489209364,3.32748114248947,0.27729009520745584,SIM,,CQ P30,3.0,1.0,4.285714285714286,DIPIRONA 500 MG/ML SOLUÇÃO GOTAS,4.285714285714286
SIM,LINHA,Terceiro,Não,23840-0,ROSUVASTATINA CALCICA 10MG C/ 30CPRV,Método não encontrado,0.0,0.0,0.0,0.0,0.0,0.0,0.0,0.0,0.46169648840633076,0.18182100787360966,0.4600324588758528,0.19852870225633754,1.3020786574121308,0.10850655478434423,NÃO,,CQ P30,0x2a,0.0,,Método não encontrado,
SIM,LINHA,Terceiro,Não,23901-0,ROSUVASTATINA CALCICA 20MG C/ 30CPRV,Método não encontrado,0.0,0.0,0.0,0.0,0.0,0.0,0.0,0.0,0.0,0.0,0.0,0.0,0.0,0.0,NÃO,,CQ P30,0x2a,0.0,,Método não encontrado,
SIM,LINHA,Terceiro,Não,23902-0,ROSUVASTATINA CALCICA 40MG CT BL 30 CPRV,Método não encontrado,0.0,0.0,0.0,0.0,0.0,0.0,0.0,0.0,0.0,0.0,37.27351243341781,16.085521595637825,53.359034029055636,4.446586169087969,NÃO,,CQ P30,0x2a,0.0,,Método não encontrado,
SIM,,Sólidos II,Não,19231-0,ZITRONEO 500MG COMP REV CT BL 1X5,MPR00201,0.0,0.0,0.0,0.0,0.0,1.0,0.0,0.0,0.0,0.0,0.0,0.0,1.0,0.08333333333333333,SIM,,CQ P30,3.0,0.0,6.5,AZITROMICINA DI-HIDRATADA 500 MG COMPRIMIDO REVESTIDO,6.5
,,Simple Organic,Não,23726-0,ULTRA SERUM RETINOL SCH 3ML SF AG,Método não encontrado,0.0,0.0,0.0,0.0,0.0,0.0,0.0,0.0,0.0,0.0,0.0,0.0,0.0,0.0,NÃO,,N/A,0x2a,0.0,,Método não encontrado,
,,Simple Organic,Não,23680-0,ULTRA SERUM VIT C FR 30ML SF,Método não encontrado,0.0,0.0,0.0,0.0,0.0,0.0,0.0,0.0,0.0,0.0,0.0,0.0,0.0,0.0,NÃO,,N/A,0x2a,0.0,,Método não encontrado,
,,Simple Organic,Não,23723-0,ULTRA SERUM VIT C SCH 3ML SF AG,Método não encontrado,0.0,0.0,0.0,0.0,0.0,0.0,0.0,0.0,0.0,0.0,0.0,0.0,0.0,0.0,NÃO,,N/A,0x2a,0.0,,Método não encontrado,
SIM,,Terceiro,Não,23220-0,UNDEC TESTOST 250MG/ML SOL INJ FAX4ML C5,MPR01273,0.0,0.0,1.0,0.0,0.0,0.0,0.0,2.0,2.0,0.24806487873773947,0.34144893111638963,0.3551181909573225,5.944632000811453,0.49538600006762107,SIM,,CQ P30,3.0,0.0,,UNDECILATO DE TESTOSTERONA 250 MG/ML SOLUÇÃO INJETÁVEL / TEZDRO 250 MG/ML SOLUÇÃO INJETÁVEL,
SIM,,Dermocosméticos P22,Não,20624-0,URBY MEN HIDRATANTE POS BARBA BG 60ML OR,MPR00910,0.0,0.0,0.0,0.0,0.0,0.0,0.0,0.0,0.0,0.0,0.0,0.0,0.0,0.0,SIM,,CQ P30,1.0,0.0,,URBY MEN HIDRATANTE POS BARBA,
SIM,,Dermocosméticos P22,Não,20618-1,URBY MEN LOC 3EM1 FPS30 BG 60ML OR,MPR01140,0.0,0.0,0.0,0.0,0.0,0.0,0.0,0.0,0.0,0.0,0.0,0.0,0.0,0.0,SIM,,CQ P30,3.0,0.0,,URBY MEN LOC 3EM1 FPS30 EMULSÃO,
SIM,,Dermocosméticos P22,Não,20620-1,URBY MEN LOC 3EM1 FPS30 SCH 2ML AG,MPR01140,0.0,0.0,0.0,0.0,0.0,0.0,0.0,0.0,0.0,0.0,0.0,0.0,0.0,0.0,SIM,,CQ P30,3.0,0.0,,URBY MEN LOC 3EM1 FPS30 EMULSÃO,
SIM,,Dermocosméticos P22,Não,20892-0,URBY MEN REJUVENESCEDOR BG 40G OR,MPR00490,0.0,0.0,0.0,0.0,0.0,0.0,0.0,0.0,0.0,0.0,0.0,0.0,0.0,0.0,SIM,,CQ P30,1.0,0.0,,URBY MEN REJUVENESCEDOR GEL,
SIM,,Dermocosméticos P22,Não,20621-0,URBY MEN SAB LIQ CORPO ROSTO BG 150ML OR,MPR00353,0.0,0.0,0.0,0.0,0.0,0.0,0.0,0.0,0.0,0.0,0.0,0.0,0.0,0.0,SIM,,CQ P30,1.0,0.0,,URBY MEN SABONETE LÍQUIDO CORPO E ROSTO,
SIM,,Dermocosméticos P22,Não,20801-0,URBY MEN SHAMPOO USO DIARIO BG 200ML,MPR00911,0.0,0.0,0.0,0.0,0.0,0.0,0.0,0.0,0.0,0.0,0.0,0.0,0.0,0.0,SIM,,CQ P30,1.0,0.0,,URBY MEN SHAMPOO USO DIÁRIO LÍQUIDO VISCOSO,
SIM,,Sólidos P19,Não,21882-0,VABAM 15MG CPRV BL X 15,MPR00440,0.0,0.0,0.0,0.0,0.0,0.0,0.0,0.0,0.0,0.0,0.0,0.0,0.0,0.0,SIM,,CQ P30,3.0,0.0,4.25,VABAM 15 MG COMPRIMIDO REVESTIDO / RIVAROXABANA 15 MG COMPRIMIDO REVESTIDO / RIVNEO 15 MG COMPRIMIDO REVESTIDO,4.25
,,Terceiro,Sim,21720-0,VENALOT CPRV LIB PROL X 5 AG F4,EPR00577,0.0,0.0,0.0,0.0,0.0,0.0,0.0,0.0,0.0,0.0,0.0,0.0,0.0,0.0,SIM,,N/A,0.0,0.0,,VENALOT COMPRIMIDO REVESTIDO LIBERAÇÃO PROLONGADA,
SIM,LINHA,Efervescentes P35,Não,23715-0,VENALOT CREM DERM FR 200ML,Método não encontrado,0.0,0.0,0.0,0.0,0.0,0.0,0.0,0.0,5.83896251014939,8.21205258615462,8.13840830449827,8.464214033167757,30.653637433970037,2.55446978616417,NÃO,,CQ P30,0x2a,0.0,,Método não encontrado,
,,Terceiro,Não,23751-0,VENALOT CREM DERM SCH 7ML AG,Método não encontrado,0.0,0.0,0.0,0.0,0.0,0.0,0.0,0.0,0.0,0.0,0.0,0.0,0.0,0.0,NÃO,,N/A,0x2a,0.0,,Método não encontrado,
SIM,,Terceiro,Sim,22398-0,VILDAGLIPTINA NQ 50MG BL X60 CPR,MPR01423,0.0,0.0,0.0,0.0,0.0,0.0,0.0,1.0,0.0,0.0,0.0,0.0,1.0,0.08333333333333333,SIM,,CQ P30,0.0,0.0,,VILDAGLIPTINA 50 MG COMPRIMIDO (MATRIZ VILDAGLIPTINA 50 MG COMPRIMIDO ALTHAIA),
SIM,,Terceiro,Sim,23256-0,EPISOL COLOR PO FPS 50 TOM 1 REF 3X10G,MPR01344,0.0,0.0,0.0,0.0,0.0,0.0,0.0,0.0,0.0,0.0,0.0,0.0,0.0,0.0,SIM,,CQ P30,0.0,0.0,,EPISOL COLOR PÓ FPS 50 TOM 1,
SIM,,Terceiro,Sim,23258-0,EPISOL COLOR PO FPS 50 TOM 2 REF 3X10G,MPR01345,0.0,0.0,0.0,0.0,0.0,0.0,0.0,0.0,0.0,0.0,0.0,0.0,0.0,0.0,SIM,,CQ P30,0.0,0.0,,EPISOL COLOR PÓ FPS 50 TOM 2,
SIM,,Terceiro,Sim,23260-0,EPISOL COLOR PO FPS 50 TOM 3 REF 3X10G,MPR01350,0.0,0.0,0.0,0.0,0.0,0.0,0.0,0.0,0.0,0.0,0.0,0.0,0.0,0.0,SIM,,CQ P30,0.0,0.0,,EPISOL COLOR PÓ FPS 50 TOM 3,
SIM,,Terceiro,Sim,23262-0,EPISOL COLOR PO FPS 50 TOM 4 REF 3X10G,MPR01347,0.0,0.0,0.0,0.0,0.0,0.0,0.0,0.0,0.0,0.0,0.0,0.0,0.0,0.0,SIM,,CQ P30,0.0,0.0,,EPISOL COLOR PÓ FPS 50 TOM 4,
SIM,,Dermocosméticos P22,Não,23572-0,EPISOL CLARIFY FPS 60 MED ESC BG 40ML,Método não encontrado,0.0,0.0,0.0,0.0,0.0,0.0,0.0,0.0,0.0,0.0,0.0,0.0,0.0,0.0,NÃO,,CQ P30,0x2a,0.0,,Método não encontrado,
SIM,PROJETO,Sólidos P01,Sim,PRNESINA_1,NESINA 25MG CT BL 10 CPRV AG,EPR00558,0.0,0.0,0.0,0.0,0.0,0.0,0.0,0.0,0.0,3.0171816266329543,4.958913695743785,5.465701126623793,13.441796449000533,1.1201497040833777,SIM,,CQ P30,0.0,0.0,,,
,,,Não,23703-0,SEMAVY NUTRI PROTEINA CHOCOLATE SACHÊ,MPR01438,0.0,0.0,0.0,0.0,0.0,0.0,0.0,0.0,0.0,0.0,0.0,0.0,0.0,0.0,SIM,,CQ P37,1.0,0.0,,,
SIM,LINHA,Efervescentes P35,Não,19570-0,ESTOMAZIL SEM SABOR PO EF ENV 12X50X5G,MPR00191,0.0,0.0,0.0,0.0,0.0,0.0,0.0,0.0,0.0,0.0,0.0,0.0,0.0,0.0,SIM,,CQ P30,2.0,0.0,2.0,,2.0
,,,Não,23589-0,ADDERA+FLEX COMPRIMIDO REVESTIDO,MPR01433,0.0,0.0,0.0,0.0,0.0,0.0,0.0,0.0,0.0,0.0,0.0,0.0,0.0,0.0,NÃO,,CQ P37,0x2a,0.0,,,
SIM,,,Não,15959-0,PRATIUM 140MG/ML SUSP GTS 1X15ML,MPR01001,0.0,0.0,0.0,0.0,0.0,0.0,0.0,0.0,0.0,0.0,0.0,0.0,0.0,0.0,SIM,,CQ P30,4.0,0.0,3.5,,3.5
SIM,,Semissólidos P01,Não,23385-0,"ADACNE PEROX 1+25MG/G GEL BG 7,5G.",MPR01352,0.0,0.0,0.0,0.0,0.0,0.0,0.0,1.0,0.0,0.0,0.0,0.0,1.0,0.08333333333333333,SIM,,CQ P30,3.0,0.0,,"ADAPALENO 1,0 MG/G + PERÓXIDO DE BENZOÍLA 25,0 MG/G GEL / ADACNE PEROX 1+25MG/G GEL",
